count,scenario,solver,run,sample,gpu_ms,cpu_submit_ms
131072,staggered_driven,support4_linked,1,0,13.863936,0.1983
131072,staggered_driven,support4_linked,1,1,12.53888,0.0277
131072,staggered_driven,support4_linked,1,2,15.982592,0.0485
131072,staggered_driven,support4_linked,1,3,13.862912,0.0192
131072,staggered_driven,support4_linked,1,4,15.963136,0.0195
131072,staggered_driven,support4_linked,1,5,12.529664,0.018
131072,staggered_driven,support4_linked,1,6,14.455808,0.0215
131072,staggered_driven,support4_linked,1,7,13.759488,0.0201
131072,staggered_driven,support4_linked,1,8,13.851648,0.019
131072,staggered_driven,support4_linked,1,9,15.753216,0.0189
131072,staggered_driven,support4_linked,1,10,12.507136,0.0311
131072,staggered_driven,support4_linked,1,11,12.81536,0.0525
131072,staggered_driven,support4_linked,1,12,12.432384,0.0395
131072,staggered_driven,support4_linked,1,13,12.5952,0.0336
131072,staggered_driven,support4_linked,1,14,15.725568,0.0195
131072,staggered_driven,support4_linked,1,15,13.868032,0.0501
131072,staggered_driven,support4_linked,1,16,16.001024,0.0154
131072,staggered_driven,support4_linked,1,17,12.434432,0.014
131072,staggered_driven,support4_linked,1,18,14.444544,0.0152
131072,staggered_driven,support4_linked,1,19,12.493824,0.0149
131072,staggered_driven,support4_linked,1,20,12.593152,0.0633
131072,staggered_driven,support4_linked,1,21,14.169088,0.0137
131072,staggered_driven,support4_linked,1,22,13.91104,0.0154
131072,staggered_driven,support4_linked,1,23,15.809536,0.0242
131072,staggered_driven,support4_linked,1,24,12.534784,0.025
131072,staggered_driven,support4_linked,1,25,12.546048,0.0264
131072,staggered_driven,support4_linked,1,26,15.809536,0.0267
131072,staggered_driven,support4_linked,1,27,12.532736,0.0192
131072,staggered_driven,support4_linked,1,28,12.79488,0.0234
131072,staggered_driven,support4_linked,1,29,13.860864,0.0226
131072,staggered_driven,support4_linked,1,30,17.255424,0.0126
131072,staggered_driven,support4_linked,1,31,12.470272,0.0137
131072,staggered_driven,support4_linked,1,32,12.704768,0.0136
131072,staggered_driven,support4_linked,1,33,14.385152,0.0135
131072,staggered_driven,support4_linked,1,34,13.899776,0.0138
131072,staggered_driven,support4_linked,1,35,15.961088,0.0341
131072,staggered_driven,support4_linked,1,36,12.48256,0.0198
131072,staggered_driven,support4_linked,1,37,12.505088,0.022
131072,staggered_driven,support4_linked,1,38,15.847424,0.0214
131072,staggered_driven,support4_linked,1,39,13.945856,0.0562
131072,staggered_driven,support4_linked,2,0,12.630016,0.3512
131072,staggered_driven,support4_linked,2,1,12.537856,0.0277
131072,staggered_driven,support4_linked,2,2,15.927296,0.0125
131072,staggered_driven,support4_linked,2,3,15.501312,0.0284
131072,staggered_driven,support4_linked,2,4,14.221312,0.0485
131072,staggered_driven,support4_linked,2,5,12.669952,0.0211
131072,staggered_driven,support4_linked,2,6,12.548096,0.0125
131072,staggered_driven,support4_linked,2,7,15.793152,0.0122
131072,staggered_driven,support4_linked,2,8,15.521792,0.0119
131072,staggered_driven,support4_linked,2,9,14.276608,0.0132
131072,staggered_driven,support4_linked,2,10,12.614656,0.011
131072,staggered_driven,support4_linked,2,11,14.707712,0.0122
131072,staggered_driven,support4_linked,2,12,13.922304,0.0337
131072,staggered_driven,support4_linked,2,13,15.780864,0.041
131072,staggered_driven,support4_linked,2,14,14.288896,0.0276
131072,staggered_driven,support4_linked,2,15,12.46208,0.0304
131072,staggered_driven,support4_linked,2,16,12.919808,0.0245
131072,staggered_driven,support4_linked,2,17,12.618752,0.0379
131072,staggered_driven,support4_linked,2,18,14.405632,0.0268
131072,staggered_driven,support4_linked,2,19,14.132224,0.0258
131072,staggered_driven,support4_linked,2,20,15.52896,0.0221
131072,staggered_driven,support4_linked,2,21,16.123904,0.0294
131072,staggered_driven,support4_linked,2,22,14.0288,0.0281
131072,staggered_driven,support4_linked,2,23,16.064512,0.0289
131072,staggered_driven,support4_linked,2,24,12.553216,0.0194
131072,staggered_driven,support4_linked,2,25,14.454784,0.0272
131072,staggered_driven,support4_linked,2,26,12.280832,0.0128
131072,staggered_driven,support4_linked,2,27,12.536832,0.0197
131072,staggered_driven,support4_linked,2,28,14.482432,0.0206
131072,staggered_driven,support4_linked,2,29,13.974528,0.0121
131072,staggered_driven,support4_linked,2,30,14.88896,0.012
131072,staggered_driven,support4_linked,2,31,13.847552,0.0117
131072,staggered_driven,support4_linked,2,32,15.700992,0.0118
131072,staggered_driven,support4_linked,2,33,14.319616,0.0127
131072,staggered_driven,support4_linked,2,34,12.593152,0.0119
131072,staggered_driven,support4_linked,2,35,14.456832,0.0114
131072,staggered_driven,support4_linked,2,36,13.973504,0.0103
131072,staggered_driven,support4_linked,2,37,16.129024,0.0131
131072,staggered_driven,support4_linked,2,38,12.550144,0.0118
131072,staggered_driven,support4_linked,2,39,12.596224,0.0122
131072,staggered_driven,support4_linked,3,0,12.557312,0.07
131072,staggered_driven,support4_linked,3,1,13.850624,0.012
131072,staggered_driven,support4_linked,3,2,15.99488,0.0105
131072,staggered_driven,support4_linked,3,3,12.592128,0.0097
131072,staggered_driven,support4_linked,3,4,12.928,0.0095
131072,staggered_driven,support4_linked,3,5,13.898752,0.0092
131072,staggered_driven,support4_linked,3,6,17.214464,0.014
131072,staggered_driven,support4_linked,3,7,12.578816,0.0152
131072,staggered_driven,support4_linked,3,8,12.577792,0.0167
131072,staggered_driven,support4_linked,3,9,14.429184,0.04
131072,staggered_driven,support4_linked,3,10,13.915136,0.0104
131072,staggered_driven,support4_linked,3,11,14.625792,0.01
131072,staggered_driven,support4_linked,3,12,13.904896,0.0084
131072,staggered_driven,support4_linked,3,13,15.649792,0.0091
131072,staggered_driven,support4_linked,3,14,14.29504,0.0091
131072,staggered_driven,support4_linked,3,15,12.623872,0.0091
131072,staggered_driven,support4_linked,3,16,12.966912,0.0095
131072,staggered_driven,support4_linked,3,17,15.644672,0.0092
131072,staggered_driven,support4_linked,3,18,15.941632,0.0134
131072,staggered_driven,support4_linked,3,19,14.01344,0.008
131072,staggered_driven,support4_linked,3,20,17.308672,0.0217
131072,staggered_driven,support4_linked,3,21,12.635136,0.022
131072,staggered_driven,support4_linked,3,22,12.83072,0.0262
131072,staggered_driven,support4_linked,3,23,14.260224,0.0345
131072,staggered_driven,support4_linked,3,24,12.519424,0.0104
131072,staggered_driven,support4_linked,3,25,14.237696,0.0152
131072,staggered_driven,support4_linked,3,26,12.546048,0.0107
131072,staggered_driven,support4_linked,3,27,15.5136,0.0188
131072,staggered_driven,support4_linked,3,28,16.110592,0.0097
131072,staggered_driven,support4_linked,3,29,12.5696,0.0113
131072,staggered_driven,support4_linked,3,30,12.914688,0.0429
131072,staggered_driven,support4_linked,3,31,13.867008,0.0151
131072,staggered_driven,support4_linked,3,32,17.537024,0.0109
131072,staggered_driven,support4_linked,3,33,12.589056,0.0271
131072,staggered_driven,support4_linked,3,34,12.535808,0.0194
131072,staggered_driven,support4_linked,3,35,14.319616,0.0236
131072,staggered_driven,support4_linked,3,36,12.490752,0.0153
131072,staggered_driven,support4_linked,3,37,14.16192,0.0092
131072,staggered_driven,support4_linked,3,38,14.472192,0.0177
131072,staggered_driven,support4_linked,3,39,13.99296,0.0095
