count,scenario,index,run,sample,gpu_ms,cpu_submit_ms,effective,moving,overlap_max,terrain_penetration_max,nonfinite
65,aligned_stack,linked,1,0,6.71744,0.2127,65,0,0.0,0.0,0
65,aligned_stack,linked,1,1,1.503232,0.3182,65,0,0.0,0.0,0
65,aligned_stack,linked,1,2,1.490944,0.3691,65,0,0.0,0.0,0
65,aligned_stack,exact_ranges,1,0,1.246208,0.2965,65,0,0.0,0.0,0
65,aligned_stack,exact_ranges,1,1,2.666496,0.5269,65,0,0.0,0.0,0
65,aligned_stack,exact_ranges,1,2,1.26976,0.3525,65,0,0.0,0.0,0
65,aligned_stack,bounded_linked,1,0,0.664576,0.2547,65,0,0.0,0.0,0
65,aligned_stack,bounded_linked,1,1,0.676864,0.2536,65,0,0.0,0.0,0
65,aligned_stack,bounded_linked,1,2,0.67072,0.2187,65,0,0.0,0.0,0
65,staggered_stack,linked,1,0,0.625664,0.1858,65,0,0.0,0.0,0
65,staggered_stack,linked,1,1,0.649216,0.1962,65,0,0.0,0.0,0
65,staggered_stack,linked,1,2,0.651264,0.1886,65,0,0.0,0.0,0
65,staggered_stack,exact_ranges,1,0,1.093632,0.3516,65,0,0.0,0.0,0
65,staggered_stack,exact_ranges,1,1,1.061888,0.3258,65,0,0.0,0.0,0
65,staggered_stack,exact_ranges,1,2,1.302528,0.3409,65,0,0.0,0.0,0
65,staggered_stack,bounded_linked,1,0,0.615424,0.2123,65,0,0.0,0.0,0
65,staggered_stack,bounded_linked,1,1,0.620544,0.1964,65,0,0.0,0.0,0
65,staggered_stack,bounded_linked,1,2,0.622592,0.1889,65,0,0.0,0.0,0
65,continuous_force,linked,1,0,0.653312,0.1863,65,65,0.0,0.0,0
65,continuous_force,linked,1,1,0.678912,0.1857,65,65,0.0,0.0,0
65,continuous_force,linked,1,2,0.666624,0.1956,65,65,0.0,0.0,0
65,continuous_force,exact_ranges,1,0,1.056768,0.3096,65,65,0.0,0.0,0
65,continuous_force,exact_ranges,1,1,1.110016,0.3217,65,65,0.0,0.0,0
65,continuous_force,exact_ranges,1,2,1.103872,0.3176,65,65,0.0,0.0,0
65,continuous_force,bounded_linked,1,0,0.663552,0.2166,65,65,0.0,0.0,0
65,continuous_force,bounded_linked,1,1,0.687104,0.191,65,65,0.0,0.0,0
65,continuous_force,bounded_linked,1,2,0.681984,0.1798,65,65,0.0,0.0,0
65,fast_vs_stationary,linked,1,0,0.594944,0.1605,65,65,0.0,0.0,0
65,fast_vs_stationary,linked,1,1,0.659456,0.2359,65,65,0.0,0.0,0
65,fast_vs_stationary,linked,1,2,0.636928,0.183,65,65,0.0,0.0,0
65,fast_vs_stationary,exact_ranges,1,0,0.97792,0.2695,65,65,0.0,0.0,0
65,fast_vs_stationary,exact_ranges,1,1,0.9984,0.4052,65,65,0.0,0.0,0
65,fast_vs_stationary,exact_ranges,1,2,0.97792,0.3145,65,65,0.0,0.0,0
65,fast_vs_stationary,bounded_linked,1,0,0.607232,0.1883,65,65,0.0,0.0,0
65,fast_vs_stationary,bounded_linked,1,1,0.663552,0.2388,65,65,0.0,0.0,0
65,fast_vs_stationary,bounded_linked,1,2,0.632832,0.2063,65,65,0.0,0.0,0
65,moving_platform,linked,1,0,0.303104,0.2544,65,65,0.0,0.0,0
65,moving_platform,linked,1,1,0.32256,0.3605,65,65,0.0,0.0,0
65,moving_platform,linked,1,2,0.288768,0.2776,65,65,0.0,0.0,0
65,moving_platform,exact_ranges,1,0,0.625664,0.3647,65,65,0.0,0.0,0
65,moving_platform,exact_ranges,1,1,0.641024,0.3863,65,65,0.0,0.0,0
65,moving_platform,exact_ranges,1,2,0.628736,0.3258,65,65,0.0,0.0,0
65,moving_platform,bounded_linked,1,0,0.304128,0.2333,65,65,0.0,0.0,0
65,moving_platform,bounded_linked,1,1,0.313344,0.2322,65,65,0.0,0.0,0
65,moving_platform,bounded_linked,1,2,0.303104,0.238,65,65,0.0,0.0,0
