count,scenario,index,run,gpu_p50_ms,gpu_p95_ms,cpu_submit_p50_ms,cpu_submit_p95_ms,gpu_buffer_bytes,index_extra_bytes,min_effective,overlap_max,terrain_penetration_max,nonfinite,quality_pass
10000,aligned_stack,linked,1,1.692672,1.870848,0.1609,0.2253,13278640,0,10000,0.0,0.0,0,1
10000,aligned_stack,exact_ranges,1,1.90976,2.075648,0.2721,0.3632,13884996,606356,10000,0.0,0.0,0,1
10000,aligned_stack,bounded_linked,1,1.721344,2.079744,0.1812,0.2339,13409712,131072,10000,0.0,0.0,0,1
10000,aligned_stack,exact_ranges,2,1.911808,2.1504,0.2748,0.324,13884996,606356,10000,0.0,0.0,0,1
10000,aligned_stack,bounded_linked,2,1.709056,1.888256,0.1506,0.2043,13409712,131072,10000,0.0,0.0,0,1
10000,aligned_stack,linked,2,1.691648,1.893376,0.1449,0.1871,13278640,0,10000,0.0,0.0,0,1
10000,aligned_stack,bounded_linked,3,1.708032,1.898496,0.1505,0.1826,13409712,131072,10000,0.0,0.0,0,1
10000,aligned_stack,linked,3,1.698816,1.933312,0.1488,0.1903,13278640,0,10000,0.0,0.0,0,1
10000,aligned_stack,exact_ranges,3,1.90976,2.085888,0.2612,0.2985,13884996,606356,10000,0.0,0.0,0,1
10000,staggered_stack,linked,1,1.712128,2.050048,0.173,0.3122,13278640,0,10000,0.0,0.0,0,1
10000,staggered_stack,exact_ranges,1,1.917952,2.12992,0.2811,0.3457,13884996,606356,10000,0.0,0.0,0,1
10000,staggered_stack,bounded_linked,1,1.724416,1.913856,0.1607,0.2022,13409712,131072,10000,0.0,0.0,0,1
10000,staggered_stack,exact_ranges,2,1.91488,2.110464,0.2667,0.3238,13884996,606356,10000,0.0,0.0,0,1
10000,staggered_stack,bounded_linked,2,1.726464,1.938432,0.1516,0.1912,13409712,131072,10000,0.0,0.0,0,1
10000,staggered_stack,linked,2,1.709056,1.978368,0.1453,0.1825,13278640,0,10000,0.0,0.0,0,1
10000,staggered_stack,bounded_linked,3,1.722368,1.953792,0.1485,0.1887,13409712,131072,10000,0.0,0.0,0,1
10000,staggered_stack,linked,3,1.70496,1.88416,0.1411,0.1822,13278640,0,10000,0.0,0.0,0,1
10000,staggered_stack,exact_ranges,3,1.912832,2.10944,0.2619,0.3029,13884996,606356,10000,0.0,0.0,0,1
10000,continuous_force,linked,1,1.753088,1.933312,0.1389,0.1676,13278640,0,10000,0.0,0.0,0,1
10000,continuous_force,exact_ranges,1,2.003968,2.189312,0.267,0.2958,13884996,606356,10000,0.0,0.0,0,1
10000,continuous_force,bounded_linked,1,1.77664,1.933312,0.1517,0.1685,13409712,131072,10000,0.0,0.0,0,1
10000,continuous_force,exact_ranges,2,2.00192,2.149376,0.2652,0.3193,13884996,606356,10000,0.0,0.0,0,1
10000,continuous_force,bounded_linked,2,1.775616,1.921024,0.1434,0.1903,13409712,131072,10000,0.0,0.0,0,1
10000,continuous_force,linked,2,1.754112,1.902592,0.1348,0.1825,13278640,0,10000,0.0,0.0,0,1
10000,continuous_force,bounded_linked,3,1.775616,1.901568,0.1369,0.1848,13409712,131072,10000,0.0,0.0,0,1
10000,continuous_force,linked,3,1.753088,1.92512,0.132,0.1727,13278640,0,10000,0.0,0.0,0,1
10000,continuous_force,exact_ranges,3,2.004992,2.21696,0.2586,0.335,13884996,606356,10000,0.0,0.0,0,1
10000,fast_vs_stationary,linked,1,1.446912,1.651712,0.1385,0.1695,13278640,0,10000,0.0,0.0,0,1
10000,fast_vs_stationary,exact_ranges,1,1.912832,2.076672,0.2483,0.2997,13884996,606356,10000,0.0,0.0,0,1
10000,fast_vs_stationary,bounded_linked,1,1.455104,1.47968,0.147,0.166,13409712,131072,10000,0.0,0.0,0,1
10000,fast_vs_stationary,exact_ranges,2,1.923072,2.139136,0.2648,0.3344,13884996,606356,10000,0.0,0.0,0,1
10000,fast_vs_stationary,bounded_linked,2,1.453056,1.463296,0.1445,0.1615,13409712,131072,10000,0.0,0.0,0,1
10000,fast_vs_stationary,linked,2,1.446912,1.460224,0.1393,0.1765,13278640,0,10000,0.0,0.0,0,1
10000,fast_vs_stationary,bounded_linked,3,1.46432,1.667072,0.1521,0.1754,13409712,131072,10000,0.0,0.0,0,1
10000,fast_vs_stationary,linked,3,1.449984,1.644544,0.1485,0.178,13278640,0,10000,0.0,0.0,0,1
10000,fast_vs_stationary,exact_ranges,3,1.915904,2.076672,0.2623,0.3298,13884996,606356,10000,0.0,0.0,0,1
10000,moving_platform,linked,1,1.063936,1.11104,0.1998,0.2711,13438640,0,10000,0.0,0.0,0,1
10000,moving_platform,exact_ranges,1,1.298432,1.62304,0.3287,0.4081,14044996,606356,10000,0.0,0.0,0,1
10000,moving_platform,bounded_linked,1,1.09056,1.138688,0.1801,0.2209,13569712,131072,10000,0.0,0.0,0,1
10000,moving_platform,exact_ranges,2,1.29536,1.60768,0.2881,0.3347,14044996,606356,10000,0.0,0.0,0,1
10000,moving_platform,bounded_linked,2,1.093632,1.29024,0.1721,0.2185,13569712,131072,10000,0.0,0.0,0,1
10000,moving_platform,linked,2,1.063936,1.114112,0.1619,0.1822,13438640,0,10000,0.0,0.0,0,1
10000,moving_platform,bounded_linked,3,1.09056,1.24928,0.1699,0.2047,13569712,131072,10000,0.0,0.0,0,1
10000,moving_platform,linked,3,1.065984,1.262592,0.1658,0.1987,13438640,0,10000,0.0,0.0,0,1
10000,moving_platform,exact_ranges,3,1.296384,1.36704,0.2866,0.355,14044996,606356,10000,0.0,0.0,0,1
65536,aligned_stack,linked,1,5.421056,5.6832,0.1598,0.2187,86065264,0,65536,0.0,0.0,0,1
65536,aligned_stack,exact_ranges,1,7.27552,7.92576,0.3013,0.4475,88694964,2629700,65536,0.0,0.0,0,1
65536,aligned_stack,bounded_linked,1,5.4784,5.75488,0.1517,0.2133,86589552,524288,65536,0.0,0.0,0,1
65536,aligned_stack,exact_ranges,2,7.175168,7.387136,0.2657,0.3941,88694964,2629700,65536,0.0,0.0,0,1
65536,aligned_stack,bounded_linked,2,5.487616,5.76512,0.1487,0.2083,86589552,524288,65536,0.0,0.0,0,1
65536,aligned_stack,linked,2,5.450752,5.757952,0.145,0.1885,86065264,0,65536,0.0,0.0,0,1
65536,aligned_stack,bounded_linked,3,5.511168,5.817344,0.1493,0.195,86589552,524288,65536,0.0,0.0,0,1
65536,aligned_stack,linked,3,5.45792,5.761024,0.1445,0.1951,86065264,0,65536,0.0,0.0,0,1
65536,aligned_stack,exact_ranges,3,7.200768,7.448576,0.2703,0.3606,88694964,2629700,65536,0.0,0.0,0,1
65536,staggered_stack,linked,1,5.454848,5.7344,0.1446,0.1931,86065264,0,65536,0.0,0.0,0,1
65536,staggered_stack,exact_ranges,1,7.20384,7.453696,0.267,0.3592,88694964,2629700,65536,0.0,0.0,0,1
65536,staggered_stack,bounded_linked,1,5.545984,5.78048,0.1533,0.2142,86589552,524288,65536,0.0,0.0,0,1
65536,staggered_stack,exact_ranges,2,7.201792,7.45984,0.2683,0.3579,88694964,2629700,65536,0.0,0.0,0,1
65536,staggered_stack,bounded_linked,2,5.489664,5.834752,0.1516,0.2399,86589552,524288,65536,0.0,0.0,0,1
65536,staggered_stack,linked,2,5.425152,5.728256,0.1468,0.2055,86065264,0,65536,0.0,0.0,0,1
65536,staggered_stack,bounded_linked,3,5.496832,5.77536,0.1525,0.2079,86589552,524288,65536,0.0,0.0,0,1
65536,staggered_stack,linked,3,5.450752,5.740544,0.1458,0.1924,86065264,0,65536,0.0,0.0,0,1
65536,staggered_stack,exact_ranges,3,7.207936,7.465984,0.2666,0.358,88694964,2629700,65536,0.0,0.0,0,1
65536,continuous_force,linked,1,5.6064,5.917696,0.1397,0.1874,86065264,0,65536,0.0,0.0,0,1
65536,continuous_force,exact_ranges,1,7.330816,7.5776,0.2661,0.3548,88694964,2629700,65536,0.0,0.0,0,1
65536,continuous_force,bounded_linked,1,5.630976,5.933056,0.1473,0.1942,86589552,524288,65536,0.0,0.0,0,1
65536,continuous_force,exact_ranges,2,7.330816,7.574528,0.2652,0.3537,88694964,2629700,65536,0.0,0.0,0,1
65536,continuous_force,bounded_linked,2,5.622784,5.89312,0.1459,0.1989,86589552,524288,65536,0.0,0.0,0,1
65536,continuous_force,linked,2,5.615616,5.865472,0.1394,0.1863,86065264,0,65536,0.0,0.0,0,1
65536,continuous_force,bounded_linked,3,5.656576,5.935104,0.1512,0.2146,86589552,524288,65536,0.0,0.0,0,1
65536,continuous_force,linked,3,5.574656,5.948416,0.1419,0.1924,86065264,0,65536,0.0,0.0,0,1
65536,continuous_force,exact_ranges,3,7.339008,7.560192,0.2627,0.3587,88694964,2629700,65536,0.0,0.0,0,1
65536,fast_vs_stationary,linked,1,4.713472,5.060608,0.1402,0.1843,86065264,0,65536,0.0,0.0,0,1
65536,fast_vs_stationary,exact_ranges,1,5.84192,6.061056,0.2639,0.3064,88694964,2629700,65536,0.0,0.0,0,1
65536,fast_vs_stationary,bounded_linked,1,4.747264,5.082112,0.1457,0.1946,86589552,524288,65536,0.0,0.0,0,1
65536,fast_vs_stationary,exact_ranges,2,5.858304,6.095872,0.2652,0.3439,88694964,2629700,65536,0.0,0.0,0,1
65536,fast_vs_stationary,bounded_linked,2,4.755456,5.052416,0.145,0.1811,86589552,524288,65536,0.0,0.0,0,1
65536,fast_vs_stationary,linked,2,4.694016,5.00224,0.1399,0.1884,86065264,0,65536,0.0,0.0,0,1
65536,fast_vs_stationary,bounded_linked,3,4.75136,5.193728,0.1473,0.2061,86589552,524288,65536,0.0,0.0,0,1
65536,fast_vs_stationary,linked,3,4.698112,4.979712,0.1405,0.1888,86065264,0,65536,0.0,0.0,0,1
65536,fast_vs_stationary,exact_ranges,3,5.848064,6.081536,0.2636,0.3456,88694964,2629700,65536,0.0,0.0,0,1
65536,moving_platform,linked,1,4.114432,4.420608,0.1614,0.2227,87113840,0,65536,0.0,0.0,0,1
65536,moving_platform,exact_ranges,1,5.98528,6.218752,0.2859,0.3784,89743540,2629700,65536,0.0,0.0,0,1
65536,moving_platform,bounded_linked,1,4.145152,4.443136,0.1634,0.234,87638128,524288,65536,0.0,0.0,0,1
65536,moving_platform,exact_ranges,2,6.012928,6.23104,0.2853,0.3545,89743540,2629700,65536,0.0,0.0,0,1
65536,moving_platform,bounded_linked,2,4.145152,4.3776,0.1649,0.2345,87638128,524288,65536,0.0,0.0,0,1
65536,moving_platform,linked,2,4.103168,4.37248,0.16,0.2302,87113840,0,65536,0.0,0.0,0,1
65536,moving_platform,bounded_linked,3,4.163584,4.436992,0.1636,0.2336,87638128,524288,65536,0.0,0.0,0,1
65536,moving_platform,linked,3,4.105216,4.368384,0.1608,0.2166,87113840,0,65536,0.0,0.0,0,1
65536,moving_platform,exact_ranges,3,5.998592,6.219776,0.2881,0.3597,89743540,2629700,65536,0.0,0.0,0,1
131072,aligned_stack,linked,1,9.88672,10.14784,0.1487,0.191,172048496,0,131072,0.0,0.0,0,1
131072,aligned_stack,exact_ranges,1,14.068736,14.39232,0.274,0.3549,177307892,5259396,131072,0.0,0.0,0,1
131072,aligned_stack,bounded_linked,1,10.023936,10.312704,0.1544,0.2162,173097072,1048576,131072,0.0,0.0,0,1
131072,aligned_stack,exact_ranges,2,14.065664,14.359552,0.2754,0.3673,177307892,5259396,131072,0.0,0.0,0,1
131072,aligned_stack,bounded_linked,2,9.98912,10.28096,0.1536,0.198,173097072,1048576,131072,0.0,0.0,0,1
131072,aligned_stack,linked,2,9.894912,10.213376,0.15,0.1989,172048496,0,131072,0.0,0.0,0,1
131072,aligned_stack,bounded_linked,3,9.982976,10.328064,0.1529,0.2053,173097072,1048576,131072,0.0,0.0,0,1
131072,aligned_stack,linked,3,9.864192,10.145792,0.1497,0.2096,172048496,0,131072,0.0,0.0,0,1
131072,aligned_stack,exact_ranges,3,14.047232,14.358528,0.2792,0.3586,177307892,5259396,131072,0.0,0.0,0,1
131072,staggered_stack,linked,1,9.982976,10.328064,0.1473,0.1921,172048496,0,131072,0.0,0.0,0,1
131072,staggered_stack,exact_ranges,1,14.19776,14.51008,0.2807,0.3673,177307892,5259396,131072,0.0,0.0,0,1
131072,staggered_stack,bounded_linked,1,10.104832,10.416128,0.1538,0.2307,173097072,1048576,131072,0.0,0.0,0,1
131072,staggered_stack,exact_ranges,2,14.222336,14.541824,0.2778,0.358,177307892,5259396,131072,0.0,0.0,0,1
131072,staggered_stack,bounded_linked,2,10.1376,10.430464,0.1538,0.2037,173097072,1048576,131072,0.0,0.0,0,1
131072,staggered_stack,linked,2,9.971712,10.292224,0.1466,0.196,172048496,0,131072,0.0,0.0,0,1
131072,staggered_stack,bounded_linked,3,10.09664,10.36288,0.1537,0.1961,173097072,1048576,131072,0.0,0.0,0,1
131072,staggered_stack,linked,3,10.011648,10.312704,0.1483,0.2031,172048496,0,131072,0.0,0.0,0,1
131072,staggered_stack,exact_ranges,3,14.230528,14.548992,0.2744,0.3491,177307892,5259396,131072,0.0,0.0,0,1
131072,continuous_force,linked,1,10.190848,10.458112,0.1438,0.1767,172048496,0,131072,0.0,0.0,0,1
131072,continuous_force,exact_ranges,1,14.353408,14.610432,0.2755,0.3662,177307892,5259396,131072,0.0,0.0,0,1
131072,continuous_force,bounded_linked,1,10.312704,10.594304,0.1483,0.1789,173097072,1048576,131072,0.0,0.0,0,1
131072,continuous_force,exact_ranges,2,14.3616,14.662656,0.2726,0.3569,177307892,5259396,131072,0.0,0.0,0,1
131072,continuous_force,bounded_linked,2,10.326016,10.614784,0.147,0.1899,173097072,1048576,131072,0.0,0.0,0,1
131072,continuous_force,linked,2,10.20416,10.425344,0.1433,0.1887,172048496,0,131072,0.0,0.0,0,1
131072,continuous_force,bounded_linked,3,10.276864,10.56256,0.1473,0.1879,173097072,1048576,131072,0.0,0.0,0,1
131072,continuous_force,linked,3,10.184704,10.48576,0.1425,0.1882,172048496,0,131072,0.0,0.0,0,1
131072,continuous_force,exact_ranges,3,14.364672,14.667776,0.2743,0.3588,177307892,5259396,131072,0.0,0.0,0,1
131072,fast_vs_stationary,linked,1,9.283584,9.777152,0.1437,0.1876,172048496,0,131072,0.0,0.0,0,1
131072,fast_vs_stationary,exact_ranges,1,11.578368,11.88864,0.2692,0.3653,177307892,5259396,131072,0.0,0.0,0,1
131072,fast_vs_stationary,bounded_linked,1,9.4208,10.212352,0.146,0.1846,173097072,1048576,131072,0.0,0.0,0,1
131072,fast_vs_stationary,exact_ranges,2,11.630592,11.932672,0.2672,0.3585,177307892,5259396,131072,0.0,0.0,0,1
131072,fast_vs_stationary,bounded_linked,2,9.382912,9.954304,0.1468,0.1886,173097072,1048576,131072,0.0,0.0,0,1
131072,fast_vs_stationary,linked,2,9.300992,9.87136,0.1423,0.1999,172048496,0,131072,0.0,0.0,0,1
131072,fast_vs_stationary,bounded_linked,3,9.449472,9.966592,0.1486,0.2025,173097072,1048576,131072,0.0,0.0,0,1
131072,fast_vs_stationary,linked,3,9.242624,9.78432,0.1441,0.1962,172048496,0,131072,0.0,0.0,0,1
131072,fast_vs_stationary,exact_ranges,3,11.602944,12.022784,0.2723,0.3527,177307892,5259396,131072,0.0,0.0,0,1
131072,moving_platform,linked,1,8.800256,9.089024,0.1631,0.1982,174145648,0,131072,0.0,0.0,0,1
131072,moving_platform,exact_ranges,1,13.130752,13.406208,0.2848,0.3364,179405044,5259396,131072,0.0,0.0,0,1
131072,moving_platform,bounded_linked,1,8.946688,9.20064,0.1664,0.2081,175194224,1048576,131072,0.0,0.0,0,1
131072,moving_platform,exact_ranges,2,13.135872,13.400064,0.2832,0.3582,179405044,5259396,131072,0.0,0.0,0,1
131072,moving_platform,bounded_linked,2,8.953856,9.25184,0.1663,0.2242,175194224,1048576,131072,0.0,0.0,0,1
131072,moving_platform,linked,2,8.794112,9.097216,0.1611,0.2043,174145648,0,131072,0.0,0.0,0,1
131072,moving_platform,bounded_linked,3,8.974336,9.249792,0.1675,0.2181,175194224,1048576,131072,0.0,0.0,0,1
131072,moving_platform,linked,3,8.794112,9.104384,0.1608,0.2017,174145648,0,131072,0.0,0.0,0,1
131072,moving_platform,exact_ranges,3,13.144064,13.398016,0.2884,0.3836,179405044,5259396,131072,0.0,0.0,0,1
10000,aligned_stack,linked,4,1.69984,2.144256,0.1591,0.2274,13278640,0,10000,0.0,0.0,0,1
10000,aligned_stack,exact_ranges,4,1.901568,2.064384,0.2661,0.3491,13884996,606356,10000,0.0,0.0,0,1
10000,aligned_stack,bounded_linked,4,1.701888,1.870848,0.1477,0.1851,13409712,131072,10000,0.0,0.0,0,1
10000,aligned_stack,exact_ranges,5,1.898496,2.084864,0.2599,0.2915,13884996,606356,10000,0.0,0.0,0,1
10000,aligned_stack,bounded_linked,5,1.703936,1.903616,0.156,0.2175,13409712,131072,10000,0.0,0.0,0,1
10000,aligned_stack,linked,5,1.685504,1.87392,0.1563,0.1985,13278640,0,10000,0.0,0.0,0,1
10000,staggered_stack,linked,4,1.69984,1.862656,0.1395,0.1695,13278640,0,10000,0.0,0.0,0,1
10000,staggered_stack,exact_ranges,4,1.915904,2.0992,0.2647,0.3177,13884996,606356,10000,0.0,0.0,0,1
10000,staggered_stack,bounded_linked,4,1.726464,1.901568,0.1538,0.1924,13409712,131072,10000,0.0,0.0,0,1
10000,staggered_stack,exact_ranges,5,1.911808,2.062336,0.2749,0.3166,13884996,606356,10000,0.0,0.0,0,1
10000,staggered_stack,bounded_linked,5,1.723392,1.897472,0.1526,0.1999,13409712,131072,10000,0.0,0.0,0,1
10000,staggered_stack,linked,5,1.709056,1.907712,0.153,0.1978,13278640,0,10000,0.0,0.0,0,1
10000,continuous_force,linked,4,1.754112,1.911808,0.1367,0.1801,13278640,0,10000,0.0,0.0,0,1
10000,continuous_force,exact_ranges,4,1.998848,2.172928,0.2592,0.2848,13884996,606356,10000,0.0,0.0,0,1
10000,continuous_force,bounded_linked,4,1.773568,1.936384,0.1478,0.1755,13409712,131072,10000,0.0,0.0,0,1
10000,continuous_force,exact_ranges,5,2.00192,2.171904,0.2681,0.315,13884996,606356,10000,0.0,0.0,0,1
10000,continuous_force,bounded_linked,5,1.774592,1.933312,0.1481,0.1632,13409712,131072,10000,0.0,0.0,0,1
10000,continuous_force,linked,5,1.755136,1.910784,0.1384,0.1783,13278640,0,10000,0.0,0.0,0,1
10000,fast_vs_stationary,linked,4,1.440768,1.66912,0.1411,0.1764,13278640,0,10000,0.0,0.0,0,1
10000,fast_vs_stationary,exact_ranges,4,1.91488,2.06848,0.2534,0.2813,13884996,606356,10000,0.0,0.0,0,1
10000,fast_vs_stationary,bounded_linked,4,1.446912,1.461248,0.144,0.1689,13409712,131072,10000,0.0,0.0,0,1
10000,fast_vs_stationary,exact_ranges,5,1.910784,2.095104,0.2673,0.3098,13884996,606356,10000,0.0,0.0,0,1
10000,fast_vs_stationary,bounded_linked,5,1.447936,1.507328,0.1555,0.2037,13409712,131072,10000,0.0,0.0,0,1
10000,fast_vs_stationary,linked,5,1.444864,1.64352,0.1511,0.2092,13278640,0,10000,0.0,0.0,0,1
10000,moving_platform,linked,4,1.063936,1.115136,0.1937,0.2651,13438640,0,10000,0.0,0.0,0,1
10000,moving_platform,exact_ranges,4,1.28512,1.440768,0.3125,0.4066,14044996,606356,10000,0.0,0.0,0,1
10000,moving_platform,bounded_linked,4,1.091584,1.287168,0.181,0.2305,13569712,131072,10000,0.0,0.0,0,1
10000,moving_platform,exact_ranges,5,1.29536,1.468416,0.2858,0.328,14044996,606356,10000,0.0,0.0,0,1
10000,moving_platform,bounded_linked,5,1.083392,1.125376,0.1693,0.213,13569712,131072,10000,0.0,0.0,0,1
10000,moving_platform,linked,5,1.05984,1.115136,0.1716,0.2059,13438640,0,10000,0.0,0.0,0,1
65536,aligned_stack,linked,4,5.4272,5.691392,0.1439,0.196,86065264,0,65536,0.0,0.0,0,1
65536,aligned_stack,exact_ranges,4,7.195648,7.455744,0.2858,0.3818,88694964,2629700,65536,0.0,0.0,0,1
65536,aligned_stack,bounded_linked,4,5.480448,5.74976,0.159,0.2308,86589552,524288,65536,0.0,0.0,0,1
65536,aligned_stack,exact_ranges,5,7.18848,7.45472,0.2665,0.3589,88694964,2629700,65536,0.0,0.0,0,1
65536,aligned_stack,bounded_linked,5,5.490688,5.769216,0.1484,0.2085,86589552,524288,65536,0.0,0.0,0,1
65536,aligned_stack,linked,5,5.431296,5.710848,0.1552,0.2283,86065264,0,65536,0.0,0.0,0,1
65536,staggered_stack,linked,4,5.472256,5.738496,0.1553,0.2165,86065264,0,65536,0.0,0.0,0,1
65536,staggered_stack,exact_ranges,4,7.171072,7.441408,0.2649,0.3399,88694964,2629700,65536,0.0,0.0,0,1
65536,staggered_stack,bounded_linked,4,5.477376,5.799936,0.1496,0.211,86589552,524288,65536,0.0,0.0,0,1
65536,staggered_stack,exact_ranges,5,7.221248,7.443456,0.2616,0.3458,88694964,2629700,65536,0.0,0.0,0,1
65536,staggered_stack,bounded_linked,5,5.51936,5.812224,0.1481,0.1951,86589552,524288,65536,0.0,0.0,0,1
65536,staggered_stack,linked,5,5.423104,5.7344,0.1451,0.1935,86065264,0,65536,0.0,0.0,0,1
65536,continuous_force,linked,4,5.57568,5.859328,0.1414,0.185,86065264,0,65536,0.0,0.0,0,1
65536,continuous_force,exact_ranges,4,7.330816,7.59808,0.2612,0.3349,88694964,2629700,65536,0.0,0.0,0,1
65536,continuous_force,bounded_linked,4,5.614592,5.890048,0.1449,0.1948,86589552,524288,65536,0.0,0.0,0,1
65536,continuous_force,exact_ranges,5,7.330816,7.601152,0.2656,0.3505,88694964,2629700,65536,0.0,0.0,0,1
65536,continuous_force,bounded_linked,5,5.614592,5.868544,0.1463,0.2003,86589552,524288,65536,0.0,0.0,0,1
65536,continuous_force,linked,5,5.649408,6.049792,0.1416,0.1935,86065264,0,65536,0.0,0.0,0,1
65536,fast_vs_stationary,linked,4,4.931584,5.60128,0.1435,0.178,86065264,0,65536,0.0,0.0,0,1
65536,fast_vs_stationary,exact_ranges,4,6.03648,6.444032,0.2699,0.3508,88694964,2629700,65536,0.0,0.0,0,1
65536,fast_vs_stationary,bounded_linked,4,4.750336,5.187584,0.1428,0.1986,86589552,524288,65536,0.0,0.0,0,1
65536,fast_vs_stationary,exact_ranges,5,5.851136,6.102016,0.2635,0.3402,88694964,2629700,65536,0.0,0.0,0,1
65536,fast_vs_stationary,bounded_linked,5,4.74624,5.115904,0.1528,0.2055,86589552,524288,65536,0.0,0.0,0,1
65536,fast_vs_stationary,linked,5,4.68992,5.00224,0.1616,0.3774,86065264,0,65536,0.0,0.0,0,1
65536,moving_platform,linked,4,4.074496,4.345856,0.3743,0.5265,87113840,0,65536,0.0,0.0,0,1
65536,moving_platform,exact_ranges,4,5.997568,6.227968,0.2849,0.3593,89743540,2629700,65536,0.0,0.0,0,1
65536,moving_platform,bounded_linked,4,4.155392,4.399104,0.1667,0.2122,87638128,524288,65536,0.0,0.0,0,1
65536,moving_platform,exact_ranges,5,5.968896,6.157312,0.2882,0.3734,89743540,2629700,65536,0.0,0.0,0,1
65536,moving_platform,bounded_linked,5,4.155392,4.441088,0.1669,0.2176,87638128,524288,65536,0.0,0.0,0,1
65536,moving_platform,linked,5,4.099072,4.378624,0.1585,0.2071,87113840,0,65536,0.0,0.0,0,1
131072,aligned_stack,linked,4,9.879552,10.189824,0.1483,0.1985,172048496,0,131072,0.0,0.0,0,1
131072,aligned_stack,exact_ranges,4,14.0544,14.32576,0.2756,0.362,177307892,5259396,131072,0.0,0.0,0,1
131072,aligned_stack,bounded_linked,4,9.96864,10.267648,0.1517,0.1983,173097072,1048576,131072,0.0,0.0,0,1
131072,aligned_stack,exact_ranges,5,14.014464,14.373888,0.2733,0.3559,177307892,5259396,131072,0.0,0.0,0,1
131072,aligned_stack,bounded_linked,5,10.010624,10.305536,0.1513,0.191,173097072,1048576,131072,0.0,0.0,0,1
131072,aligned_stack,linked,5,9.90208,10.184704,0.1476,0.192,172048496,0,131072,0.0,0.0,0,1
131072,staggered_stack,linked,4,9.96864,10.28608,0.1481,0.1862,172048496,0,131072,0.0,0.0,0,1
131072,staggered_stack,exact_ranges,4,14.198784,14.538752,0.2753,0.3741,177307892,5259396,131072,0.0,0.0,0,1
131072,staggered_stack,bounded_linked,4,10.126336,10.41408,0.1541,0.2069,173097072,1048576,131072,0.0,0.0,0,1
131072,staggered_stack,exact_ranges,5,14.204928,14.481408,0.2768,0.3536,177307892,5259396,131072,0.0,0.0,0,1
131072,staggered_stack,bounded_linked,5,10.103808,10.359808,0.1522,0.1962,173097072,1048576,131072,0.0,0.0,0,1
131072,staggered_stack,linked,5,10.015744,10.328064,0.1463,0.1618,172048496,0,131072,0.0,0.0,0,1
131072,continuous_force,linked,4,10.218496,10.871808,0.1543,0.2087,172048496,0,131072,0.0,0.0,0,1
131072,continuous_force,exact_ranges,4,14.350336,14.654464,0.2714,0.3521,177307892,5259396,131072,0.0,0.0,0,1
131072,continuous_force,bounded_linked,4,10.2912,10.569728,0.1472,0.1854,173097072,1048576,131072,0.0,0.0,0,1
131072,continuous_force,exact_ranges,5,14.32064,14.614528,0.2751,0.3574,177307892,5259396,131072,0.0,0.0,0,1
131072,continuous_force,bounded_linked,5,10.300416,10.59328,0.1486,0.1881,173097072,1048576,131072,0.0,0.0,0,1
131072,continuous_force,linked,5,10.181632,10.459136,0.1419,0.177,172048496,0,131072,0.0,0.0,0,1
131072,fast_vs_stationary,linked,4,9.291776,9.807872,0.1402,0.1848,172048496,0,131072,0.0,0.0,0,1
131072,fast_vs_stationary,exact_ranges,4,11.587584,11.922432,0.2688,0.3579,177307892,5259396,131072,0.0,0.0,0,1
131072,fast_vs_stationary,bounded_linked,4,9.403392,10.066944,0.1466,0.1805,173097072,1048576,131072,0.0,0.0,0,1
131072,fast_vs_stationary,exact_ranges,5,11.62752,11.896832,0.2705,0.3583,177307892,5259396,131072,0.0,0.0,0,1
131072,fast_vs_stationary,bounded_linked,5,9.413632,9.967616,0.1458,0.1809,173097072,1048576,131072,0.0,0.0,0,1
131072,fast_vs_stationary,linked,5,9.26208,9.87136,0.1416,0.177,172048496,0,131072,0.0,0.0,0,1
131072,moving_platform,linked,4,8.82176,9.1136,0.1628,0.204,174145648,0,131072,0.0,0.0,0,1
131072,moving_platform,exact_ranges,4,13.1328,13.385728,0.2864,0.343,179405044,5259396,131072,0.0,0.0,0,1
131072,moving_platform,bounded_linked,4,8.940544,9.202688,0.1724,0.2306,175194224,1048576,131072,0.0,0.0,0,1
131072,moving_platform,exact_ranges,5,13.07136,13.415424,0.399,0.7672,179405044,5259396,131072,0.0,0.0,0,1
131072,moving_platform,bounded_linked,5,8.943616,9.222144,0.1664,0.2112,175194224,1048576,131072,0.0,0.0,0,1
131072,moving_platform,linked,5,8.788992,9.09312,0.1625,0.2108,174145648,0,131072,0.0,0.0,0,1
