packages,scene,cadence_ticks,compression_threshold,clients,logical_seconds,native_framed_bytes,predicted_up_framed_bytes,ack_framed_bytes,retained_native_plus_gpu_framed_bytes,retained_ratio,hypothetical_authority_down_suppressed_framed_bytes,hypothetical_suppressed_ratio
10000,line_x,1,-1,1,3,2197460,667412,4193,2869065,1.305628,671605,0.305628
10000,line_x,1,-1,4,3,8789840,667412,4193,9461445,1.076407,7263985,0.826407
10000,line_x,1,256,1,3,2397460,82973,4253,2484686,1.036383,87226,0.036383
10000,line_x,1,256,4,3,9589840,82973,4253,9677066,1.009096,7279606,0.759096
10000,line_x,3,-1,1,3,2197460,222572,1393,2421425,1.101920,223965,0.101920
10000,line_x,3,-1,4,3,8789840,222572,1393,9013805,1.025480,6816345,0.775480
10000,line_x,3,256,1,3,2397460,27784,1413,2426657,1.012178,29197,0.012178
10000,line_x,3,256,4,3,9589840,27784,1413,9619037,1.003045,7221577,0.753045
10000,diagonal_xyz,1,-1,1,3,2197460,668452,4193,2870105,1.306101,672645,0.306101
10000,diagonal_xyz,1,-1,4,3,8789840,668452,4193,9462485,1.076525,7265025,0.826525
10000,diagonal_xyz,1,256,1,3,2397460,83573,4253,2485286,1.036633,87826,0.036633
10000,diagonal_xyz,1,256,4,3,9589840,83573,4253,9677666,1.009158,7280206,0.759158
10000,diagonal_xyz,3,-1,1,3,2197460,223292,1393,2422145,1.102248,224685,0.102248
10000,diagonal_xyz,3,-1,4,3,8789840,223292,1393,9014525,1.025562,6817065,0.775562
10000,diagonal_xyz,3,256,1,3,2397460,28254,1413,2427127,1.012374,29667,0.012374
10000,diagonal_xyz,3,256,4,3,9589840,28254,1413,9619507,1.003094,7222047,0.753094
10000,dispersed_xyz,1,-1,1,3,2197460,668452,4193,2870105,1.306101,672645,0.306101
10000,dispersed_xyz,1,-1,4,3,8789840,668452,4193,9462485,1.076525,7265025,0.826525
10000,dispersed_xyz,1,256,1,3,2397460,83573,4253,2485286,1.036633,87826,0.036633
10000,dispersed_xyz,1,256,4,3,9589840,83573,4253,9677666,1.009158,7280206,0.759158
10000,dispersed_xyz,3,-1,1,3,2197460,223292,1393,2422145,1.102248,224685,0.102248
10000,dispersed_xyz,3,-1,4,3,8789840,223292,1393,9014525,1.025562,6817065,0.775562
10000,dispersed_xyz,3,256,1,3,2397460,28254,1413,2427127,1.012374,29667,0.012374
10000,dispersed_xyz,3,256,4,3,9589840,28254,1413,9619507,1.003094,7222047,0.753094
10000,divergent_xyz,1,-1,1,3,2197460,1580410,4193,3782063,1.721107,1584603,0.721107
10000,divergent_xyz,1,-1,4,3,8789840,1580410,4193,10374443,1.180277,8176983,0.930277
10000,divergent_xyz,1,256,1,3,2397460,736876,4253,3138589,1.309131,741129,0.309131
10000,divergent_xyz,1,256,4,3,9589840,736876,4253,10330969,1.077283,7933509,0.827283
10000,divergent_xyz,3,-1,1,3,2197460,565962,1393,2764815,1.258187,567355,0.258187
10000,divergent_xyz,3,-1,4,3,8789840,565962,1393,9357195,1.064547,7159735,0.814547
10000,divergent_xyz,3,256,1,3,2397460,283925,1413,2682798,1.119017,285338,0.119017
10000,divergent_xyz,3,256,4,3,9589840,283925,1413,9875178,1.029754,7477718,0.779754
65536,line_x,1,-1,1,3,15398440,4371020,4259,19773719,1.284138,4375279,0.284138
65536,line_x,1,-1,4,3,61593760,4371020,4259,65969039,1.071034,50570599,0.821034
65536,line_x,1,256,1,3,16709160,538300,4319,17251779,1.032474,542619,0.032474
65536,line_x,1,256,4,3,66836640,538300,4319,67379259,1.008119,50670099,0.758119
65536,line_x,3,-1,1,3,15398440,1458116,1419,16857975,1.094785,1459535,0.094785
65536,line_x,3,-1,4,3,61593760,1458116,1419,63053295,1.023696,47654855,0.773696
65536,line_x,3,256,1,3,16709160,181428,1439,16892027,1.010944,182867,0.010944
65536,line_x,3,256,4,3,66836640,181428,1439,67019507,1.002736,50310347,0.752736
65536,diagonal_xyz,1,-1,1,3,15398440,4377676,4259,19780375,1.284570,4381935,0.284570
65536,diagonal_xyz,1,-1,4,3,61593760,4377676,4259,65975695,1.071143,50577255,0.821143
65536,diagonal_xyz,1,256,1,3,16709160,541884,4319,17255363,1.032689,546203,0.032689
65536,diagonal_xyz,1,256,4,3,66836640,541884,4319,67382843,1.008172,50673683,0.758172
65536,diagonal_xyz,3,-1,1,3,15398440,1462724,1419,16862583,1.095084,1464143,0.095084
65536,diagonal_xyz,3,-1,4,3,61593760,1462724,1419,63057903,1.023771,47659463,0.773771
65536,diagonal_xyz,3,256,1,3,16709160,183860,1439,16894459,1.011090,185299,0.011090
65536,diagonal_xyz,3,256,4,3,66836640,183860,1439,67021939,1.002772,50312779,0.752772
65536,dispersed_xyz,1,-1,1,3,15398440,4377676,4259,19780375,1.284570,4381935,0.284570
65536,dispersed_xyz,1,-1,4,3,61593760,4377676,4259,65975695,1.071143,50577255,0.821143
65536,dispersed_xyz,1,256,1,3,16709160,541884,4319,17255363,1.032689,546203,0.032689
65536,dispersed_xyz,1,256,4,3,66836640,541884,4319,67382843,1.008172,50673683,0.758172
65536,dispersed_xyz,3,-1,1,3,15398440,1462724,1419,16862583,1.095084,1464143,0.095084
65536,dispersed_xyz,3,-1,4,3,61593760,1462724,1419,63057903,1.023771,47659463,0.773771
65536,dispersed_xyz,3,256,1,3,16709160,183860,1439,16894459,1.011090,185299,0.011090
65536,dispersed_xyz,3,256,4,3,66836640,183860,1439,67021939,1.002772,50312779,0.752772
65536,divergent_xyz,1,-1,1,3,15398440,10357440,4259,25760139,1.672906,10361699,0.672906
65536,divergent_xyz,1,-1,4,3,61593760,10357440,4259,71955459,1.168226,56557019,0.918226
65536,divergent_xyz,1,256,1,3,16709160,4817368,4319,21530847,1.288565,4821687,0.288565
65536,divergent_xyz,1,256,4,3,66836640,4817368,4319,71658327,1.072141,54949167,0.822141
65536,divergent_xyz,3,-1,1,3,15398440,3715021,1419,19114880,1.241352,3716440,0.241352
65536,divergent_xyz,3,-1,4,3,61593760,3715021,1419,65310200,1.060338,49911760,0.810338
65536,divergent_xyz,3,256,1,3,16709160,1859728,1439,18570327,1.111386,1861167,0.111386
65536,divergent_xyz,3,256,4,3,66836640,1859728,1439,68697807,1.027847,51988647,0.777847
131072,line_x,1,-1,1,3,31127080,8744268,4259,39875607,1.281058,8748527,0.281058
131072,line_x,1,-1,4,3,124508320,8744268,4259,133256847,1.070265,102129767,0.820265
131072,line_x,1,256,1,3,33748520,1080656,4319,34833495,1.032149,1084975,0.032149
131072,line_x,1,256,4,3,134994080,1080656,4319,136079055,1.008037,102330535,0.758037
131072,line_x,3,-1,1,3,31127080,2917060,1419,34045559,1.093760,2918479,0.093760
131072,line_x,3,-1,4,3,124508320,2917060,1419,127426799,1.023440,96299719,0.773440
131072,line_x,3,256,1,3,33748520,364008,1439,34113967,1.010829,365447,0.010829
131072,line_x,3,256,4,3,134994080,364008,1439,135359527,1.002707,101611007,0.752707
131072,diagonal_xyz,1,-1,1,3,31127080,8757580,4259,39888919,1.281486,8761839,0.281486
131072,diagonal_xyz,1,-1,4,3,124508320,8757580,4259,133270159,1.070372,102143079,0.820372
131072,diagonal_xyz,1,256,1,3,33748520,1087536,4319,34840375,1.032353,1091855,0.032353
131072,diagonal_xyz,1,256,4,3,134994080,1087536,4319,136085935,1.008088,102337415,0.758088
131072,diagonal_xyz,3,-1,1,3,31127080,2926276,1419,34054775,1.094056,2927695,0.094056
131072,diagonal_xyz,3,-1,4,3,124508320,2926276,1419,127436015,1.023514,96308935,0.773514
131072,diagonal_xyz,3,256,1,3,33748520,368680,1439,34118639,1.010967,370119,0.010967
131072,diagonal_xyz,3,256,4,3,134994080,368680,1439,135364199,1.002742,101615679,0.752742
131072,dispersed_xyz,1,-1,1,3,31127080,8757580,4259,39888919,1.281486,8761839,0.281486
131072,dispersed_xyz,1,-1,4,3,124508320,8757580,4259,133270159,1.070372,102143079,0.820372
131072,dispersed_xyz,1,256,1,3,33748520,1087536,4319,34840375,1.032353,1091855,0.032353
131072,dispersed_xyz,1,256,4,3,134994080,1087536,4319,136085935,1.008088,102337415,0.758088
131072,dispersed_xyz,3,-1,1,3,31127080,2926276,1419,34054775,1.094056,2927695,0.094056
131072,dispersed_xyz,3,-1,4,3,124508320,2926276,1419,127436015,1.023514,96308935,0.773514
131072,dispersed_xyz,3,256,1,3,33748520,368680,1439,34118639,1.010967,370119,0.010967
131072,dispersed_xyz,3,256,4,3,134994080,368680,1439,135364199,1.002742,101615679,0.752742
131072,divergent_xyz,1,-1,1,3,31127080,20734476,4259,51865815,1.666260,20738735,0.666260
131072,divergent_xyz,1,-1,4,3,124508320,20734476,4259,145247055,1.166565,114119975,0.916565
131072,divergent_xyz,1,256,1,3,33748520,9647704,4319,43400543,1.285998,9652023,0.285998
131072,divergent_xyz,1,256,4,3,134994080,9647704,4319,144646103,1.071500,110897583,0.821500
131072,divergent_xyz,3,-1,1,3,31127080,7433859,1419,38562358,1.238868,7435278,0.238868
131072,divergent_xyz,3,-1,4,3,124508320,7433859,1419,131943598,1.059717,100816518,0.809717
131072,divergent_xyz,3,256,1,3,33748520,3725051,1439,37475010,1.110419,3726490,0.110419
131072,divergent_xyz,3,256,4,3,134994080,3725051,1439,138720570,1.027605,104972050,0.777605
