count,scenario,solver,run,gpu_p50_ms,gpu_p95_ms,cpu_submit_p50_ms,cpu_submit_p95_ms,support_extra_required_bytes,penetrating_pairs,penetrating_bodies,all_pair_overlap_max,terrain_penetration_max,fallbacks,moving,quality_pass
10000,aligned_still,jacobi4,1,0.684032,0.7168,9.0E-4,0.0029,0,5904,10000,0.07570624,0.0,0,0,0
10000,aligned_still,jacobi4,2,0.685056,0.713728,9.0E-4,0.0028,0,5904,10000,0.07570624,0.0,0,0,0
10000,aligned_still,jacobi4,3,0.68608,0.7168,8.0E-4,0.0025,0,5904,10000,0.07570624,0.0,0,0,0
10000,aligned_still,jacobi16,1,2.548736,2.576384,0.0036,0.004,0,3616,5424,0.0057697296,0.0,0,0,0
10000,aligned_still,jacobi16,2,2.550784,2.581504,0.0037,0.0043,0,3616,5424,0.0057697296,0.0,0,0,0
10000,aligned_still,jacobi16,3,2.551808,2.584576,0.0036,0.0041,0,3616,5424,0.0057697296,0.0,0,0,0
10000,aligned_still,support4,1,0.941056,0.96768,0.0035,0.0055,320032,0,0,0.0,0.0,0,0,1
10000,aligned_still,support4,2,0.94208,0.969728,0.0018,0.0055,320032,0,0,0.0,0.0,0,0,1
10000,aligned_still,support4,3,0.939008,0.97792,0.0039,0.0062,320032,0,0,0.0,0.0,0,0,1
10000,staggered_still,jacobi4,1,0.688128,0.72192,8.0E-4,0.0018,0,23176,10000,0.07570624,0.0,0,0,0
10000,staggered_still,jacobi4,2,0.689152,0.72192,8.0E-4,0.0023,0,23176,10000,0.07570624,0.0,0,0,0
10000,staggered_still,jacobi4,3,0.6912,0.719872,8.0E-4,0.001,0,23176,10000,0.07570624,0.0,0,0,0
10000,staggered_still,jacobi16,1,2.569216,2.599936,0.0036,0.0051,0,14222,5489,0.0057697296,0.0,0,0,0
10000,staggered_still,jacobi16,2,2.573312,2.604032,0.0033,0.0038,0,14222,5489,0.0057697296,0.0,0,0,0
10000,staggered_still,jacobi16,3,2.572288,2.603008,0.0077,0.0085,0,14222,5489,0.0057697296,0.0,0,0,0
10000,staggered_still,support4,1,0.949248,0.982016,0.0018,0.0052,320032,0,0,0.0,0.0,0,0,1
10000,staggered_still,support4,2,0.9472,0.982016,0.0025,0.0057,320032,0,0,0.0,0.0,0,0,1
10000,staggered_still,support4,3,0.946176,0.979968,0.0017,0.0037,320032,0,0,0.0,0.0,0,0,1
10000,staggered_driven,jacobi4,1,0.775168,0.802816,0.001,0.0057,0,23176,10000,0.07570624,0.0,0,9952,0
10000,staggered_driven,jacobi4,2,0.774144,0.818176,8.0E-4,0.0011,0,23176,10000,0.07570624,0.0,0,9952,0
10000,staggered_driven,jacobi4,3,0.776192,0.80384,8.0E-4,0.0024,0,23176,10000,0.07570624,0.0,0,9952,0
10000,staggered_driven,jacobi16,1,2.571264,2.630656,0.0036,0.0051,0,14222,5489,0.0057697296,0.0,0,9984,0
10000,staggered_driven,jacobi16,2,2.57536,2.6368,0.0036,0.0038,0,14222,5489,0.0057697296,0.0,0,9984,0
10000,staggered_driven,jacobi16,3,2.578432,2.640896,0.0036,0.0038,0,14222,5489,0.0057697296,0.0,0,9984,0
10000,staggered_driven,support4,1,1.032192,1.07008,0.0039,0.0057,320032,0,0,0.0,0.0,0,9952,1
10000,staggered_driven,support4,2,1.031168,1.067008,0.0034,0.007,320032,0,0,0.0,0.0,0,9952,1
10000,staggered_driven,support4,3,1.033216,1.061888,0.0038,0.0079,320032,0,0,0.0,0.0,0,9952,1
65536,aligned_still,jacobi4,1,2.60608,2.690048,7.0E-4,9.0E-4,0,81920,65536,0.78295255,0.0,0,0,0
65536,aligned_still,jacobi4,2,2.634752,2.714624,7.0E-4,8.0E-4,0,81920,65536,0.78295255,0.0,0,0,0
65536,aligned_still,jacobi4,3,2.628608,2.755584,7.0E-4,0.0022,0,81920,65536,0.78295255,0.0,0,0,0
65536,aligned_still,jacobi16,1,8.940544,9.155584,0.0033,0.0043,0,61440,65536,0.25544834,0.0,0,0,0
65536,aligned_still,jacobi16,2,8.977408,9.0368,0.0033,0.0045,0,61440,65536,0.25544834,0.0,0,0,0
65536,aligned_still,jacobi16,3,8.994816,9.053184,0.0033,0.0036,0,61440,65536,0.25544834,0.0,0,0,0
65536,aligned_still,support4,1,2.934784,2.9696,0.0032,0.0034,2097184,0,0,0.0,0.0,0,0,1
65536,aligned_still,support4,2,2.931712,2.970624,0.0032,0.005,2097184,0,0,0.0,0.0,0,0,1
65536,aligned_still,support4,3,2.93888,2.973696,0.0032,0.0034,2097184,0,0,0.0,0.0,0,0,1
65536,staggered_still,jacobi4,1,3.1744,3.511296,7.0E-4,0.0022,0,444160,65527,0.97524583,0.0,0,30,0
65536,staggered_still,jacobi4,2,3.177472,3.536896,8.0E-4,0.001,0,444160,65527,0.97524583,0.0,0,30,0
65536,staggered_still,jacobi4,3,3.161088,3.607552,7.0E-4,0.0024,0,444160,65527,0.97524583,0.0,0,30,0
65536,staggered_still,jacobi16,1,9.15968,9.257984,0.0033,0.005,0,241935,65536,0.25544834,0.0,0,0,0
65536,staggered_still,jacobi16,2,9.170944,9.248768,0.0033,0.0035,0,241935,65536,0.25544834,0.0,0,0,0
65536,staggered_still,jacobi16,3,9.153536,9.202688,0.0033,0.0037,0,241935,65536,0.25544834,0.0,0,0,0
65536,staggered_still,support4,1,2.940928,2.982912,0.0032,0.0052,2097184,0,0,0.0,0.0,0,0,1
65536,staggered_still,support4,2,2.94912,2.987008,0.0032,0.0048,2097184,0,0,0.0,0.0,0,0,1
65536,staggered_still,support4,3,2.94912,2.97472,0.0032,0.0034,2097184,0,0,0.0,0.0,0,0,1
65536,staggered_driven,jacobi4,1,3.29216,3.654656,8.0E-4,0.001,0,456776,65517,0.967837,0.0,0,37246,0
65536,staggered_driven,jacobi4,2,3.255296,3.61472,8.0E-4,0.0024,0,456776,65517,0.967837,0.0,0,37246,0
65536,staggered_driven,jacobi4,3,3.252224,3.636224,8.0E-4,0.0011,0,456776,65517,0.967837,0.0,0,37246,0
65536,staggered_driven,jacobi16,1,10.05056,10.23488,0.0037,0.0095,0,225034,65457,0.7496916,0.0,0,61758,0
65536,staggered_driven,jacobi16,2,10.034176,10.295296,0.0036,0.0055,0,225034,65457,0.7496916,0.0,0,61758,0
65536,staggered_driven,jacobi16,3,10.038272,10.30656,0.0036,0.0038,0,225034,65457,0.7496916,0.0,0,61758,0
65536,staggered_driven,support4,1,3.044352,3.079168,0.0036,0.0057,2097184,0,0,0.0,0.0,0,65488,1
65536,staggered_driven,support4,2,3.033088,3.058688,0.0035,0.0037,2097184,0,0,0.0,0.0,0,65488,1
65536,staggered_driven,support4,3,3.048448,3.079168,0.0035,0.0053,2097184,0,0,0.0,0.0,0,65488,1
131072,aligned_still,jacobi4,1,5.016576,5.26848,8.0E-4,0.0011,0,159744,131072,0.85202074,0.0,0,0,0
131072,aligned_still,jacobi4,2,5.02272,5.302272,7.0E-4,8.0E-4,0,159744,131072,0.85202074,0.0,0,0,0
131072,aligned_still,jacobi4,3,5.040128,5.276672,7.0E-4,0.0012,0,159744,131072,0.85202074,0.0,0,0,0
131072,aligned_still,jacobi16,1,18.392064,19.022848,0.0033,0.0049,0,126976,131072,0.3954482,0.0,0,0,0
131072,aligned_still,jacobi16,2,18.499584,18.93376,0.0034,0.005,0,126976,131072,0.3954482,0.0,0,0,0
131072,aligned_still,jacobi16,3,18.491392,18.98496,0.0034,0.0036,0,126976,131072,0.3954482,0.0,0,0,0
131072,aligned_still,support4,1,5.26336,5.3248,0.0032,0.0036,4194336,0,0,0.0,0.0,0,0,1
131072,aligned_still,support4,2,5.289984,5.348352,0.0032,0.0035,4194336,0,0,0.0,0.0,0,0,1
131072,aligned_still,support4,3,5.279744,5.332992,0.0033,0.005,4194336,0,0,0.0,0.0,0,0,1
131072,staggered_still,jacobi4,1,6.370304,6.916096,8.0E-4,0.0023,0,653223,131021,0.9978335,0.0,0,68,0
131072,staggered_still,jacobi4,2,6.339584,6.930432,7.0E-4,0.0033,0,653223,131021,0.9978335,0.0,0,68,0
131072,staggered_still,jacobi4,3,6.373376,6.985728,0.001,0.0023,0,653223,131021,0.9978335,0.0,0,68,0
131072,staggered_still,jacobi16,1,19.361792,20.7104,0.0033,0.0049,0,453244,131014,0.967661,0.0,0,0,0
131072,staggered_still,jacobi16,2,19.267584,20.673536,0.0033,0.0037,0,453244,131014,0.967661,0.0,0,0,0
131072,staggered_still,jacobi16,3,19.351552,20.733952,0.0033,0.0036,0,453244,131014,0.967661,0.0,0,0,0
131072,staggered_still,support4,1,5.369856,5.41696,0.0033,0.0043,4194336,0,0,0.0,0.0,0,0,1
131072,staggered_still,support4,2,5.39136,5.455872,0.0034,0.0037,4194336,0,0,0.0,0.0,0,0,1
131072,staggered_still,support4,3,5.356544,5.431296,0.0033,0.0036,4194336,0,0,0.0,0.0,0,0,1
131072,staggered_driven,jacobi4,1,6.560768,7.160832,8.0E-4,9.0E-4,0,684950,130960,0.9876045,0.0,0,97716,0
131072,staggered_driven,jacobi4,2,6.564864,7.172096,8.0E-4,0.0013,0,684950,130960,0.9876045,0.0,0,97716,0
131072,staggered_driven,jacobi4,3,6.56896,7.154688,8.0E-4,0.0025,0,684950,130960,0.9876045,0.0,0,97716,0
131072,staggered_driven,jacobi16,1,19.551232,20.93568,0.0036,0.0038,0,444725,130997,0.9170158,0.0,0,123890,0
131072,staggered_driven,jacobi16,2,19.693568,20.953088,0.0036,0.0054,0,444725,130997,0.9170158,0.0,0,123890,0
131072,staggered_driven,jacobi16,3,19.689472,20.907008,0.0036,0.0065,0,444725,130997,0.9170158,0.0,0,123890,0
131072,staggered_driven,support4,1,5.494784,5.532672,0.0036,0.0038,4194336,0,0,0.0,0.0,0,131024,1
131072,staggered_driven,support4,2,5.511168,5.57568,0.0036,0.0054,4194336,0,0,0.0,0.0,0,131024,1
131072,staggered_driven,support4,3,5.494784,5.547008,0.0036,0.0039,4194336,0,0,0.0,0.0,0,131024,1
