packages,scene,cadence_ticks,logical_seconds,native_one_client_payload_bytes,relative_up_payload_bytes,predicted_up_payload_bytes,predicted_to_native_ratio,predicted_body_bytes
10000,line_x,1,3,1797460,629692,627812,0.349277,606340
10000,line_x,3,3,1797460,209812,209372,0.116482,202300
10000,diagonal_xyz,1,3,1797460,634492,628852,0.349856,607380
10000,diagonal_xyz,3,3,1797460,211412,210092,0.116883,203020
10000,dispersed_xyz,1,3,1797460,634492,628852,0.349856,607380
10000,dispersed_xyz,3,3,1797460,211412,210092,0.116883,203020
10000,divergent_xyz,1,3,1797460,3714856,1540810,0.857215,1519338
10000,divergent_xyz,3,3,1797460,1348972,552762,0.307524,545690
65536,line_x,1,3,12777000,4129612,4117580,0.322265,3979468
65536,line_x,3,3,12777000,1376452,1373636,0.107508,1327684
65536,diagonal_xyz,1,3,12777000,4160332,4124236,0.322786,3986124
65536,diagonal_xyz,3,3,12777000,1386692,1378244,0.107869,1332292
65536,dispersed_xyz,1,3,12777000,4160332,4124236,0.322786,3986124
65536,dispersed_xyz,3,3,12777000,1386692,1378244,0.107869,1332292
65536,divergent_xyz,1,3,12777000,24290272,10104000,0.790796,9965888
65536,divergent_xyz,3,3,12777000,8832504,3630541,0.284147,3584589
131072,line_x,1,3,25884200,8261452,8237388,0.318240,7961036
131072,line_x,3,3,25884200,2753732,2748100,0.106169,2656068
131072,diagonal_xyz,1,3,25884200,8322892,8250700,0.318754,7974348
131072,diagonal_xyz,3,3,25884200,2774212,2757316,0.106525,2665284
131072,dispersed_xyz,1,3,25884200,8322892,8250700,0.318754,7974348
131072,dispersed_xyz,3,3,25884200,2774212,2757316,0.106525,2665284
131072,divergent_xyz,1,3,25884200,48590500,20227596,0.781465,19951244
131072,divergent_xyz,3,3,25884200,17667356,7264899,0.280669,7172867
