count,scenario,run,samples,cpu_total_p50_ms,cpu_total_p95_ms,cpu_peak_call_p50_ms,cpu_peak_call_p95_ms,latency_p50_ms,latency_p95_ms,encoder_work_mean_ms,render_alloc_mean_kib,readback_mean_bytes,wire_body_mean_bytes,packets_mean,ack_dispatch_mean
10000,ack_direct,1,30,0.4761,0.6106,0.152,0.2374,7.9228,9.8358,0.30234999999999995,209.07395833333334,640000.0,100750.6,20.0,20.0
10000,ack_gpu_journal,1,30,0.3835,0.5892,0.1502,0.2566,8.2776,9.0088,0.28946,206.34088541666668,640000.0,100744.13333333333,20.0,1.0
10000,ack_gpu_journal,2,30,0.4,0.5758,0.1491,0.2502,7.9228,9.4221,0.29805000000000004,206.75807291666666,640000.0,100754.53333333334,20.0,1.0
10000,ack_direct,2,30,0.3978,0.8863,0.1682,0.2985,7.9316,9.4586,0.3021066666666667,207.75729166666667,640000.0,100749.13333333333,20.0,20.0
10000,ack_direct,3,30,0.3347,0.4978,0.1311,0.2179,8.4643,9.5071,0.25386,206.74401041666667,640000.0,100746.4,20.0,20.0
10000,ack_gpu_journal,3,30,0.3098,0.421,0.1222,0.1711,8.1138,9.4977,0.28346000000000005,204.37942708333333,640000.0,100747.8,20.0,1.0
65536,ack_direct,1,30,1.3045,2.4518,0.5818,0.8051,9.5071,11.4416,1.4739166666666663,1433.4408854166666,4194304.0,707775.1,128.0,128.0
65536,ack_gpu_journal,1,30,1.1325,1.4392,0.5312,0.6737,9.4758,10.7798,1.4129233333333333,1424.69296875,4194304.0,707770.7,128.0,4.0
65536,ack_gpu_journal,2,30,1.1746,1.7704,0.5451,0.7787,8.5696,10.549,1.5776799999999997,1424.7018229166667,4194304.0,707769.4333333333,128.0,4.0
65536,ack_direct,2,30,1.147,1.3676,0.5086,0.6824,9.5518,10.9641,1.4147766666666672,1433.4302083333334,4194304.0,707772.3666666667,128.0,128.0
65536,ack_direct,3,30,1.4044,2.2823,0.6001,1.2914,9.3451,11.7399,1.7014666666666662,1433.4471354166667,4194304.0,707771.9333333333,128.0,128.0
65536,ack_gpu_journal,3,30,1.176,1.936,0.5212,1.0282,9.6415,10.8164,1.6859833333333336,1424.7104166666666,4194304.0,707773.4333333333,128.0,4.0
131072,ack_direct,1,30,2.6071,3.5334,0.8808,1.1015,12.2724,13.8648,3.579963333333333,2882.4822916666667,8388608.0,1423887.1,256.0,256.0
131072,ack_gpu_journal,1,30,2.5015,3.5522,0.9204,1.3377,12.0527,13.6032,3.4569733333333317,2865.05625,8388608.0,1423897.9666666666,256.0,8.0
131072,ack_gpu_journal,2,30,2.4505,3.6557,0.9119,1.3081,12.1624,13.2273,3.4333400000000003,2865.0296875,8388608.0,1423879.2666666666,256.0,8.0
131072,ack_direct,2,30,3.0214,3.9125,1.0372,1.2379,12.1725,13.5436,3.76654,2882.490625,8388608.0,1423882.5666666667,256.0,256.0
131072,ack_direct,3,30,2.5495,4.0544,0.9129,1.2638,13.5841,15.5536,3.40796,2882.4984375,8388608.0,1423883.2333333334,256.0,256.0
131072,ack_gpu_journal,3,30,2.4967,3.1933,0.9319,1.1194,12.0453,13.8094,3.3834100000000005,2865.086458333333,8388608.0,1423893.2666666666,256.0,8.0
