packages,scene,cadence_ticks,logical_seconds,native_one_client_payload_bytes,old_up_payload_bytes,packed_up_payload_bytes,packed_to_native_ratio,old_body_bytes,packed_body_bytes
10000,line_x,1,3,1797460,6604654,1854762,1.031879,6593854,1843962
10000,line_x,3,3,1797460,2201607,618254,0.343960,2198007,614654
10000,diagonal_xyz,1,3,1797460,6604654,1854762,1.031879,6593854,1843962
10000,diagonal_xyz,3,3,1797460,2201607,618254,0.343960,2198007,614654
10000,dispersed_xyz,1,3,1797460,6593916,5887199,3.275288,6583116,5876399
10000,dispersed_xyz,3,3,1797460,2198307,1962400,1.091763,2194707,1958800
65536,line_x,1,3,12777000,43288226,12159189,0.951647,43219106,12090069
65536,line_x,3,3,12777000,14429773,4053063,0.317216,14406733,4030023
65536,diagonal_xyz,1,3,12777000,43288226,12159189,0.951647,43219106,12090069
65536,diagonal_xyz,3,3,12777000,14429773,4053063,0.317216,14406733,4030023
65536,dispersed_xyz,1,3,12777000,43216883,38607605,3.021649,43147763,38538485
65536,dispersed_xyz,3,3,12777000,14407887,12869208,1.007217,14384847,12846168
131072,line_x,1,3,25884200,86578490,24320238,0.939579,86440250,24181998
131072,line_x,3,3,25884200,28860225,8106746,0.313193,28814145,8060666
131072,diagonal_xyz,1,3,25884200,86578490,24320238,0.939579,86440250,24181998
131072,diagonal_xyz,3,3,25884200,28860225,8106746,0.313193,28814145,8060666
131072,dispersed_xyz,1,3,25884200,86432183,77214148,2.983061,86293943,77075908
131072,dispersed_xyz,3,3,25884200,28815293,25738059,0.994354,28769213,25691979
