count,scenario,run,sample,gpu_ms,cpu_submit_ms
10000,legacy_air,1,0,0.249856,0.004
10000,legacy_air,1,1,0.427008,0.0039
10000,legacy_air,1,2,0.24064,0.0033
10000,legacy_air,1,3,0.251904,0.0013
10000,legacy_air,1,4,0.258048,0.0053
10000,legacy_air,1,5,0.268288,0.0012
10000,legacy_air,1,6,0.239616,0.0037
10000,legacy_air,1,7,0.233472,0.0055
10000,legacy_air,1,8,0.258048,0.0012
10000,legacy_air,1,9,0.237568,0.0033
10000,legacy_air,1,10,0.23552,0.0036
10000,legacy_air,1,11,0.259072,0.001
10000,legacy_air,1,12,0.239616,0.0013
10000,legacy_air,1,13,0.25088,0.0051
10000,legacy_air,1,14,0.2304,0.0011
10000,legacy_air,1,15,0.274432,0.0012
10000,legacy_air,1,16,0.238592,0.0046
10000,legacy_air,1,17,0.21504,0.021
10000,legacy_air,1,18,0.237568,0.0174
10000,legacy_air,1,19,0.231424,0.0056
10000,legacy_air,1,20,0.289792,0.0031
10000,legacy_air,1,21,0.247808,0.0019
10000,legacy_air,1,22,0.242688,0.0021
10000,legacy_air,1,23,0.22528,0.0013
10000,legacy_air,1,24,0.258048,0.0143
10000,legacy_air,1,25,0.24576,0.0041
10000,legacy_air,1,26,0.253952,0.0014
10000,legacy_air,1,27,0.247808,0.023
10000,legacy_air,1,28,0.242688,0.0012
10000,legacy_air,1,29,0.256,0.0011
10000,legacy_air,2,0,0.256,0.0298
10000,legacy_air,2,1,0.23552,0.0047
10000,legacy_air,2,2,0.249856,0.0115
10000,legacy_air,2,3,0.238592,0.0072
10000,legacy_air,2,4,0.260096,0.0042
10000,legacy_air,2,5,0.256,0.0037
10000,legacy_air,2,6,0.239616,0.0232
10000,legacy_air,2,7,0.233472,0.0039
10000,legacy_air,2,8,0.257024,0.0037
10000,legacy_air,2,9,0.24576,0.0017
10000,legacy_air,2,10,0.234496,0.0037
10000,legacy_air,2,11,0.26624,0.0015
10000,legacy_air,2,12,0.23552,0.0012
10000,legacy_air,2,13,0.246784,0.0013
10000,legacy_air,2,14,0.236544,0.0041
10000,legacy_air,2,15,0.26624,0.0056
10000,legacy_air,2,16,0.24064,0.0015
10000,legacy_air,2,17,0.210944,0.0015
10000,legacy_air,2,18,0.24576,0.0039
10000,legacy_air,2,19,0.237568,0.0037
10000,legacy_air,2,20,0.2816,0.0014
10000,legacy_air,2,21,0.256,0.0027
10000,legacy_air,2,22,0.23552,0.0037
10000,legacy_air,2,23,0.2304,0.0014
10000,legacy_air,2,24,0.246784,0.0013
10000,legacy_air,2,25,0.248832,0.0017
10000,legacy_air,2,26,0.258048,0.0037
10000,legacy_air,2,27,0.244736,0.0036
10000,legacy_air,2,28,0.249856,0.0016
10000,legacy_air,2,29,0.24576,0.0012
10000,legacy_air,3,0,0.25088,0.0452
10000,legacy_air,3,1,0.24576,0.023
10000,legacy_air,3,2,0.241664,0.0066
10000,legacy_air,3,3,0.243712,0.0021
10000,legacy_air,3,4,0.254976,0.0038
10000,legacy_air,3,5,0.270336,0.0017
10000,legacy_air,3,6,0.244736,0.0039
10000,legacy_air,3,7,0.22528,0.0037
10000,legacy_air,3,8,0.258048,0.0018
10000,legacy_air,3,9,0.23552,0.0015
10000,legacy_air,3,10,0.237568,0.0027
10000,legacy_air,3,11,0.253952,0.0056
10000,legacy_air,3,12,0.239616,0.0021
10000,legacy_air,3,13,0.25088,0.003
10000,legacy_air,3,14,0.22528,0.0023
10000,legacy_air,3,15,0.274432,0.002
10000,legacy_air,3,16,0.237568,0.0037
10000,legacy_air,3,17,0.224256,0.0034
10000,legacy_air,3,18,0.237568,0.0042
10000,legacy_air,3,19,0.232448,0.0026
10000,legacy_air,3,20,0.290816,0.003
10000,legacy_air,3,21,0.248832,0.0018
10000,legacy_air,3,22,0.243712,0.0034
10000,legacy_air,3,23,0.224256,0.0025
10000,legacy_air,3,24,0.257024,0.0022
10000,legacy_air,3,25,0.244736,0.0035
10000,legacy_air,3,26,0.252928,0.0047
10000,legacy_air,3,27,0.25088,0.0018
10000,legacy_air,3,28,0.242688,0.0019
10000,legacy_air,3,29,0.256,0.0031
10000,world_air_cells,1,0,0.479232,0.0057
10000,world_air_cells,1,1,0.448512,0.0033
10000,world_air_cells,1,2,0.380928,0.011
10000,world_air_cells,1,3,0.478208,0.0016
10000,world_air_cells,1,4,0.418816,0.0015
10000,world_air_cells,1,5,0.50176,0.0015
10000,world_air_cells,1,6,0.381952,0.0012
10000,world_air_cells,1,7,0.467968,0.0013
10000,world_air_cells,1,8,0.40448,0.0013
10000,world_air_cells,1,9,0.468992,0.0015
10000,world_air_cells,1,10,0.4096,0.0039
10000,world_air_cells,1,11,0.50688,0.0014
10000,world_air_cells,1,12,0.390144,0.0043
10000,world_air_cells,1,13,0.502784,0.0029
10000,world_air_cells,1,14,0.48128,0.0014
10000,world_air_cells,1,15,0.467968,0.0012
10000,world_air_cells,1,16,0.488448,0.0013
10000,world_air_cells,1,17,0.392192,0.0014
10000,world_air_cells,1,18,0.482304,0.0014
10000,world_air_cells,1,19,0.415744,0.0014
10000,world_air_cells,1,20,0.510976,0.0014
10000,world_air_cells,1,21,0.427008,0.0015
10000,world_air_cells,1,22,0.499712,0.0012
10000,world_air_cells,1,23,0.392192,0.0012
10000,world_air_cells,1,24,0.50688,0.0016
10000,world_air_cells,1,25,0.397312,0.0012
10000,world_air_cells,1,26,0.487424,0.0013
10000,world_air_cells,1,27,0.397312,0.0012
10000,world_air_cells,1,28,0.47104,0.0012
10000,world_air_cells,1,29,0.380928,0.0013
10000,world_air_cells,2,0,0.447488,0.0047
10000,world_air_cells,2,1,0.416768,0.0014
10000,world_air_cells,2,2,0.36864,0.0011
10000,world_air_cells,2,3,0.447488,0.0012
10000,world_air_cells,2,4,0.401408,0.0035
10000,world_air_cells,2,5,0.47104,0.0012
10000,world_air_cells,2,6,0.361472,0.0012
10000,world_air_cells,2,7,0.44544,0.0013
10000,world_air_cells,2,8,0.386048,0.0012
10000,world_air_cells,2,9,0.44544,0.0012
10000,world_air_cells,2,10,0.635904,0.0011
10000,world_air_cells,2,11,0.488448,0.001
10000,world_air_cells,2,12,0.392192,0.001
10000,world_air_cells,2,13,0.524288,0.0011
10000,world_air_cells,2,14,0.412672,0.0012
10000,world_air_cells,2,15,0.551936,0.0011
10000,world_air_cells,2,16,0.488448,0.0011
10000,world_air_cells,2,17,0.400384,0.0011
10000,world_air_cells,2,18,0.487424,0.0013
10000,world_air_cells,2,19,0.420864,0.0011
10000,world_air_cells,2,20,0.514048,0.0012
10000,world_air_cells,2,21,0.429056,0.0011
10000,world_air_cells,2,22,0.505856,0.0013
10000,world_air_cells,2,23,0.397312,0.0036
10000,world_air_cells,2,24,0.509952,0.0013
10000,world_air_cells,2,25,0.403456,0.0011
10000,world_air_cells,2,26,0.48128,0.0012
10000,world_air_cells,2,27,0.401408,0.0011
10000,world_air_cells,2,28,0.47616,0.0011
10000,world_air_cells,2,29,0.38912,0.0011
10000,world_air_cells,3,0,0.4608,0.0108
10000,world_air_cells,3,1,0.421888,0.0011
10000,world_air_cells,3,2,0.36864,0.0011
10000,world_air_cells,3,3,0.452608,0.001
10000,world_air_cells,3,4,0.40448,0.0012
10000,world_air_cells,3,5,0.475136,9.0E-4
10000,world_air_cells,3,6,0.360448,9.0E-4
10000,world_air_cells,3,7,0.44544,0.001
10000,world_air_cells,3,8,0.381952,0.0023
10000,world_air_cells,3,9,0.434176,0.0011
10000,world_air_cells,3,10,0.380928,0.001
10000,world_air_cells,3,11,0.47616,0.001
10000,world_air_cells,3,12,0.391168,0.001
10000,world_air_cells,3,13,0.502784,0.0011
10000,world_air_cells,3,14,0.41472,9.0E-4
10000,world_air_cells,3,15,0.549888,0.0011
10000,world_air_cells,3,16,0.41472,0.001
10000,world_air_cells,3,17,0.467968,0.001
10000,world_air_cells,3,18,0.478208,0.0011
10000,world_air_cells,3,19,0.49664,0.001
10000,world_air_cells,3,20,0.512,0.001
10000,world_air_cells,3,21,0.421888,0.001
10000,world_air_cells,3,22,0.493568,9.0E-4
10000,world_air_cells,3,23,0.392192,0.003
10000,world_air_cells,3,24,0.503808,0.0031
10000,world_air_cells,3,25,0.396288,0.001
10000,world_air_cells,3,26,0.477184,0.0011
10000,world_air_cells,3,27,0.396288,9.0E-4
10000,world_air_cells,3,28,0.46592,0.001
10000,world_air_cells,3,29,0.380928,9.0E-4
10000,world_air,1,0,0.222208,0.0033
10000,world_air,1,1,0.222208,0.0011
10000,world_air,1,2,0.210944,0.001
10000,world_air,1,3,0.219136,9.0E-4
10000,world_air,1,4,0.234496,0.001
10000,world_air,1,5,0.418816,9.0E-4
10000,world_air,1,6,0.202752,9.0E-4
10000,world_air,1,7,0.21504,9.0E-4
10000,world_air,1,8,0.2304,0.0015
10000,world_air,1,9,0.21504,9.0E-4
10000,world_air,1,10,0.211968,8.0E-4
10000,world_air,1,11,0.237568,9.0E-4
10000,world_air,1,12,0.2048,9.0E-4
10000,world_air,1,13,0.224256,9.0E-4
10000,world_air,1,14,0.19968,9.0E-4
10000,world_air,1,15,0.25088,0.001
10000,world_air,1,16,0.205824,0.001
10000,world_air,1,17,0.197632,8.0E-4
10000,world_air,1,18,0.216064,0.001
10000,world_air,1,19,0.202752,0.001
10000,world_air,1,20,0.263168,9.0E-4
10000,world_air,1,21,0.212992,0.001
10000,world_air,1,22,0.21504,9.0E-4
10000,world_air,1,23,0.19968,8.0E-4
10000,world_air,1,24,0.226304,0.0011
10000,world_air,1,25,0.208896,9.0E-4
10000,world_air,1,26,0.224256,9.0E-4
10000,world_air,1,27,0.202752,9.0E-4
10000,world_air,1,28,0.212992,8.0E-4
10000,world_air,1,29,0.211968,9.0E-4
10000,world_air,2,0,0.222208,0.0037
10000,world_air,2,1,0.218112,0.0011
10000,world_air,2,2,0.217088,0.001
10000,world_air,2,3,0.21504,0.001
10000,world_air,2,4,0.2304,9.0E-4
10000,world_air,2,5,0.237568,0.001
10000,world_air,2,6,0.200704,9.0E-4
10000,world_air,2,7,0.208896,0.001
10000,world_air,2,8,0.226304,0.001
10000,world_air,2,9,0.214016,9.0E-4
10000,world_air,2,10,0.206848,9.0E-4
10000,world_air,2,11,0.236544,9.0E-4
10000,world_air,2,12,0.208896,9.0E-4
10000,world_air,2,13,0.227328,0.0011
10000,world_air,2,14,0.19968,0.001
10000,world_air,2,15,0.260096,9.0E-4
10000,world_air,2,16,0.210944,9.0E-4
10000,world_air,2,17,0.18432,0.0028
10000,world_air,2,18,0.216064,0.0028
10000,world_air,2,19,0.198656,0.001
10000,world_air,2,20,0.26112,9.0E-4
10000,world_air,2,21,0.217088,9.0E-4
10000,world_air,2,22,0.214016,9.0E-4
10000,world_air,2,23,0.195584,9.0E-4
10000,world_air,2,24,0.226304,0.001
10000,world_air,2,25,0.20992,9.0E-4
10000,world_air,2,26,0.228352,9.0E-4
10000,world_air,2,27,0.203776,8.0E-4
10000,world_air,2,28,0.218112,9.0E-4
10000,world_air,2,29,0.212992,9.0E-4
10000,world_air,3,0,0.210944,0.0031
10000,world_air,3,1,0.216064,0.001
10000,world_air,3,2,0.20992,0.001
10000,world_air,3,3,0.221184,9.0E-4
10000,world_air,3,4,0.233472,0.001
10000,world_air,3,5,0.239616,0.0011
10000,world_air,3,6,0.198656,9.0E-4
10000,world_air,3,7,0.211968,0.001
10000,world_air,3,8,0.226304,9.0E-4
10000,world_air,3,9,0.20992,8.0E-4
10000,world_air,3,10,0.2048,9.0E-4
10000,world_air,3,11,0.238592,0.001
10000,world_air,3,12,0.206848,9.0E-4
10000,world_air,3,13,0.226304,0.001
10000,world_air,3,14,0.206848,9.0E-4
10000,world_air,3,15,0.251904,9.0E-4
10000,world_air,3,16,0.207872,0.001
10000,world_air,3,17,0.188416,0.001
10000,world_air,3,18,0.218112,9.0E-4
10000,world_air,3,19,0.203776,0.001
10000,world_air,3,20,0.263168,9.0E-4
10000,world_air,3,21,0.21504,0.001
10000,world_air,3,22,0.212992,0.001
10000,world_air,3,23,0.198656,9.0E-4
10000,world_air,3,24,0.226304,0.001
10000,world_air,3,25,0.20992,9.0E-4
10000,world_air,3,26,0.227328,9.0E-4
10000,world_air,3,27,0.202752,9.0E-4
10000,world_air,3,28,0.217088,9.0E-4
10000,world_air,3,29,0.212992,9.0E-4
10000,world_dense_cells,1,0,0.681984,0.0032
10000,world_dense_cells,1,1,0.64,0.001
10000,world_dense_cells,1,2,0.621568,0.001
10000,world_dense_cells,1,3,0.635904,0.001
10000,world_dense_cells,1,4,0.627712,9.0E-4
10000,world_dense_cells,1,5,0.631808,0.001
10000,world_dense_cells,1,6,0.627712,8.0E-4
10000,world_dense_cells,1,7,0.636928,0.001
10000,world_dense_cells,1,8,0.626688,8.0E-4
10000,world_dense_cells,1,9,0.637952,9.0E-4
10000,world_dense_cells,1,10,0.625664,8.0E-4
10000,world_dense_cells,1,11,0.64,9.0E-4
10000,world_dense_cells,1,12,0.628736,8.0E-4
10000,world_dense_cells,1,13,0.638976,0.001
10000,world_dense_cells,1,14,0.626688,8.0E-4
10000,world_dense_cells,1,15,0.663552,9.0E-4
10000,world_dense_cells,1,16,0.626688,8.0E-4
10000,world_dense_cells,1,17,0.6656,9.0E-4
10000,world_dense_cells,1,18,0.60416,9.0E-4
10000,world_dense_cells,1,19,0.594944,9.0E-4
10000,world_dense_cells,1,20,0.605184,8.0E-4
10000,world_dense_cells,1,21,0.591872,9.0E-4
10000,world_dense_cells,1,22,0.605184,0.001
10000,world_dense_cells,1,23,0.596992,0.001
10000,world_dense_cells,1,24,0.605184,9.0E-4
10000,world_dense_cells,1,25,0.59392,0.001
10000,world_dense_cells,1,26,0.605184,8.0E-4
10000,world_dense_cells,1,27,0.592896,8.0E-4
10000,world_dense_cells,1,28,0.60416,0.001
10000,world_dense_cells,1,29,0.592896,9.0E-4
10000,world_dense_cells,2,0,0.674816,0.0034
10000,world_dense_cells,2,1,0.642048,9.0E-4
10000,world_dense_cells,2,2,0.627712,9.0E-4
10000,world_dense_cells,2,3,0.63488,0.0013
10000,world_dense_cells,2,4,0.622592,8.0E-4
10000,world_dense_cells,2,5,0.631808,0.001
10000,world_dense_cells,2,6,0.628736,9.0E-4
10000,world_dense_cells,2,7,0.64,0.0026
10000,world_dense_cells,2,8,0.626688,0.001
10000,world_dense_cells,2,9,0.64,0.0016
10000,world_dense_cells,2,10,0.627712,8.0E-4
10000,world_dense_cells,2,11,0.636928,0.001
10000,world_dense_cells,2,12,0.627712,8.0E-4
10000,world_dense_cells,2,13,0.845824,9.0E-4
10000,world_dense_cells,2,14,0.627712,8.0E-4
10000,world_dense_cells,2,15,0.677888,9.0E-4
10000,world_dense_cells,2,16,0.637952,9.0E-4
10000,world_dense_cells,2,17,0.62976,9.0E-4
10000,world_dense_cells,2,18,0.60928,9.0E-4
10000,world_dense_cells,2,19,0.59392,8.0E-4
10000,world_dense_cells,2,20,0.603136,0.001
10000,world_dense_cells,2,21,0.598016,8.0E-4
10000,world_dense_cells,2,22,0.60416,0.001
10000,world_dense_cells,2,23,0.59392,0.001
10000,world_dense_cells,2,24,0.605184,8.0E-4
10000,world_dense_cells,2,25,0.592896,8.0E-4
10000,world_dense_cells,2,26,0.60416,9.0E-4
10000,world_dense_cells,2,27,0.591872,8.0E-4
10000,world_dense_cells,2,28,0.607232,0.001
10000,world_dense_cells,2,29,0.591872,8.0E-4
10000,world_dense_cells,3,0,0.68608,0.0041
10000,world_dense_cells,3,1,0.646144,9.0E-4
10000,world_dense_cells,3,2,0.625664,7.0E-4
10000,world_dense_cells,3,3,0.635904,0.001
10000,world_dense_cells,3,4,0.626688,0.0025
10000,world_dense_cells,3,5,0.63488,0.001
10000,world_dense_cells,3,6,0.626688,8.0E-4
10000,world_dense_cells,3,7,0.637952,8.0E-4
10000,world_dense_cells,3,8,0.625664,9.0E-4
10000,world_dense_cells,3,9,0.638976,0.001
10000,world_dense_cells,3,10,0.627712,8.0E-4
10000,world_dense_cells,3,11,0.637952,0.001
10000,world_dense_cells,3,12,0.62464,7.0E-4
10000,world_dense_cells,3,13,0.637952,9.0E-4
10000,world_dense_cells,3,14,0.625664,8.0E-4
10000,world_dense_cells,3,15,0.662528,9.0E-4
10000,world_dense_cells,3,16,0.626688,9.0E-4
10000,world_dense_cells,3,17,0.667648,0.001
10000,world_dense_cells,3,18,0.60416,9.0E-4
10000,world_dense_cells,3,19,0.595968,9.0E-4
10000,world_dense_cells,3,20,0.607232,0.001
10000,world_dense_cells,3,21,0.59392,0.001
10000,world_dense_cells,3,22,0.602112,9.0E-4
10000,world_dense_cells,3,23,0.594944,9.0E-4
10000,world_dense_cells,3,24,0.606208,9.0E-4
10000,world_dense_cells,3,25,0.594944,8.0E-4
10000,world_dense_cells,3,26,0.608256,0.001
10000,world_dense_cells,3,27,0.592896,8.0E-4
10000,world_dense_cells,3,28,0.607232,0.001
10000,world_dense_cells,3,29,0.594944,8.0E-4
10000,world_dense_contacts,1,0,0.685056,0.0029
10000,world_dense_contacts,1,1,0.644096,0.001
10000,world_dense_contacts,1,2,0.623616,9.0E-4
10000,world_dense_contacts,1,3,0.63488,0.001
10000,world_dense_contacts,1,4,0.623616,9.0E-4
10000,world_dense_contacts,1,5,0.635904,9.0E-4
10000,world_dense_contacts,1,6,0.625664,9.0E-4
10000,world_dense_contacts,1,7,0.636928,8.0E-4
10000,world_dense_contacts,1,8,0.626688,8.0E-4
10000,world_dense_contacts,1,9,0.641024,0.001
10000,world_dense_contacts,1,10,0.62464,8.0E-4
10000,world_dense_contacts,1,11,0.637952,0.001
10000,world_dense_contacts,1,12,0.626688,8.0E-4
10000,world_dense_contacts,1,13,0.64,8.0E-4
10000,world_dense_contacts,1,14,0.625664,8.0E-4
10000,world_dense_contacts,1,15,0.666624,9.0E-4
10000,world_dense_contacts,1,16,0.627712,8.0E-4
10000,world_dense_contacts,1,17,0.67072,0.001
10000,world_dense_contacts,1,18,0.605184,0.0014
10000,world_dense_contacts,1,19,0.595968,8.0E-4
10000,world_dense_contacts,1,20,0.605184,9.0E-4
10000,world_dense_contacts,1,21,0.596992,9.0E-4
10000,world_dense_contacts,1,22,0.605184,9.0E-4
10000,world_dense_contacts,1,23,0.600064,9.0E-4
10000,world_dense_contacts,1,24,0.612352,8.0E-4
10000,world_dense_contacts,1,25,0.595968,8.0E-4
10000,world_dense_contacts,1,26,0.607232,0.001
10000,world_dense_contacts,1,27,0.595968,8.0E-4
10000,world_dense_contacts,1,28,0.612352,0.001
10000,world_dense_contacts,1,29,0.596992,8.0E-4
10000,world_dense_contacts,2,0,0.679936,0.0049
10000,world_dense_contacts,2,1,0.646144,0.001
10000,world_dense_contacts,2,2,0.628736,8.0E-4
10000,world_dense_contacts,2,3,0.638976,9.0E-4
10000,world_dense_contacts,2,4,0.62464,9.0E-4
10000,world_dense_contacts,2,5,0.635904,8.0E-4
10000,world_dense_contacts,2,6,0.631808,8.0E-4
10000,world_dense_contacts,2,7,0.64,0.0037
10000,world_dense_contacts,2,8,0.62976,9.0E-4
10000,world_dense_contacts,2,9,0.64512,0.001
10000,world_dense_contacts,2,10,0.62976,0.0015
10000,world_dense_contacts,2,11,0.643072,9.0E-4
10000,world_dense_contacts,2,12,0.630784,8.0E-4
10000,world_dense_contacts,2,13,0.671744,8.0E-4
10000,world_dense_contacts,2,14,0.627712,8.0E-4
10000,world_dense_contacts,2,15,0.669696,9.0E-4
10000,world_dense_contacts,2,16,0.641024,8.0E-4
10000,world_dense_contacts,2,17,0.631808,0.001
10000,world_dense_contacts,2,18,0.60928,9.0E-4
10000,world_dense_contacts,2,19,0.596992,8.0E-4
10000,world_dense_contacts,2,20,0.60928,0.001
10000,world_dense_contacts,2,21,0.598016,8.0E-4
10000,world_dense_contacts,2,22,0.602112,9.0E-4
10000,world_dense_contacts,2,23,0.595968,8.0E-4
10000,world_dense_contacts,2,24,0.610304,9.0E-4
10000,world_dense_contacts,2,25,0.596992,8.0E-4
10000,world_dense_contacts,2,26,0.606208,9.0E-4
10000,world_dense_contacts,2,27,0.598016,9.0E-4
10000,world_dense_contacts,2,28,0.610304,8.0E-4
10000,world_dense_contacts,2,29,0.595968,8.0E-4
10000,world_dense_contacts,3,0,0.671744,0.0031
10000,world_dense_contacts,3,1,0.648192,9.0E-4
10000,world_dense_contacts,3,2,0.62976,8.0E-4
10000,world_dense_contacts,3,3,0.635904,9.0E-4
10000,world_dense_contacts,3,4,0.628736,0.0035
10000,world_dense_contacts,3,5,0.638976,9.0E-4
10000,world_dense_contacts,3,6,0.631808,8.0E-4
10000,world_dense_contacts,3,7,0.636928,9.0E-4
10000,world_dense_contacts,3,8,0.628736,8.0E-4
10000,world_dense_contacts,3,9,0.64,9.0E-4
10000,world_dense_contacts,3,10,0.62976,8.0E-4
10000,world_dense_contacts,3,11,0.643072,8.0E-4
10000,world_dense_contacts,3,12,0.628736,7.0E-4
10000,world_dense_contacts,3,13,0.64,8.0E-4
10000,world_dense_contacts,3,14,0.632832,9.0E-4
10000,world_dense_contacts,3,15,0.671744,9.0E-4
10000,world_dense_contacts,3,16,0.630784,8.0E-4
10000,world_dense_contacts,3,17,0.83968,9.0E-4
10000,world_dense_contacts,3,18,0.826368,9.0E-4
10000,world_dense_contacts,3,19,0.59904,8.0E-4
10000,world_dense_contacts,3,20,0.611328,9.0E-4
10000,world_dense_contacts,3,21,0.594944,9.0E-4
10000,world_dense_contacts,3,22,0.606208,8.0E-4
10000,world_dense_contacts,3,23,0.602112,9.0E-4
10000,world_dense_contacts,3,24,0.608256,8.0E-4
10000,world_dense_contacts,3,25,0.596992,8.0E-4
10000,world_dense_contacts,3,26,0.607232,9.0E-4
10000,world_dense_contacts,3,27,0.598016,8.0E-4
10000,world_dense_contacts,3,28,0.608256,8.0E-4
10000,world_dense_contacts,3,29,0.595968,8.0E-4
65536,legacy_air,1,0,1.186816,0.0195
65536,legacy_air,1,1,1.188864,8.0E-4
65536,legacy_air,1,2,1.186816,0.0057
65536,legacy_air,1,3,1.216512,8.0E-4
65536,legacy_air,1,4,1.179648,6.0E-4
65536,legacy_air,1,5,1.201152,8.0E-4
65536,legacy_air,1,6,1.169408,8.0E-4
65536,legacy_air,1,7,1.139712,8.0E-4
65536,legacy_air,1,8,1.20832,8.0E-4
65536,legacy_air,1,9,1.19296,0.0021
65536,legacy_air,1,10,1.234944,8.0E-4
65536,legacy_air,1,11,1.246208,8.0E-4
65536,legacy_air,1,12,1.232896,8.0E-4
65536,legacy_air,1,13,1.284096,7.0E-4
65536,legacy_air,1,14,1.265664,7.0E-4
65536,legacy_air,1,15,1.29024,8.0E-4
65536,legacy_air,1,16,1.4848,7.0E-4
65536,legacy_air,1,17,1.31584,8.0E-4
65536,legacy_air,1,18,1.319936,8.0E-4
65536,legacy_air,1,19,1.307648,7.0E-4
65536,legacy_air,1,20,1.268736,9.0E-4
65536,legacy_air,1,21,1.286144,8.0E-4
65536,legacy_air,1,22,1.286144,6.0E-4
65536,legacy_air,1,23,1.25952,7.0E-4
65536,legacy_air,1,24,1.263616,8.0E-4
65536,legacy_air,1,25,1.257472,7.0E-4
65536,legacy_air,1,26,1.23904,8.0E-4
65536,legacy_air,1,27,1.220608,9.0E-4
65536,legacy_air,1,28,1.197056,7.0E-4
65536,legacy_air,1,29,1.166336,8.0E-4
65536,legacy_air,2,0,1.190912,0.0057
65536,legacy_air,2,1,1.193984,7.0E-4
65536,legacy_air,2,2,1.216512,8.0E-4
65536,legacy_air,2,3,1.2032,6.0E-4
65536,legacy_air,2,4,1.175552,8.0E-4
65536,legacy_air,2,5,1.20832,7.0E-4
65536,legacy_air,2,6,1.163264,7.0E-4
65536,legacy_air,2,7,1.159168,8.0E-4
65536,legacy_air,2,8,1.20832,0.0034
65536,legacy_air,2,9,1.380352,7.0E-4
65536,legacy_air,2,10,1.222656,6.0E-4
65536,legacy_air,2,11,1.236992,8.0E-4
65536,legacy_air,2,12,1.248256,7.0E-4
65536,legacy_air,2,13,1.28,8.0E-4
65536,legacy_air,2,14,1.271808,9.0E-4
65536,legacy_air,2,15,1.294336,7.0E-4
65536,legacy_air,2,16,1.28,0.0035
65536,legacy_air,2,17,1.27488,8.0E-4
65536,legacy_air,2,18,1.284096,6.0E-4
65536,legacy_air,2,19,1.29536,8.0E-4
65536,legacy_air,2,20,1.253376,8.0E-4
65536,legacy_air,2,21,1.291264,6.0E-4
65536,legacy_air,2,22,1.25952,7.0E-4
65536,legacy_air,2,23,1.255424,8.0E-4
65536,legacy_air,2,24,1.255424,7.0E-4
65536,legacy_air,2,25,1.242112,7.0E-4
65536,legacy_air,2,26,1.24416,8.0E-4
65536,legacy_air,2,27,1.199104,7.0E-4
65536,legacy_air,2,28,1.185792,8.0E-4
65536,legacy_air,2,29,1.130496,8.0E-4
65536,legacy_air,3,0,1.201152,0.006
65536,legacy_air,3,1,1.421312,8.0E-4
65536,legacy_air,3,2,1.220608,7.0E-4
65536,legacy_air,3,3,1.268736,8.0E-4
65536,legacy_air,3,4,1.163264,8.0E-4
65536,legacy_air,3,5,1.210368,6.0E-4
65536,legacy_air,3,6,1.176576,8.0E-4
65536,legacy_air,3,7,1.139712,8.0E-4
65536,legacy_air,3,8,1.211392,7.0E-4
65536,legacy_air,3,9,1.189888,7.0E-4
65536,legacy_air,3,10,1.224704,7.0E-4
65536,legacy_air,3,11,1.248256,7.0E-4
65536,legacy_air,3,12,1.242112,8.0E-4
65536,legacy_air,3,13,1.289216,7.0E-4
65536,legacy_air,3,14,1.2544,6.0E-4
65536,legacy_air,3,15,1.298432,8.0E-4
65536,legacy_air,3,16,1.287168,8.0E-4
65536,legacy_air,3,17,1.314816,7.0E-4
65536,legacy_air,3,18,1.324032,8.0E-4
65536,legacy_air,3,19,1.327104,8.0E-4
65536,legacy_air,3,20,1.294336,7.0E-4
65536,legacy_air,3,21,1.314816,7.0E-4
65536,legacy_air,3,22,1.299456,7.0E-4
65536,legacy_air,3,23,1.26976,7.0E-4
65536,legacy_air,3,24,1.282048,8.0E-4
65536,legacy_air,3,25,1.275904,8.0E-4
65536,legacy_air,3,26,1.275904,7.0E-4
65536,legacy_air,3,27,1.41312,8.0E-4
65536,legacy_air,3,28,1.221632,7.0E-4
65536,legacy_air,3,29,1.176576,7.0E-4
65536,world_air_cells,1,0,2.139136,0.0081
65536,world_air_cells,1,1,1.654784,0.001
65536,world_air_cells,1,2,1.504256,8.0E-4
65536,world_air_cells,1,3,1.696768,8.0E-4
65536,world_air_cells,1,4,1.538048,9.0E-4
65536,world_air_cells,1,5,1.724416,9.0E-4
65536,world_air_cells,1,6,1.4848,8.0E-4
65536,world_air_cells,1,7,1.752064,9.0E-4
65536,world_air_cells,1,8,1.57184,8.0E-4
65536,world_air_cells,1,9,1.734656,8.0E-4
65536,world_air_cells,1,10,1.742848,9.0E-4
65536,world_air_cells,1,11,1.55648,9.0E-4
65536,world_air_cells,1,12,1.82784,9.0E-4
65536,world_air_cells,1,13,1.61792,9.0E-4
65536,world_air_cells,1,14,1.808384,9.0E-4
65536,world_air_cells,1,15,1.57696,9.0E-4
65536,world_air_cells,1,16,1.790976,0.001
65536,world_air_cells,1,17,1.572864,0.001
65536,world_air_cells,1,18,1.777664,9.0E-4
65536,world_air_cells,1,19,1.580032,8.0E-4
65536,world_air_cells,1,20,2.141184,0.0019
65536,world_air_cells,1,21,1.58208,9.0E-4
65536,world_air_cells,1,22,1.739776,0.001
65536,world_air_cells,1,23,1.543168,0.001
65536,world_air_cells,1,24,1.75104,9.0E-4
65536,world_air_cells,1,25,1.539072,8.0E-4
65536,world_air_cells,1,26,1.769472,9.0E-4
65536,world_air_cells,1,27,1.524736,9.0E-4
65536,world_air_cells,1,28,1.755136,9.0E-4
65536,world_air_cells,1,29,1.664,8.0E-4
65536,world_air_cells,2,0,1.750016,0.0313
65536,world_air_cells,2,1,1.666048,0.0039
65536,world_air_cells,2,2,1.48992,0.0039
65536,world_air_cells,2,3,1.691648,0.0015
65536,world_air_cells,2,4,1.521664,0.0014
65536,world_air_cells,2,5,1.741824,0.0016
65536,world_air_cells,2,6,1.485824,0.0056
65536,world_air_cells,2,7,2.159616,0.0051
65536,world_air_cells,2,8,1.580032,0.0026
65536,world_air_cells,2,9,1.731584,9.0E-4
65536,world_air_cells,2,10,1.55648,0.001
65536,world_air_cells,2,11,1.795072,0.0017
65536,world_air_cells,2,12,1.763328,8.0E-4
65536,world_air_cells,2,13,1.619968,0.001
65536,world_air_cells,2,14,1.793024,9.0E-4
65536,world_air_cells,2,15,1.577984,8.0E-4
65536,world_air_cells,2,16,1.805312,9.0E-4
65536,world_air_cells,2,17,1.570816,9.0E-4
65536,world_air_cells,2,18,1.762304,0.0033
65536,world_air_cells,2,19,1.579008,9.0E-4
65536,world_air_cells,2,20,1.753088,0.0016
65536,world_air_cells,2,21,1.589248,8.0E-4
65536,world_air_cells,2,22,1.732608,0.001
65536,world_air_cells,2,23,1.547264,8.0E-4
65536,world_air_cells,2,24,1.74592,0.0025
65536,world_air_cells,2,25,1.544192,0.001
65536,world_air_cells,2,26,1.750016,9.0E-4
65536,world_air_cells,2,27,1.99168,8.0E-4
65536,world_air_cells,2,28,1.758208,0.001
65536,world_air_cells,2,29,1.470464,0.0037
65536,world_air_cells,3,0,1.75104,0.0067
65536,world_air_cells,3,1,1.652736,0.0011
65536,world_air_cells,3,2,1.491968,9.0E-4
65536,world_air_cells,3,3,1.709056,0.001
65536,world_air_cells,3,4,1.526784,8.0E-4
65536,world_air_cells,3,5,1.732608,8.0E-4
65536,world_air_cells,3,6,1.494016,8.0E-4
65536,world_air_cells,3,7,1.703936,8.0E-4
65536,world_air_cells,3,8,1.573888,8.0E-4
65536,world_air_cells,3,9,1.69984,0.001
65536,world_air_cells,3,10,1.550336,0.0026
65536,world_air_cells,3,11,1.792,9.0E-4
65536,world_air_cells,3,12,1.570816,8.0E-4
65536,world_air_cells,3,13,1.851392,8.0E-4
65536,world_air_cells,3,14,1.79712,8.0E-4
65536,world_air_cells,3,15,2.091008,8.0E-4
65536,world_air_cells,3,16,1.793024,8.0E-4
65536,world_air_cells,3,17,1.57184,9.0E-4
65536,world_air_cells,3,18,1.778688,8.0E-4
65536,world_air_cells,3,19,1.583104,8.0E-4
65536,world_air_cells,3,20,1.734656,9.0E-4
65536,world_air_cells,3,21,1.583104,0.001
65536,world_air_cells,3,22,1.746944,9.0E-4
65536,world_air_cells,3,23,1.540096,9.0E-4
65536,world_air_cells,3,24,1.737728,0.001
65536,world_air_cells,3,25,1.547264,8.0E-4
65536,world_air_cells,3,26,1.74592,0.001
65536,world_air_cells,3,27,1.513472,7.0E-4
65536,world_air_cells,3,28,1.732608,9.0E-4
65536,world_air_cells,3,29,1.472512,8.0E-4
65536,world_air,1,0,0.971776,0.0081
65536,world_air,1,1,0.980992,0.0044
65536,world_air,1,2,0.96256,0.003
65536,world_air,1,3,1.156096,0.0012
65536,world_air,1,4,0.969728,0.0011
65536,world_air,1,5,0.986112,0.001
65536,world_air,1,6,0.941056,0.001
65536,world_air,1,7,0.945152,0.001
65536,world_air,1,8,0.992256,9.0E-4
65536,world_air,1,9,0.950272,0.0023
65536,world_air,1,10,0.989184,0.001
65536,world_air,1,11,0.995328,0.0012
65536,world_air,1,12,1.017856,0.0012
65536,world_air,1,13,1.069056,0.0011
65536,world_air,1,14,1.024,9.0E-4
65536,world_air,1,15,1.05472,0.0011
65536,world_air,1,16,1.05984,9.0E-4
65536,world_air,1,17,1.02912,0.001
65536,world_air,1,18,1.078272,0.001
65536,world_air,1,19,1.04448,9.0E-4
65536,world_air,1,20,1.03424,0.0012
65536,world_air,1,21,1.035264,0.001
65536,world_air,1,22,1.028096,9.0E-4
65536,world_air,1,23,0.9984,0.001
65536,world_air,1,24,1.021952,0.0013
65536,world_air,1,25,1.012736,9.0E-4
65536,world_air,1,26,0.991232,0.0011
65536,world_air,1,27,0.9728,9.0E-4
65536,world_air,1,28,0.934912,0.0011
65536,world_air,1,29,0.892928,9.0E-4
65536,world_air,2,0,0.96256,0.0096
65536,world_air,2,1,0.969728,0.001
65536,world_air,2,2,0.966656,0.001
65536,world_air,2,3,1.176576,0.001
65536,world_air,2,4,0.966656,9.0E-4
65536,world_air,2,5,1.00864,9.0E-4
65536,world_air,2,6,0.968704,8.0E-4
65536,world_air,2,7,0.965632,0.001
65536,world_air,2,8,1.030144,9.0E-4
65536,world_air,2,9,0.968704,0.001
65536,world_air,2,10,1.019904,0.0011
65536,world_air,2,11,1.027072,8.0E-4
65536,world_air,2,12,1.051648,0.0012
65536,world_air,2,13,1.094656,9.0E-4
65536,world_air,2,14,1.05984,0.001
65536,world_air,2,15,1.076224,0.001
65536,world_air,2,16,1.102848,9.0E-4
65536,world_air,2,17,1.060864,9.0E-4
65536,world_air,2,18,1.10592,0.001
65536,world_air,2,19,1.077248,8.0E-4
65536,world_air,2,20,1.062912,0.001
65536,world_air,2,21,1.067008,9.0E-4
65536,world_air,2,22,1.061888,8.0E-4
65536,world_air,2,23,1.030144,9.0E-4
65536,world_air,2,24,1.04448,9.0E-4
65536,world_air,2,25,1.038336,8.0E-4
65536,world_air,2,26,1.004544,0.001
65536,world_air,2,27,0.975872,0.0011
65536,world_air,2,28,0.935936,9.0E-4
65536,world_air,2,29,0.903168,9.0E-4
65536,world_air,3,0,0.9728,0.0129
65536,world_air,3,1,0.975872,0.0041
65536,world_air,3,2,0.999424,0.0014
65536,world_air,3,3,1.019904,0.0025
65536,world_air,3,4,1.00864,0.0019
65536,world_air,3,5,1.660928,0.0015
65536,world_air,3,6,0.98304,0.0016
65536,world_air,3,7,0.961536,0.0019
65536,world_air,3,8,1.343488,0.0017
65536,world_air,3,9,0.953344,0.0029
65536,world_air,3,10,0.990208,0.0041
65536,world_air,3,11,1.005568,0.0018
65536,world_air,3,12,1.027072,0.0032
65536,world_air,3,13,1.076224,0.003
65536,world_air,3,14,1.03424,0.0021
65536,world_air,3,15,1.056768,0.004
65536,world_air,3,16,1.067008,0.0013
65536,world_air,3,17,1.025024,0.0016
65536,world_air,3,18,1.086464,0.0016
65536,world_air,3,19,1.053696,9.0E-4
65536,world_air,3,20,1.03936,0.0024
65536,world_air,3,21,1.28,0.0016
65536,world_air,3,22,1.035264,9.0E-4
65536,world_air,3,23,1.103872,0.0013
65536,world_air,3,24,1.027072,0.0022
65536,world_air,3,25,1.015808,0.0012
65536,world_air,3,26,1.00352,0.0025
65536,world_air,3,27,0.978944,0.0012
65536,world_air,3,28,0.940032,0.0013
65536,world_air,3,29,0.904192,0.0013
65536,world_dense_cells,1,0,2.19648,0.0103
65536,world_dense_cells,1,1,2.147328,0.0015
65536,world_dense_cells,1,2,2.16576,0.0038
65536,world_dense_cells,1,3,2.210816,0.0014
65536,world_dense_cells,1,4,2.5088,0.0096
65536,world_dense_cells,1,5,2.331648,0.0013
65536,world_dense_cells,1,6,2.455552,0.001
65536,world_dense_cells,1,7,2.228224,0.001
65536,world_dense_cells,1,8,2.182144,9.0E-4
65536,world_dense_cells,1,9,2.197504,0.0043
65536,world_dense_cells,1,10,2.152448,0.0011
65536,world_dense_cells,1,11,2.270208,9.0E-4
65536,world_dense_cells,1,12,2.291712,0.001
65536,world_dense_cells,1,13,2.352128,9.0E-4
65536,world_dense_cells,1,14,2.260992,9.0E-4
65536,world_dense_cells,1,15,2.541568,0.0011
65536,world_dense_cells,1,16,2.27328,0.001
65536,world_dense_cells,1,17,2.271232,0.0011
65536,world_dense_cells,1,18,2.347008,0.0011
65536,world_dense_cells,1,19,2.56512,9.0E-4
65536,world_dense_cells,1,20,2.33472,0.001
65536,world_dense_cells,1,21,2.300928,9.0E-4
65536,world_dense_cells,1,22,2.318336,0.001
65536,world_dense_cells,1,23,2.316288,9.0E-4
65536,world_dense_cells,1,24,2.531328,0.001
65536,world_dense_cells,1,25,2.312192,9.0E-4
65536,world_dense_cells,1,26,2.434048,0.001
65536,world_dense_cells,1,27,2.408448,9.0E-4
65536,world_dense_cells,1,28,2.414592,9.0E-4
65536,world_dense_cells,1,29,2.382848,9.0E-4
65536,world_dense_cells,2,0,2.159616,0.0103
65536,world_dense_cells,2,1,2.122752,0.0011
65536,world_dense_cells,2,2,2.127872,0.0029
65536,world_dense_cells,2,3,2.19648,0.001
65536,world_dense_cells,2,4,2.194432,9.0E-4
65536,world_dense_cells,2,5,2.219008,9.0E-4
65536,world_dense_cells,2,6,2.195456,9.0E-4
65536,world_dense_cells,2,7,2.183168,0.001
65536,world_dense_cells,2,8,2.16576,9.0E-4
65536,world_dense_cells,2,9,2.367488,0.001
65536,world_dense_cells,2,10,2.361344,0.0011
65536,world_dense_cells,2,11,2.325504,9.0E-4
65536,world_dense_cells,2,12,2.301952,9.0E-4
65536,world_dense_cells,2,13,2.28864,0.001
65536,world_dense_cells,2,14,2.276352,0.001
65536,world_dense_cells,2,15,2.285568,0.001
65536,world_dense_cells,2,16,2.259968,0.001
65536,world_dense_cells,2,17,2.285568,9.0E-4
65536,world_dense_cells,2,18,2.522112,0.001
65536,world_dense_cells,2,19,2.275328,0.0011
65536,world_dense_cells,2,20,2.276352,9.0E-4
65536,world_dense_cells,2,21,2.276352,9.0E-4
65536,world_dense_cells,2,22,2.300928,9.0E-4
65536,world_dense_cells,2,23,2.333696,9.0E-4
65536,world_dense_cells,2,24,2.341888,0.001
65536,world_dense_cells,2,25,2.635776,8.0E-4
65536,world_dense_cells,2,26,2.666496,0.001
65536,world_dense_cells,2,27,2.410496,9.0E-4
65536,world_dense_cells,2,28,2.412544,9.0E-4
65536,world_dense_cells,2,29,2.3808,9.0E-4
65536,world_dense_cells,3,0,2.146304,0.0115
65536,world_dense_cells,3,1,2.121728,0.0082
65536,world_dense_cells,3,2,2.468864,0.0038
65536,world_dense_cells,3,3,2.164736,0.0014
65536,world_dense_cells,3,4,2.209792,0.0071
65536,world_dense_cells,3,5,2.223104,0.0012
65536,world_dense_cells,3,6,2.192384,0.0014
65536,world_dense_cells,3,7,2.193408,0.0018
65536,world_dense_cells,3,8,2.15552,0.0011
65536,world_dense_cells,3,9,2.177024,0.0019
65536,world_dense_cells,3,10,2.502656,0.0013
65536,world_dense_cells,3,11,2.680832,9.0E-4
65536,world_dense_cells,3,12,2.287616,0.0019
65536,world_dense_cells,3,13,2.333696,0.0018
65536,world_dense_cells,3,14,2.277376,0.0011
65536,world_dense_cells,3,15,2.274304,0.0023
65536,world_dense_cells,3,16,2.49344,0.0015
65536,world_dense_cells,3,17,2.267136,0.001
65536,world_dense_cells,3,18,2.348032,0.0017
65536,world_dense_cells,3,19,2.302976,0.0012
65536,world_dense_cells,3,20,2.535424,0.0015
65536,world_dense_cells,3,21,2.284544,0.0012
65536,world_dense_cells,3,22,2.340864,0.0017
65536,world_dense_cells,3,23,2.295808,0.0012
65536,world_dense_cells,3,24,2.330624,0.0017
65536,world_dense_cells,3,25,2.310144,0.0013
65536,world_dense_cells,3,26,2.440192,0.0018
65536,world_dense_cells,3,27,2.395136,0.0012
65536,world_dense_cells,3,28,2.653184,0.001
65536,world_dense_cells,3,29,2.436096,0.0016
65536,world_dense_contacts,1,0,2.221056,0.0056
65536,world_dense_contacts,1,1,2.192384,0.0015
65536,world_dense_contacts,1,2,2.182144,0.0104
65536,world_dense_contacts,1,3,2.236416,0.0029
65536,world_dense_contacts,1,4,2.262016,0.0011
65536,world_dense_contacts,1,5,2.280448,0.0011
65536,world_dense_contacts,1,6,2.250752,0.001
65536,world_dense_contacts,1,7,2.245632,0.001
65536,world_dense_contacts,1,8,2.214912,9.0E-4
65536,world_dense_contacts,1,9,2.199552,0.001
65536,world_dense_contacts,1,10,2.172928,0.001
65536,world_dense_contacts,1,11,2.494464,9.0E-4
65536,world_dense_contacts,1,12,2.285568,9.0E-4
65536,world_dense_contacts,1,13,2.343936,0.001
65536,world_dense_contacts,1,14,2.25792,0.001
65536,world_dense_contacts,1,15,2.354176,0.001
65536,world_dense_contacts,1,16,2.281472,0.0011
65536,world_dense_contacts,1,17,2.270208,9.0E-4
65536,world_dense_contacts,1,18,2.33984,0.001
65536,world_dense_contacts,1,19,2.316288,9.0E-4
65536,world_dense_contacts,1,20,2.331648,0.0043
65536,world_dense_contacts,1,21,2.315264,0.0011
65536,world_dense_contacts,1,22,2.313216,0.0013
65536,world_dense_contacts,1,23,2.301952,9.0E-4
65536,world_dense_contacts,1,24,2.333696,0.001
65536,world_dense_contacts,1,25,2.497536,9.0E-4
65536,world_dense_contacts,1,26,2.475008,0.001
65536,world_dense_contacts,1,27,2.403328,8.0E-4
65536,world_dense_contacts,1,28,2.424832,9.0E-4
65536,world_dense_contacts,1,29,2.377728,9.0E-4
65536,world_dense_contacts,2,0,2.152448,0.0074
65536,world_dense_contacts,2,1,2.138112,0.001
65536,world_dense_contacts,2,2,2.41664,0.0032
65536,world_dense_contacts,2,3,2.241536,0.001
65536,world_dense_contacts,2,4,2.20672,9.0E-4
65536,world_dense_contacts,2,5,2.209792,9.0E-4
65536,world_dense_contacts,2,6,2.187264,9.0E-4
65536,world_dense_contacts,2,7,2.19136,0.001
65536,world_dense_contacts,2,8,2.154496,0.0029
65536,world_dense_contacts,2,9,2.180096,0.0011
65536,world_dense_contacts,2,10,2.154496,0.0029
65536,world_dense_contacts,2,11,2.300928,0.001
65536,world_dense_contacts,2,12,2.276352,0.001
65536,world_dense_contacts,2,13,2.342912,0.001
65536,world_dense_contacts,2,14,2.284544,0.0028
65536,world_dense_contacts,2,15,2.276352,0.001
65536,world_dense_contacts,2,16,2.265088,0.001
65536,world_dense_contacts,2,17,2.496512,9.0E-4
65536,world_dense_contacts,2,18,2.353152,0.001
65536,world_dense_contacts,2,19,2.332672,9.0E-4
65536,world_dense_contacts,2,20,2.341888,9.0E-4
65536,world_dense_contacts,2,21,2.310144,9.0E-4
65536,world_dense_contacts,2,22,2.349056,0.001
65536,world_dense_contacts,2,23,2.330624,9.0E-4
65536,world_dense_contacts,2,24,2.342912,9.0E-4
65536,world_dense_contacts,2,25,2.320384,9.0E-4
65536,world_dense_contacts,2,26,2.443264,8.0E-4
65536,world_dense_contacts,2,27,2.407424,9.0E-4
65536,world_dense_contacts,2,28,2.404352,9.0E-4
65536,world_dense_contacts,2,29,2.376704,8.0E-4
65536,world_dense_contacts,3,0,2.151424,0.009
65536,world_dense_contacts,3,1,2.117632,0.0011
65536,world_dense_contacts,3,2,2.123776,9.0E-4
65536,world_dense_contacts,3,3,2.189312,9.0E-4
65536,world_dense_contacts,3,4,2.19648,0.001
65536,world_dense_contacts,3,5,2.213888,0.0045
65536,world_dense_contacts,3,6,2.184192,0.0031
65536,world_dense_contacts,3,7,2.204672,0.0011
65536,world_dense_contacts,3,8,2.1504,0.0013
65536,world_dense_contacts,3,9,2.376704,9.0E-4
65536,world_dense_contacts,3,10,2.153472,8.0E-4
65536,world_dense_contacts,3,11,2.297856,0.001
65536,world_dense_contacts,3,12,2.274304,9.0E-4
65536,world_dense_contacts,3,13,2.338816,0.0011
65536,world_dense_contacts,3,14,2.272256,0.001
65536,world_dense_contacts,3,15,2.275328,9.0E-4
65536,world_dense_contacts,3,16,2.256896,0.001
65536,world_dense_contacts,3,17,2.245632,9.0E-4
65536,world_dense_contacts,3,18,2.302976,9.0E-4
65536,world_dense_contacts,3,19,2.328576,0.005
65536,world_dense_contacts,3,20,2.326528,9.0E-4
65536,world_dense_contacts,3,21,2.31936,9.0E-4
65536,world_dense_contacts,3,22,2.341888,0.0011
65536,world_dense_contacts,3,23,2.619392,9.0E-4
65536,world_dense_contacts,3,24,2.390016,0.001
65536,world_dense_contacts,3,25,2.320384,9.0E-4
65536,world_dense_contacts,3,26,2.455552,9.0E-4
65536,world_dense_contacts,3,27,2.404352,9.0E-4
65536,world_dense_contacts,3,28,2.42176,0.001
65536,world_dense_contacts,3,29,2.392064,9.0E-4
131072,legacy_air,1,0,2.567168,0.0108
131072,legacy_air,1,1,2.52928,0.001
131072,legacy_air,1,2,2.527232,8.0E-4
131072,legacy_air,1,3,2.557952,0.001
131072,legacy_air,1,4,2.63168,8.0E-4
131072,legacy_air,1,5,2.586624,9.0E-4
131072,legacy_air,1,6,2.587648,9.0E-4
131072,legacy_air,1,7,2.789376,9.0E-4
131072,legacy_air,1,8,2.573312,9.0E-4
131072,legacy_air,1,9,2.496512,9.0E-4
131072,legacy_air,1,10,2.4832,9.0E-4
131072,legacy_air,1,11,2.512896,0.0012
131072,legacy_air,1,12,2.548736,0.001
131072,legacy_air,1,13,2.5344,0.001
131072,legacy_air,1,14,2.54464,8.0E-4
131072,legacy_air,1,15,2.551808,9.0E-4
131072,legacy_air,1,16,2.52928,8.0E-4
131072,legacy_air,1,17,2.656256,9.0E-4
131072,legacy_air,1,18,2.635776,0.001
131072,legacy_air,1,19,2.6112,8.0E-4
131072,legacy_air,1,20,2.816,8.0E-4
131072,legacy_air,1,21,2.681856,8.0E-4
131072,legacy_air,1,22,3.117056,9.0E-4
131072,legacy_air,1,23,2.696192,9.0E-4
131072,legacy_air,1,24,2.710528,9.0E-4
131072,legacy_air,1,25,2.757632,0.001
131072,legacy_air,1,26,2.742272,9.0E-4
131072,legacy_air,1,27,2.706432,9.0E-4
131072,legacy_air,1,28,2.7136,8.0E-4
131072,legacy_air,1,29,2.692096,9.0E-4
131072,legacy_air,2,0,2.476032,0.0136
131072,legacy_air,2,1,2.453504,0.0033
131072,legacy_air,2,2,2.41664,0.0033
131072,legacy_air,2,3,2.697216,0.0035
131072,legacy_air,2,4,2.50368,0.0032
131072,legacy_air,2,5,2.44224,0.0014
131072,legacy_air,2,6,2.446336,0.0012
131072,legacy_air,2,7,2.463744,0.001
131072,legacy_air,2,8,2.485248,0.0011
131072,legacy_air,2,9,2.449408,0.001
131072,legacy_air,2,10,2.428928,0.001
131072,legacy_air,2,11,2.480128,0.0012
131072,legacy_air,2,12,2.516992,0.0011
131072,legacy_air,2,13,2.59584,0.001
131072,legacy_air,2,14,2.608128,0.001
131072,legacy_air,2,15,2.605056,0.0012
131072,legacy_air,2,16,2.9952,0.0067
131072,legacy_air,2,17,2.630656,0.0018
131072,legacy_air,2,18,2.634752,0.0012
131072,legacy_air,2,19,2.622464,0.001
131072,legacy_air,2,20,2.655232,9.0E-4
131072,legacy_air,2,21,2.722816,8.0E-4
131072,legacy_air,2,22,2.709504,8.0E-4
131072,legacy_air,2,23,2.69824,0.001
131072,legacy_air,2,24,2.740224,9.0E-4
131072,legacy_air,2,25,2.7648,8.0E-4
131072,legacy_air,2,26,2.74432,8.0E-4
131072,legacy_air,2,27,2.701312,0.001
131072,legacy_air,2,28,2.948096,8.0E-4
131072,legacy_air,2,29,2.697216,0.001
131072,legacy_air,3,0,2.445312,0.0079
131072,legacy_air,3,1,2.409472,0.0011
131072,legacy_air,3,2,2.398208,0.0035
131072,legacy_air,3,3,2.441216,0.0011
131072,legacy_air,3,4,2.514944,9.0E-4
131072,legacy_air,3,5,2.470912,0.0087
131072,legacy_air,3,6,2.444288,9.0E-4
131072,legacy_air,3,7,2.470912,8.0E-4
131072,legacy_air,3,8,2.48832,0.001
131072,legacy_air,3,9,2.475008,8.0E-4
131072,legacy_air,3,10,2.43712,8.0E-4
131072,legacy_air,3,11,2.46784,0.001
131072,legacy_air,3,12,2.65728,8.0E-4
131072,legacy_air,3,13,2.480128,0.0013
131072,legacy_air,3,14,2.473984,9.0E-4
131072,legacy_air,3,15,2.481152,7.0E-4
131072,legacy_air,3,16,2.598912,9.0E-4
131072,legacy_air,3,17,2.661376,8.0E-4
131072,legacy_air,3,18,2.650112,7.0E-4
131072,legacy_air,3,19,2.613248,8.0E-4
131072,legacy_air,3,20,2.634752,9.0E-4
131072,legacy_air,3,21,2.689024,8.0E-4
131072,legacy_air,3,22,2.678784,0.001
131072,legacy_air,3,23,2.70336,9.0E-4
131072,legacy_air,3,24,2.922496,8.0E-4
131072,legacy_air,3,25,2.751488,0.001
131072,legacy_air,3,26,2.742272,0.001
131072,legacy_air,3,27,2.676736,8.0E-4
131072,legacy_air,3,28,2.738176,0.001
131072,legacy_air,3,29,2.660352,0.001
131072,world_air_cells,1,0,3.510272,0.0348
131072,world_air_cells,1,1,3.2768,0.0039
131072,world_air_cells,1,2,3.078144,0.0037
131072,world_air_cells,1,3,3.851264,0.0014
131072,world_air_cells,1,4,3.104768,0.0012
131072,world_air_cells,1,5,3.260416,0.0014
131072,world_air_cells,1,6,3.011584,0.0012
131072,world_air_cells,1,7,3.253248,0.0012
131072,world_air_cells,1,8,3.065856,0.0012
131072,world_air_cells,1,9,3.254272,0.0013
131072,world_air_cells,1,10,3.094528,0.0012
131072,world_air_cells,1,11,3.56864,0.0013
131072,world_air_cells,1,12,3.190784,0.0057
131072,world_air_cells,1,13,4.174848,0.0011
131072,world_air_cells,1,14,3.426304,9.0E-4
131072,world_air_cells,1,15,3.1744,0.001
131072,world_air_cells,1,16,3.387392,0.001
131072,world_air_cells,1,17,3.161088,0.0011
131072,world_air_cells,1,18,3.397632,0.001
131072,world_air_cells,1,19,3.262464,9.0E-4
131072,world_air_cells,1,20,3.427328,0.0011
131072,world_air_cells,1,21,3.284992,0.0011
131072,world_air_cells,1,22,3.500032,0.0011
131072,world_air_cells,1,23,3.929088,0.0011
131072,world_air_cells,1,24,3.462144,0.0043
131072,world_air_cells,1,25,3.309568,0.001
131072,world_air_cells,1,26,3.523584,0.0011
131072,world_air_cells,1,27,3.311616,9.0E-4
131072,world_air_cells,1,28,3.5072,0.0011
131072,world_air_cells,1,29,3.214336,0.0012
131072,world_air_cells,2,0,4.097024,0.0053
131072,world_air_cells,2,1,3.283968,0.0018
131072,world_air_cells,2,2,3.047424,0.0016
131072,world_air_cells,2,3,3.310592,0.0013
131072,world_air_cells,2,4,3.131392,0.0014
131072,world_air_cells,2,5,3.2768,0.0012
131072,world_air_cells,2,6,3.027968,0.0012
131072,world_air_cells,2,7,3.509248,0.0012
131072,world_air_cells,2,8,3.057664,0.0013
131072,world_air_cells,2,9,3.42528,0.0014
131072,world_air_cells,2,10,3.775488,0.0015
131072,world_air_cells,2,11,3.101696,0.0013
131072,world_air_cells,2,12,3.357696,0.0014
131072,world_air_cells,2,13,3.173376,0.0011
131072,world_air_cells,2,14,3.43552,0.0013
131072,world_air_cells,2,15,3.16928,0.0013
131072,world_air_cells,2,16,3.382272,0.0013
131072,world_air_cells,2,17,3.150848,0.002
131072,world_air_cells,2,18,3.39456,0.0019
131072,world_air_cells,2,19,3.280896,0.0016
131072,world_air_cells,2,20,3.887104,0.0017
131072,world_air_cells,2,21,3.330048,0.0011
131072,world_air_cells,2,22,3.495936,0.0013
131072,world_air_cells,2,23,3.241984,0.0016
131072,world_air_cells,2,24,3.477504,0.001
131072,world_air_cells,2,25,3.286016,9.0E-4
131072,world_air_cells,2,26,3.63008,0.0018
131072,world_air_cells,2,27,3.273728,9.0E-4
131072,world_air_cells,2,28,3.601408,0.0012
131072,world_air_cells,2,29,3.713024,9.0E-4
131072,world_air_cells,3,0,3.533824,0.0073
131072,world_air_cells,3,1,3.304448,0.0012
131072,world_air_cells,3,2,3.103744,8.0E-4
131072,world_air_cells,3,3,3.395584,9.0E-4
131072,world_air_cells,3,4,3.167232,8.0E-4
131072,world_air_cells,3,5,3.478528,8.0E-4
131072,world_air_cells,3,6,3.027968,8.0E-4
131072,world_air_cells,3,7,3.972096,0.0011
131072,world_air_cells,3,8,3.278848,8.0E-4
131072,world_air_cells,3,9,3.072,0.0051
131072,world_air_cells,3,10,3.339264,0.0016
131072,world_air_cells,3,11,3.173376,9.0E-4
131072,world_air_cells,3,12,3.451904,9.0E-4
131072,world_air_cells,3,13,3.188736,0.001
131072,world_air_cells,3,14,3.434496,9.0E-4
131072,world_air_cells,3,15,3.187712,8.0E-4
131072,world_air_cells,3,16,3.406848,8.0E-4
131072,world_air_cells,3,17,3.702784,8.0E-4
131072,world_air_cells,3,18,3.451904,9.0E-4
131072,world_air_cells,3,19,3.300352,8.0E-4
131072,world_air_cells,3,20,3.457024,0.001
131072,world_air_cells,3,21,3.342336,9.0E-4
131072,world_air_cells,3,22,3.51232,8.0E-4
131072,world_air_cells,3,23,3.252224,8.0E-4
131072,world_air_cells,3,24,3.628032,9.0E-4
131072,world_air_cells,3,25,3.331072,8.0E-4
131072,world_air_cells,3,26,3.638272,9.0E-4
131072,world_air_cells,3,27,4.069376,8.0E-4
131072,world_air_cells,3,28,3.294208,9.0E-4
131072,world_air_cells,3,29,3.407872,9.0E-4
131072,world_air,1,0,2.12992,0.0103
131072,world_air,1,1,2.132992,9.0E-4
131072,world_air,1,2,2.120704,8.0E-4
131072,world_air,1,3,2.176,0.001
131072,world_air,1,4,2.22208,9.0E-4
131072,world_air,1,5,2.134016,8.0E-4
131072,world_air,1,6,2.123776,8.0E-4
131072,world_air,1,7,2.144256,9.0E-4
131072,world_air,1,8,2.128896,8.0E-4
131072,world_air,1,9,2.120704,0.001
131072,world_air,1,10,2.131968,8.0E-4
131072,world_air,1,11,2.118656,8.0E-4
131072,world_air,1,12,2.161664,8.0E-4
131072,world_air,1,13,2.148352,0.0015
131072,world_air,1,14,2.343936,9.0E-4
131072,world_air,1,15,2.118656,0.001
131072,world_air,1,16,2.185216,8.0E-4
131072,world_air,1,17,2.157568,8.0E-4
131072,world_air,1,18,2.236416,9.0E-4
131072,world_air,1,19,2.23744,8.0E-4
131072,world_air,1,20,2.212864,9.0E-4
131072,world_air,1,21,2.253824,8.0E-4
131072,world_air,1,22,2.236416,8.0E-4
131072,world_air,1,23,2.193408,8.0E-4
131072,world_air,1,24,2.203648,8.0E-4
131072,world_air,1,25,2.248704,8.0E-4
131072,world_air,1,26,2.220032,0.001
131072,world_air,1,27,2.208768,8.0E-4
131072,world_air,1,28,2.19648,8.0E-4
131072,world_air,1,29,2.169856,8.0E-4
131072,world_air,2,0,2.139136,0.0078
131072,world_air,2,1,2.1504,9.0E-4
131072,world_air,2,2,2.142208,9.0E-4
131072,world_air,2,3,2.185216,0.001
131072,world_air,2,4,2.23232,8.0E-4
131072,world_air,2,5,2.156544,8.0E-4
131072,world_air,2,6,2.189312,9.0E-4
131072,world_air,2,7,2.21184,9.0E-4
131072,world_air,2,8,2.190336,8.0E-4
131072,world_air,2,9,2.13504,0.001
131072,world_air,2,10,2.095104,9.0E-4
131072,world_air,2,11,2.285568,8.0E-4
131072,world_air,2,12,2.13504,0.001
131072,world_air,2,13,2.10432,9.0E-4
131072,world_air,2,14,2.127872,8.0E-4
131072,world_air,2,15,2.07872,0.0019
131072,world_air,2,16,2.100224,0.0011
131072,world_air,2,17,2.062336,8.0E-4
131072,world_air,2,18,2.143232,9.0E-4
131072,world_air,2,19,2.134016,9.0E-4
131072,world_air,2,20,2.117632,9.0E-4
131072,world_air,2,21,2.157568,8.0E-4
131072,world_air,2,22,2.127872,8.0E-4
131072,world_air,2,23,2.085888,7.0E-4
131072,world_air,2,24,2.103296,9.0E-4
131072,world_air,2,25,2.2272,8.0E-4
131072,world_air,2,26,2.392064,9.0E-4
131072,world_air,2,27,2.195456,0.001
131072,world_air,2,28,2.195456,8.0E-4
131072,world_air,2,29,2.156544,9.0E-4
131072,world_air,3,0,2.142208,0.0076
131072,world_air,3,1,2.142208,0.004
131072,world_air,3,2,2.128896,9.0E-4
131072,world_air,3,3,2.167808,8.0E-4
131072,world_air,3,4,2.13504,9.0E-4
131072,world_air,3,5,2.065408,7.0E-4
131072,world_air,3,6,2.049024,9.0E-4
131072,world_air,3,7,2.116608,9.0E-4
131072,world_air,3,8,2.101248,8.0E-4
131072,world_air,3,9,2.26816,9.0E-4
131072,world_air,3,10,2.089984,9.0E-4
131072,world_air,3,11,2.082816,8.0E-4
131072,world_air,3,12,2.137088,9.0E-4
131072,world_air,3,13,2.143232,8.0E-4
131072,world_air,3,14,2.180096,8.0E-4
131072,world_air,3,15,2.136064,8.0E-4
131072,world_air,3,16,2.157568,8.0E-4
131072,world_air,3,17,2.122752,0.0034
131072,world_air,3,18,2.202624,0.001
131072,world_air,3,19,2.194432,8.0E-4
131072,world_air,3,20,2.173952,9.0E-4
131072,world_air,3,21,2.212864,8.0E-4
131072,world_air,3,22,2.204672,9.0E-4
131072,world_air,3,23,2.19136,0.0025
131072,world_air,3,24,2.436096,0.001
131072,world_air,3,25,2.254848,8.0E-4
131072,world_air,3,26,2.224128,8.0E-4
131072,world_air,3,27,2.208768,9.0E-4
131072,world_air,3,28,2.203648,9.0E-4
131072,world_air,3,29,2.173952,7.0E-4
131072,world_dense_cells,1,0,4.43904,0.0126
131072,world_dense_cells,1,1,4.426752,0.0011
131072,world_dense_cells,1,2,4.707328,9.0E-4
131072,world_dense_cells,1,3,4.348928,0.001
131072,world_dense_cells,1,4,4.347904,0.001
131072,world_dense_cells,1,5,4.465664,0.0011
131072,world_dense_cells,1,6,4.52096,9.0E-4
131072,world_dense_cells,1,7,4.622336,0.001
131072,world_dense_cells,1,8,4.77696,0.001
131072,world_dense_cells,1,9,5.096448,9.0E-4
131072,world_dense_cells,1,10,4.759552,9.0E-4
131072,world_dense_cells,1,11,4.850688,0.001
131072,world_dense_cells,1,12,4.777984,9.0E-4
131072,world_dense_cells,1,13,4.896768,0.0011
131072,world_dense_cells,1,14,4.841472,0.0012
131072,world_dense_cells,1,15,4.780032,9.0E-4
131072,world_dense_cells,1,16,5.132288,0.0011
131072,world_dense_cells,1,17,4.791296,0.001
131072,world_dense_cells,1,18,4.911104,9.0E-4
131072,world_dense_cells,1,19,4.845568,0.001
131072,world_dense_cells,1,20,4.840448,0.0011
131072,world_dense_cells,1,21,4.835328,0.001
131072,world_dense_cells,1,22,4.918272,0.0087
131072,world_dense_cells,1,23,5.143552,0.001
131072,world_dense_cells,1,24,4.928512,0.001
131072,world_dense_cells,1,25,4.92032,9.0E-4
131072,world_dense_cells,1,26,4.932608,9.0E-4
131072,world_dense_cells,1,27,4.873216,9.0E-4
131072,world_dense_cells,1,28,4.810752,0.0011
131072,world_dense_cells,1,29,5.075968,9.0E-4
131072,world_dense_cells,2,0,4.443136,0.0067
131072,world_dense_cells,2,1,4.399104,0.001
131072,world_dense_cells,2,2,4.496384,9.0E-4
131072,world_dense_cells,2,3,4.292608,9.0E-4
131072,world_dense_cells,2,4,4.598784,9.0E-4
131072,world_dense_cells,2,5,4.421632,8.0E-4
131072,world_dense_cells,2,6,4.463616,8.0E-4
131072,world_dense_cells,2,7,4.532224,8.0E-4
131072,world_dense_cells,2,8,4.600832,8.0E-4
131072,world_dense_cells,2,9,4.666368,0.001
131072,world_dense_cells,2,10,4.7104,0.001
131072,world_dense_cells,2,11,5.023744,0.001
131072,world_dense_cells,2,12,4.786176,8.0E-4
131072,world_dense_cells,2,13,4.832256,9.0E-4
131072,world_dense_cells,2,14,4.86912,9.0E-4
131072,world_dense_cells,2,15,4.777984,8.0E-4
131072,world_dense_cells,2,16,4.842496,9.0E-4
131072,world_dense_cells,2,17,4.825088,9.0E-4
131072,world_dense_cells,2,18,5.138432,8.0E-4
131072,world_dense_cells,2,19,4.882432,8.0E-4
131072,world_dense_cells,2,20,4.891648,9.0E-4
131072,world_dense_cells,2,21,4.907008,8.0E-4
131072,world_dense_cells,2,22,4.942848,9.0E-4
131072,world_dense_cells,2,23,4.919296,9.0E-4
131072,world_dense_cells,2,24,4.885504,8.0E-4
131072,world_dense_cells,2,25,5.197824,8.0E-4
131072,world_dense_cells,2,26,4.95104,9.0E-4
131072,world_dense_cells,2,27,4.839424,9.0E-4
131072,world_dense_cells,2,28,4.793344,9.0E-4
131072,world_dense_cells,2,29,5.082112,8.0E-4
131072,world_dense_cells,3,0,4.397056,0.0133
131072,world_dense_cells,3,1,4.363264,8.0E-4
131072,world_dense_cells,3,2,4.43904,7.0E-4
131072,world_dense_cells,3,3,4.40832,8.0E-4
131072,world_dense_cells,3,4,4.345856,7.0E-4
131072,world_dense_cells,3,5,4.47488,8.0E-4
131072,world_dense_cells,3,6,4.702208,8.0E-4
131072,world_dense_cells,3,7,4.54656,8.0E-4
131072,world_dense_cells,3,8,4.7104,7.0E-4
131072,world_dense_cells,3,9,4.785152,8.0E-4
131072,world_dense_cells,3,10,4.813824,7.0E-4
131072,world_dense_cells,3,11,4.795392,0.001
131072,world_dense_cells,3,12,4.793344,8.0E-4
131072,world_dense_cells,3,13,5.091328,8.0E-4
131072,world_dense_cells,3,14,4.943872,8.0E-4
131072,world_dense_cells,3,15,4.800512,8.0E-4
131072,world_dense_cells,3,16,4.826112,9.0E-4
131072,world_dense_cells,3,17,4.825088,8.0E-4
131072,world_dense_cells,3,18,4.926464,8.0E-4
131072,world_dense_cells,3,19,4.881408,8.0E-4
131072,world_dense_cells,3,20,5.124096,9.0E-4
131072,world_dense_cells,3,21,4.892672,8.0E-4
131072,world_dense_cells,3,22,4.938752,9.0E-4
131072,world_dense_cells,3,23,4.923392,8.0E-4
131072,world_dense_cells,3,24,4.977664,8.0E-4
131072,world_dense_cells,3,25,4.89984,7.0E-4
131072,world_dense_cells,3,26,4.94592,0.0011
131072,world_dense_cells,3,27,5.095424,8.0E-4
131072,world_dense_cells,3,28,4.80256,9.0E-4
131072,world_dense_cells,3,29,4.862976,9.0E-4
131072,world_dense_contacts,1,0,4.093952,0.0076
131072,world_dense_contacts,1,1,4.056064,9.0E-4
131072,world_dense_contacts,1,2,4.058112,8.0E-4
131072,world_dense_contacts,1,3,4.21376,9.0E-4
131072,world_dense_contacts,1,4,4.031488,8.0E-4
131072,world_dense_contacts,1,5,4.137984,0.001
131072,world_dense_contacts,1,6,4.190208,8.0E-4
131072,world_dense_contacts,1,7,4.196352,8.0E-4
131072,world_dense_contacts,1,8,4.335616,8.0E-4
131072,world_dense_contacts,1,9,4.402176,8.0E-4
131072,world_dense_contacts,1,10,4.420608,9.0E-4
131072,world_dense_contacts,1,11,4.708352,8.0E-4
131072,world_dense_contacts,1,12,4.457472,9.0E-4
131072,world_dense_contacts,1,13,4.562944,9.0E-4
131072,world_dense_contacts,1,14,4.528128,9.0E-4
131072,world_dense_contacts,1,15,4.468736,8.0E-4
131072,world_dense_contacts,1,16,4.48,9.0E-4
131072,world_dense_contacts,1,17,4.482048,9.0E-4
131072,world_dense_contacts,1,18,4.824064,8.0E-4
131072,world_dense_contacts,1,19,4.53632,9.0E-4
131072,world_dense_contacts,1,20,4.544512,8.0E-4
131072,world_dense_contacts,1,21,4.57216,8.0E-4
131072,world_dense_contacts,1,22,4.58752,9.0E-4
131072,world_dense_contacts,1,23,4.56704,8.0E-4
131072,world_dense_contacts,1,24,4.590592,8.0E-4
131072,world_dense_contacts,1,25,4.78208,8.0E-4
131072,world_dense_contacts,1,26,4.645888,9.0E-4
131072,world_dense_contacts,1,27,4.5056,9.0E-4
131072,world_dense_contacts,1,28,4.498432,8.0E-4
131072,world_dense_contacts,1,29,4.513792,8.0E-4
131072,world_dense_contacts,2,0,4.256768,0.0068
131072,world_dense_contacts,2,1,3.930112,9.0E-4
131072,world_dense_contacts,2,2,3.972096,7.0E-4
131072,world_dense_contacts,2,3,3.968,8.0E-4
131072,world_dense_contacts,2,4,3.975168,8.0E-4
131072,world_dense_contacts,2,5,4.089856,9.0E-4
131072,world_dense_contacts,2,6,4.068352,8.0E-4
131072,world_dense_contacts,2,7,4.098048,7.0E-4
131072,world_dense_contacts,2,8,4.41856,8.0E-4
131072,world_dense_contacts,2,9,4.289536,8.0E-4
131072,world_dense_contacts,2,10,4.335616,8.0E-4
131072,world_dense_contacts,2,11,4.461568,9.0E-4
131072,world_dense_contacts,2,12,4.46976,8.0E-4
131072,world_dense_contacts,2,13,4.51072,7.0E-4
131072,world_dense_contacts,2,14,4.543488,9.0E-4
131072,world_dense_contacts,2,15,4.471808,9.0E-4
131072,world_dense_contacts,2,16,4.775936,8.0E-4
131072,world_dense_contacts,2,17,4.484096,9.0E-4
131072,world_dense_contacts,2,18,4.581376,7.0E-4
131072,world_dense_contacts,2,19,4.530176,7.0E-4
131072,world_dense_contacts,2,20,4.538368,9.0E-4
131072,world_dense_contacts,2,21,4.575232,7.0E-4
131072,world_dense_contacts,2,22,4.61312,9.0E-4
131072,world_dense_contacts,2,23,4.851712,8.0E-4
131072,world_dense_contacts,2,24,4.612096,7.0E-4
131072,world_dense_contacts,2,25,4.590592,8.0E-4
131072,world_dense_contacts,2,26,4.652032,8.0E-4
131072,world_dense_contacts,2,27,4.547584,7.0E-4
131072,world_dense_contacts,2,28,4.5568,9.0E-4
131072,world_dense_contacts,2,29,4.519936,8.0E-4
131072,world_dense_contacts,3,0,4.012032,0.0134
131072,world_dense_contacts,3,1,3.965952,0.0121
131072,world_dense_contacts,3,2,4.06528,0.0025
131072,world_dense_contacts,3,3,4.0448,0.001
131072,world_dense_contacts,3,4,4.045824,9.0E-4
131072,world_dense_contacts,3,5,4.100096,8.0E-4
131072,world_dense_contacts,3,6,4.273152,9.0E-4
131072,world_dense_contacts,3,7,4.135936,0.001
131072,world_dense_contacts,3,8,4.253696,9.0E-4
131072,world_dense_contacts,3,9,4.3264,9.0E-4
131072,world_dense_contacts,3,10,4.48,7.0E-4
131072,world_dense_contacts,3,11,4.43392,8.0E-4
131072,world_dense_contacts,3,12,4.482048,9.0E-4
131072,world_dense_contacts,3,13,4.507648,0.0025
131072,world_dense_contacts,3,14,4.721664,9.0E-4
131072,world_dense_contacts,3,15,4.466688,9.0E-4
131072,world_dense_contacts,3,16,4.487168,0.0013
131072,world_dense_contacts,3,17,4.47488,8.0E-4
131072,world_dense_contacts,3,18,4.593664,8.0E-4
131072,world_dense_contacts,3,19,4.568064,8.0E-4
131072,world_dense_contacts,3,20,4.562944,9.0E-4
131072,world_dense_contacts,3,21,4.799488,8.0E-4
131072,world_dense_contacts,3,22,4.625408,9.0E-4
131072,world_dense_contacts,3,23,4.60288,7.0E-4
131072,world_dense_contacts,3,24,4.672512,7.0E-4
131072,world_dense_contacts,3,25,4.590592,8.0E-4
131072,world_dense_contacts,3,26,4.64384,8.0E-4
131072,world_dense_contacts,3,27,4.539392,7.0E-4
131072,world_dense_contacts,3,28,4.714496,9.0E-4
131072,world_dense_contacts,3,29,4.52096,9.0E-4
