particles,repeat,samples,prepare_cpu_p50_ms,prepare_cpu_p95_ms,submit_cpu_p50_ms,submit_cpu_p95_ms,gpu_p50_ms,gpu_p95_ms,upload_bytes,pose_readback_bytes
10000,1,120,0.3657,0.3969,0.0427,0.06,0.171008,0.244736,640000,0
10000,2,120,0.0058,0.0061,0.0387,0.0562,0.159744,0.224256,640000,0
10000,3,120,0.0582,0.0793,0.0367,0.0444,0.2048,0.232448,640000,0
65536,1,120,0.0696,0.0735,0.4068,0.4631,0.868352,0.985088,4194304,0
65536,2,120,0.0688,0.0732,0.4923,0.5361,0.768,0.892928,4194304,0
65536,3,120,0.0907,0.441,0.5379,0.6561,0.893952,1.183744,4194304,0
131072,1,120,0.1379,0.1424,0.9469,0.9708,1.481728,1.642496,8388608,0
131072,2,120,0.1464,0.7549,0.9432,1.2234,1.577984,1.88928,8388608,0
131072,3,120,0.1429,0.1477,0.9486,0.9704,1.389568,1.528832,8388608,0
