count,scenario,run,sample,cpu_total_ms,cpu_peak_call_ms,latency_ms,encoder_work_ms,render_alloc_bytes,readback_bytes,wire_body_bytes,packets,ack_dispatches
10000,ack_direct,1,0,0.3662,0.138,7.4401,0.3007,214152,640000,100757,20,20
10000,ack_direct,1,1,0.4951,0.176,7.542,0.2865,214112,640000,100749,20,20
10000,ack_direct,1,2,0.5441,0.1812,9.8774,0.3848,214136,640000,100747,20,20
10000,ack_direct,1,3,0.3889,0.1273,8.87,0.4178,214144,640000,100751,20,20
10000,ack_direct,1,4,0.551,0.2144,7.8938,0.2805,214088,640000,100743,20,20
10000,ack_direct,1,5,0.4633,0.141,7.6695,0.3244,214120,640000,100748,20,20
10000,ack_direct,1,6,0.5352,0.1966,8.4346,0.3386,214136,640000,100754,20,20
10000,ack_direct,1,7,0.422,0.1369,7.9074,0.298,214136,640000,100737,20,20
10000,ack_direct,1,8,0.3908,0.1495,6.635,0.2613,214144,640000,100752,20,20
10000,ack_direct,1,9,0.3873,0.0994,7.9228,0.2477,214136,640000,100754,20,20
10000,ack_direct,1,10,0.3621,0.1048,8.8643,0.3392,214152,640000,100751,20,20
10000,ack_direct,1,11,0.391,0.097,8.8679,0.2503,212944,640000,100752,20,20
10000,ack_direct,1,12,0.4388,0.1606,7.5375,0.2639,214152,640000,100759,20,20
10000,ack_direct,1,13,0.3989,0.1091,7.634,0.2412,214136,640000,100752,20,20
10000,ack_direct,1,14,0.4866,0.1837,7.7481,0.2513,214136,640000,100757,20,20
10000,ack_direct,1,15,0.4761,0.1339,8.6004,0.2593,214136,640000,100749,20,20
10000,ack_direct,1,16,0.4536,0.152,7.8748,0.2547,214120,640000,100751,20,20
10000,ack_direct,1,17,0.5449,0.2036,8.4371,0.268,214168,640000,100748,20,20
10000,ack_direct,1,18,0.6106,0.2018,7.8751,0.2739,214088,640000,100737,20,20
10000,ack_direct,1,19,0.4146,0.1266,7.8766,0.3843,214120,640000,100753,20,20
10000,ack_direct,1,20,0.4769,0.1659,9.4051,0.2592,214136,640000,100754,20,20
10000,ack_direct,1,21,0.5683,0.1584,7.4561,0.2599,214120,640000,100750,20,20
10000,ack_direct,1,22,0.6313,0.1942,9.8358,0.3648,214104,640000,100748,20,20
10000,ack_direct,1,23,0.5955,0.1551,8.6316,0.2895,214120,640000,100752,20,20
10000,ack_direct,1,24,0.6066,0.2374,8.368,0.3758,214152,640000,100745,20,20
10000,ack_direct,1,25,0.5118,0.1489,8.9927,0.3959,214056,640000,100753,20,20
10000,ack_direct,1,26,0.5651,0.2528,8.8245,0.2898,214168,640000,100755,20,20
10000,ack_direct,1,27,0.4371,0.1494,9.8349,0.2623,214184,640000,100752,20,20
10000,ack_direct,1,28,0.4061,0.1541,7.9023,0.2515,214136,640000,100753,20,20
10000,ack_direct,1,29,0.4844,0.1156,9.5472,0.3954,214120,640000,100755,20,20
10000,ack_gpu_journal,1,0,0.3388,0.1233,7.9264,0.2424,211688,640000,100751,20,1
10000,ack_gpu_journal,1,1,0.2879,0.0864,8.3349,0.2294,211656,640000,100740,20,1
10000,ack_gpu_journal,1,2,0.3439,0.1507,8.8465,0.2391,211720,640000,100745,20,1
10000,ack_gpu_journal,1,3,0.2981,0.1069,7.8811,0.2408,211704,640000,100741,20,1
10000,ack_gpu_journal,1,4,0.3134,0.1107,7.1133,0.2206,211672,640000,100740,20,1
10000,ack_gpu_journal,1,5,0.3335,0.1049,8.916,0.2428,211664,640000,100747,20,1
10000,ack_gpu_journal,1,6,0.5892,0.2255,8.9418,0.2574,211672,640000,100735,20,1
10000,ack_gpu_journal,1,7,0.5968,0.2566,8.2317,0.2623,211672,640000,100738,20,1
10000,ack_gpu_journal,1,8,0.5332,0.2432,7.3053,0.2704,211672,640000,100746,20,1
10000,ack_gpu_journal,1,9,0.3382,0.104,7.9324,0.2514,211688,640000,100742,20,1
10000,ack_gpu_journal,1,10,0.3807,0.1615,7.3708,0.2428,211656,640000,100738,20,1
10000,ack_gpu_journal,1,11,0.2979,0.0844,8.4107,0.2473,211640,640000,100739,20,1
10000,ack_gpu_journal,1,12,0.3467,0.1406,7.9035,0.2352,211640,640000,100734,20,1
10000,ack_gpu_journal,1,13,0.3793,0.1502,6.9446,0.2404,211736,640000,100748,20,1
10000,ack_gpu_journal,1,14,0.4228,0.1386,10.8586,0.3613,211672,640000,100741,20,1
10000,ack_gpu_journal,1,15,0.3532,0.1091,8.2776,0.2404,211656,640000,100737,20,1
10000,ack_gpu_journal,1,16,0.5342,0.1966,8.3994,0.2685,211688,640000,100750,20,1
10000,ack_gpu_journal,1,17,0.5362,0.2098,7.8555,0.4676,211704,640000,100749,20,1
10000,ack_gpu_journal,1,18,0.4658,0.1573,8.3578,0.3493,211704,640000,100752,20,1
10000,ack_gpu_journal,1,19,0.4955,0.2137,8.7958,0.2898,211672,640000,100739,20,1
10000,ack_gpu_journal,1,20,0.4675,0.1625,7.819,0.2656,210528,640000,100753,20,1
10000,ack_gpu_journal,1,21,0.412,0.1301,7.179,0.3424,210496,640000,100745,20,1
10000,ack_gpu_journal,1,22,0.572,0.2586,8.9415,0.3799,210528,640000,100747,20,1
10000,ack_gpu_journal,1,23,0.5053,0.1736,8.3377,0.3488,210512,640000,100754,20,1
10000,ack_gpu_journal,1,24,0.4835,0.1685,8.4504,0.4884,210512,640000,100743,20,1
10000,ack_gpu_journal,1,25,0.4677,0.1684,8.8984,0.2591,210560,640000,100761,20,1
10000,ack_gpu_journal,1,26,0.3937,0.1619,7.5271,0.248,210544,640000,100741,20,1
10000,ack_gpu_journal,1,27,0.3835,0.128,8.9491,0.3687,210512,640000,100742,20,1
10000,ack_gpu_journal,1,28,0.3498,0.1186,9.0088,0.3022,210528,640000,100744,20,1
10000,ack_gpu_journal,1,29,0.3366,0.0899,7.4651,0.2815,210496,640000,100742,20,1
10000,ack_gpu_journal,2,0,0.2952,0.1084,7.4326,0.2299,211704,640000,100756,20,1
10000,ack_gpu_journal,2,1,0.2788,0.0745,8.2532,0.2379,211736,640000,100757,20,1
10000,ack_gpu_journal,2,2,0.4157,0.1521,9.3953,0.2615,211672,640000,100745,20,1
10000,ack_gpu_journal,2,3,0.4723,0.174,8.8718,0.2683,211720,640000,100757,20,1
10000,ack_gpu_journal,2,4,0.5758,0.2765,8.5837,0.2646,211752,640000,100748,20,1
10000,ack_gpu_journal,2,5,0.4876,0.2502,7.7571,0.3362,211704,640000,100743,20,1
10000,ack_gpu_journal,2,6,0.4686,0.1597,8.9989,0.2829,211704,640000,100751,20,1
10000,ack_gpu_journal,2,7,0.4495,0.1461,9.8624,0.2664,211736,640000,100752,20,1
10000,ack_gpu_journal,2,8,0.5081,0.1922,8.432,0.258,211664,640000,100740,20,1
10000,ack_gpu_journal,2,9,0.3889,0.1254,7.4027,0.288,211752,640000,100766,20,1
10000,ack_gpu_journal,2,10,0.605,0.2345,8.0445,0.2357,211688,640000,100736,20,1
10000,ack_gpu_journal,2,11,0.32,0.0919,7.9184,0.2704,211752,640000,100760,20,1
10000,ack_gpu_journal,2,12,0.3907,0.1491,7.7428,0.3887,211704,640000,100763,20,1
10000,ack_gpu_journal,2,13,0.3769,0.104,7.893,0.2793,211688,640000,100760,20,1
10000,ack_gpu_journal,2,14,0.3844,0.122,7.888,0.4208,211720,640000,100759,20,1
10000,ack_gpu_journal,2,15,0.4026,0.1266,8.3036,0.3559,211752,640000,100760,20,1
10000,ack_gpu_journal,2,16,0.503,0.1949,8.8869,0.4627,211720,640000,100759,20,1
10000,ack_gpu_journal,2,17,0.4544,0.1982,7.9184,0.3715,211720,640000,100753,20,1
10000,ack_gpu_journal,2,18,0.3387,0.1247,7.9083,0.2526,211736,640000,100759,20,1
10000,ack_gpu_journal,2,19,0.4,0.1502,9.4221,0.2386,211704,640000,100752,20,1
10000,ack_gpu_journal,2,20,0.3271,0.1375,7.921,0.2369,211752,640000,100756,20,1
10000,ack_gpu_journal,2,21,0.4165,0.2086,7.9233,0.2354,211768,640000,100762,20,1
10000,ack_gpu_journal,2,22,0.4906,0.203,8.9334,0.346,211768,640000,100768,20,1
10000,ack_gpu_journal,2,23,0.4993,0.2273,8.775,0.417,211720,640000,100759,20,1
10000,ack_gpu_journal,2,24,0.4562,0.1916,7.8573,0.3565,211720,640000,100752,20,1
10000,ack_gpu_journal,2,25,0.3003,0.0774,7.9113,0.245,211752,640000,100761,20,1
10000,ack_gpu_journal,2,26,0.3251,0.125,7.4191,0.2467,211704,640000,100745,20,1
10000,ack_gpu_journal,2,27,0.3733,0.1464,7.9228,0.2575,211704,640000,100758,20,1
10000,ack_gpu_journal,2,28,0.3636,0.1631,7.912,0.2597,211704,640000,100757,20,1
10000,ack_gpu_journal,2,29,0.3071,0.0998,8.9206,0.3709,211688,640000,100742,20,1
10000,ack_direct,2,0,0.7468,0.2247,7.9233,0.3905,214120,640000,100747,20,20
10000,ack_direct,2,1,0.7527,0.2698,8.8645,0.2784,214168,640000,100748,20,20
10000,ack_direct,2,2,0.6252,0.1923,7.9264,0.2959,214104,640000,100742,20,20
10000,ack_direct,2,3,0.8863,0.2335,7.9898,0.29,213176,640000,100755,20,20
10000,ack_direct,2,4,0.7681,0.2546,7.8636,0.2806,212864,640000,100739,20,20
10000,ack_direct,2,5,0.7838,0.2985,7.8354,0.3028,212880,640000,100749,20,20
10000,ack_direct,2,6,0.542,0.1933,7.8953,0.2726,212912,640000,100751,20,20
10000,ack_direct,2,7,0.5789,0.2113,7.9211,0.2691,212896,640000,100750,20,20
10000,ack_direct,2,8,0.4405,0.176,7.906,0.2663,212840,640000,100736,20,20
10000,ack_direct,2,9,0.3969,0.1745,8.9248,0.3615,212912,640000,100745,20,20
10000,ack_direct,2,10,0.3423,0.1156,8.9258,0.3516,212880,640000,100738,20,20
10000,ack_direct,2,11,0.404,0.1712,7.9175,0.3497,212896,640000,100747,20,20
10000,ack_direct,2,12,0.3468,0.1167,7.9345,0.3708,212928,640000,100749,20,20
10000,ack_direct,2,13,0.4296,0.1826,7.9435,0.3508,212880,640000,100751,20,20
10000,ack_direct,2,14,0.3828,0.1534,8.885,0.3473,212896,640000,100747,20,20
10000,ack_direct,2,15,0.387,0.1682,7.8957,0.2421,212912,640000,100758,20,20
10000,ack_direct,2,16,0.3746,0.1292,7.4125,0.2576,212912,640000,100754,20,20
10000,ack_direct,2,17,0.3703,0.1581,8.4198,0.2427,212912,640000,100754,20,20
10000,ack_direct,2,18,0.3271,0.1113,7.9217,0.4282,212912,640000,100752,20,20
10000,ack_direct,2,19,0.3978,0.1526,7.9314,0.3337,212864,640000,100755,20,20
10000,ack_direct,2,20,2.1902,1.891,7.9301,0.2418,212656,640000,100751,20,20
10000,ack_direct,2,21,0.4096,0.1441,7.9316,0.3549,212896,640000,100751,20,20
10000,ack_direct,2,22,0.5228,0.2354,9.4586,0.3624,212912,640000,100753,20,20
10000,ack_direct,2,23,0.4952,0.1924,7.6538,0.2297,211720,640000,100746,20,20
10000,ack_direct,2,24,0.337,0.1368,9.388,0.2438,211720,640000,100753,20,20
10000,ack_direct,2,25,0.3549,0.1568,8.9488,0.2322,211720,640000,100756,20,20
10000,ack_direct,2,26,0.2938,0.1087,9.9961,0.2423,211720,640000,100756,20,20
10000,ack_direct,2,27,0.3343,0.1398,8.6438,0.329,211704,640000,100748,20,20
10000,ack_direct,2,28,0.3886,0.0966,7.9348,0.3171,211720,640000,100749,20,20
10000,ack_direct,2,29,0.3517,0.1258,7.9556,0.2278,211672,640000,100744,20,20
10000,ack_direct,3,0,0.4088,0.1339,8.9395,0.3432,211736,640000,100750,20,20
10000,ack_direct,3,1,0.4048,0.1708,8.0729,0.2346,211752,640000,100747,20,20
10000,ack_direct,3,2,0.3236,0.1058,8.4519,0.3179,211672,640000,100742,20,20
10000,ack_direct,3,3,0.4061,0.1824,8.9965,0.2352,211736,640000,100748,20,20
10000,ack_direct,3,4,0.365,0.1396,8.8754,0.2247,211704,640000,100743,20,20
10000,ack_direct,3,5,0.3892,0.1736,7.5673,0.317,211720,640000,100750,20,20
10000,ack_direct,3,6,0.2956,0.0974,7.8998,0.3272,211720,640000,100747,20,20
10000,ack_direct,3,7,0.3272,0.1353,7.457,0.2375,211712,640000,100753,20,20
10000,ack_direct,3,8,0.3117,0.1259,8.9513,0.2362,211688,640000,100753,20,20
10000,ack_direct,3,9,0.3777,0.1701,9.5071,0.2195,211688,640000,100747,20,20
10000,ack_direct,3,10,0.3385,0.1293,8.9374,0.2291,211704,640000,100737,20,20
10000,ack_direct,3,11,0.3259,0.1287,7.2592,0.2261,211736,640000,100751,20,20
10000,ack_direct,3,12,0.2743,0.0894,8.4809,0.2186,211672,640000,100746,20,20
10000,ack_direct,3,13,0.3335,0.1339,8.4779,0.2384,211720,640000,100748,20,20
10000,ack_direct,3,14,0.2849,0.0909,8.4732,0.2308,211704,640000,100747,20,20
10000,ack_direct,3,15,0.4461,0.1956,8.4801,0.2236,211768,640000,100756,20,20
10000,ack_direct,3,16,0.304,0.099,7.5508,0.2155,211688,640000,100736,20,20
10000,ack_direct,3,17,0.3495,0.1311,7.9544,0.2084,211672,640000,100731,20,20
10000,ack_direct,3,18,0.3385,0.1222,7.5802,0.3105,211720,640000,100743,20,20
10000,ack_direct,3,19,0.3395,0.128,8.9566,0.2316,211704,640000,100750,20,20
10000,ack_direct,3,20,0.3251,0.1253,6.7839,0.2241,211704,640000,100752,20,20
10000,ack_direct,3,21,0.3347,0.1442,7.7782,0.21,211720,640000,100749,20,20
10000,ack_direct,3,22,0.3053,0.0886,8.7237,0.2262,211672,640000,100746,20,20
10000,ack_direct,3,23,0.6207,0.2446,7.3487,0.3288,211640,640000,100731,20,20
10000,ack_direct,3,24,0.3717,0.132,9.0235,0.2376,211688,640000,100750,20,20
10000,ack_direct,3,25,0.4978,0.2179,10.4344,0.3447,211752,640000,100758,20,20
10000,ack_direct,3,26,0.29,0.107,7.4443,0.2437,211672,640000,100748,20,20
10000,ack_direct,3,27,0.3095,0.1315,8.4643,0.2335,211688,640000,100743,20,20
10000,ack_direct,3,28,0.2799,0.0928,8.4581,0.3159,211720,640000,100755,20,20
10000,ack_direct,3,29,0.3517,0.161,8.4764,0.2257,211704,640000,100735,20,20
10000,ack_gpu_journal,3,0,0.3958,0.1664,8.464,0.2581,209280,640000,100753,20,1
10000,ack_gpu_journal,3,1,0.322,0.1023,8.9572,0.2461,209288,640000,100753,20,1
10000,ack_gpu_journal,3,2,0.3944,0.1832,6.9607,0.25,209320,640000,100749,20,1
10000,ack_gpu_journal,3,3,0.2851,0.0896,8.4612,0.2656,209256,640000,100743,20,1
10000,ack_gpu_journal,3,4,0.421,0.1472,7.3995,0.2636,209272,640000,100739,20,1
10000,ack_gpu_journal,3,5,0.3058,0.105,7.9228,0.2962,209288,640000,100748,20,1
10000,ack_gpu_journal,3,6,0.2887,0.1402,8.1011,0.2287,209256,640000,100736,20,1
10000,ack_gpu_journal,3,7,0.24,0.0859,8.9572,0.2479,209304,640000,100750,20,1
10000,ack_gpu_journal,3,8,0.3196,0.1499,7.7281,0.445,209336,640000,100755,20,1
10000,ack_gpu_journal,3,9,0.2885,0.1017,8.9661,0.3323,209304,640000,100754,20,1
10000,ack_gpu_journal,3,10,0.3023,0.1439,7.1831,0.2428,209304,640000,100750,20,1
10000,ack_gpu_journal,3,11,0.2388,0.0747,8.9531,0.2272,209288,640000,100752,20,1
10000,ack_gpu_journal,3,12,0.3098,0.1498,8.4657,0.3501,209272,640000,100743,20,1
10000,ack_gpu_journal,3,13,0.2648,0.1032,8.9569,0.3251,209224,640000,100744,20,1
10000,ack_gpu_journal,3,14,0.2604,0.1086,7.4635,0.2935,209320,640000,100744,20,1
10000,ack_gpu_journal,3,15,0.2873,0.1024,8.4839,0.2354,209304,640000,100753,20,1
10000,ack_gpu_journal,3,16,0.3514,0.1685,8.4755,0.2209,209272,640000,100744,20,1
10000,ack_gpu_journal,3,17,0.2751,0.0995,8.0126,0.3439,209288,640000,100749,20,1
10000,ack_gpu_journal,3,18,0.3318,0.1222,8.9457,0.2347,209272,640000,100748,20,1
10000,ack_gpu_journal,3,19,0.2514,0.0786,9.4977,0.226,209272,640000,100741,20,1
10000,ack_gpu_journal,3,20,0.321,0.1372,8.9268,0.2461,209288,640000,100750,20,1
10000,ack_gpu_journal,3,21,0.2591,0.0952,8.1138,0.2546,209256,640000,100754,20,1
10000,ack_gpu_journal,3,22,0.4301,0.1711,7.9568,0.2409,209288,640000,100753,20,1
10000,ack_gpu_journal,3,23,0.3429,0.121,7.6858,0.2411,209256,640000,100740,20,1
10000,ack_gpu_journal,3,24,0.3306,0.1661,7.9463,0.3414,209288,640000,100746,20,1
10000,ack_gpu_journal,3,25,0.3339,0.127,7.9013,0.3617,209288,640000,100746,20,1
10000,ack_gpu_journal,3,26,0.3481,0.1619,7.8216,0.2535,209272,640000,100752,20,1
10000,ack_gpu_journal,3,27,0.2858,0.1023,9.503,0.4084,209304,640000,100753,20,1
10000,ack_gpu_journal,3,28,0.3462,0.1251,7.4806,0.3711,209256,640000,100742,20,1
10000,ack_gpu_journal,3,29,0.3656,0.1237,8.4887,0.2519,209320,640000,100750,20,1
65536,ack_direct,1,0,1.2515,0.472,8.3909,1.6725,1467832,4194304,707778,128,128
65536,ack_direct,1,1,1.4769,0.68,9.949,1.5166,1467856,4194304,707794,128,128
65536,ack_direct,1,2,1.3141,0.5057,10.3322,1.5388,1467928,4194304,707796,128,128
65536,ack_direct,1,3,1.3045,0.6553,8.7108,1.4717,1467912,4194304,707792,128,128
65536,ack_direct,1,4,1.0806,0.4425,10.4654,1.4381,1467832,4194304,707791,128,128
65536,ack_direct,1,5,1.2852,0.6391,10.1894,1.3593,1467816,4194304,707772,128,128
65536,ack_direct,1,6,1.1398,0.4299,9.4802,1.6025,1467768,4194304,707754,128,128
65536,ack_direct,1,7,1.4595,0.7518,9.5614,1.4582,1467736,4194304,707785,128,128
65536,ack_direct,1,8,1.1417,0.4286,9.5071,1.3933,1467800,4194304,707752,128,128
65536,ack_direct,1,9,1.3228,0.6541,8.8724,1.3744,1467800,4194304,707757,128,128
65536,ack_direct,1,10,0.9974,0.369,8.9858,1.3802,1467832,4194304,707784,128,128
65536,ack_direct,1,11,1.2932,0.6583,7.5084,1.3972,1467784,4194304,707765,128,128
65536,ack_direct,1,12,1.1758,0.4321,11.5523,1.4024,1467912,4194304,707771,128,128
65536,ack_direct,1,13,1.2621,0.5599,9.9569,1.3622,1467704,4194304,707772,128,128
65536,ack_direct,1,14,1.3103,0.4558,8.5059,1.4138,1467848,4194304,707780,128,128
65536,ack_direct,1,15,1.5784,0.6622,9.3504,1.4076,1467848,4194304,707757,128,128
65536,ack_direct,1,16,1.3045,0.5558,8.4543,1.4493,1467784,4194304,707761,128,128
65536,ack_direct,1,17,1.4882,0.5452,10.526,1.4813,1467864,4194304,707784,128,128
65536,ack_direct,1,18,1.4056,0.7217,10.3804,1.4322,1467816,4194304,707784,128,128
65536,ack_direct,1,19,1.1003,0.4347,9.9669,1.3782,1467832,4194304,707750,128,128
65536,ack_direct,1,20,1.2971,0.659,7.4893,1.3757,1467864,4194304,707779,128,128
65536,ack_direct,1,21,1.1011,0.4478,7.968,1.3373,1467768,4194304,707755,128,128
65536,ack_direct,1,22,1.3384,0.5818,11.0853,1.6129,1467832,4194304,707768,128,128
65536,ack_direct,1,23,1.3795,0.653,9.4278,1.4004,1467832,4194304,707784,128,128
65536,ack_direct,1,24,1.2594,0.4382,8.0709,1.5096,1467864,4194304,707769,128,128
65536,ack_direct,1,25,4.007,2.868,10.9391,1.5721,1467832,4194304,707769,128,128
65536,ack_direct,1,26,1.4901,0.6619,8.3994,1.4848,1467960,4194304,707783,128,128
65536,ack_direct,1,27,1.629,0.7759,11.1806,1.7452,1468024,4194304,707793,128,128
65536,ack_direct,1,28,1.8968,0.744,11.4416,1.6063,1467960,4194304,707788,128,128
65536,ack_direct,1,29,2.4518,0.8051,9.7144,1.6434,1467864,4194304,707786,128,128
65536,ack_gpu_journal,1,0,1.0325,0.4067,8.3218,1.3614,1458920,4194304,707783,128,4
65536,ack_gpu_journal,1,1,1.299,0.6418,9.5318,1.4644,1458792,4194304,707757,128,4
65536,ack_gpu_journal,1,2,1.102,0.49,9.3111,1.4145,1458952,4194304,707785,128,4
65536,ack_gpu_journal,1,3,5.3717,4.3217,12.9981,1.3648,1458840,4194304,707777,128,4
65536,ack_gpu_journal,1,4,1.295,0.6324,9.7724,1.3994,1458824,4194304,707756,128,4
65536,ack_gpu_journal,1,5,1.1737,0.5312,9.4758,1.4297,1458952,4194304,707766,128,4
65536,ack_gpu_journal,1,6,1.179,0.5452,9.9866,1.5271,1458840,4194304,707792,128,4
65536,ack_gpu_journal,1,7,1.2069,0.5904,9.943,1.4326,1458768,4194304,707741,128,4
65536,ack_gpu_journal,1,8,1.0114,0.4374,9.9749,1.406,1458888,4194304,707776,128,4
65536,ack_gpu_journal,1,9,1.0161,0.4935,7.9398,1.3791,1458888,4194304,707789,128,4
65536,ack_gpu_journal,1,10,1.2141,0.5526,8.4907,1.3869,1458888,4194304,707773,128,4
65536,ack_gpu_journal,1,11,1.0306,0.446,10.7798,1.381,1458904,4194304,707770,128,4
65536,ack_gpu_journal,1,12,0.9203,0.4046,7.9737,1.4167,1458952,4194304,707790,128,4
65536,ack_gpu_journal,1,13,1.2093,0.5551,10.009,1.4412,1458808,4194304,707765,128,4
65536,ack_gpu_journal,1,14,1.027,0.4632,9.647,1.3981,1458696,4194304,707763,128,4
65536,ack_gpu_journal,1,15,1.2203,0.5556,8.9969,1.4035,1458952,4194304,707787,128,4
65536,ack_gpu_journal,1,16,1.1694,0.5384,9.4694,1.3853,1458952,4194304,707791,128,4
65536,ack_gpu_journal,1,17,0.9597,0.4023,8.2889,1.3903,1458936,4194304,707765,128,4
65536,ack_gpu_journal,1,18,1.1772,0.6116,9.6846,1.4132,1458920,4194304,707787,128,4
65536,ack_gpu_journal,1,19,0.9621,0.4088,7.2568,1.4025,1458984,4194304,707781,128,4
65536,ack_gpu_journal,1,20,1.1675,0.565,8.5265,1.3558,1458952,4194304,707782,128,4
65536,ack_gpu_journal,1,21,1.1985,0.5742,9.5365,1.4373,1458920,4194304,707773,128,4
65536,ack_gpu_journal,1,22,0.9851,0.4135,9.0223,1.496,1458824,4194304,707761,128,4
65536,ack_gpu_journal,1,23,1.1325,0.553,8.9719,1.3743,1458856,4194304,707731,128,4
65536,ack_gpu_journal,1,24,1.1066,0.518,9.5564,1.5404,1458872,4194304,707754,128,4
65536,ack_gpu_journal,1,25,1.1217,0.4875,9.8585,1.3885,1458872,4194304,707782,128,4
65536,ack_gpu_journal,1,26,1.4392,0.6737,9.6614,1.4756,1458904,4194304,707749,128,4
65536,ack_gpu_journal,1,27,1.1147,0.4738,9.9539,1.3965,1458904,4194304,707765,128,4
65536,ack_gpu_journal,1,28,1.0217,0.431,8.1019,1.3547,1458952,4194304,707784,128,4
65536,ack_gpu_journal,1,29,1.1548,0.5718,8.9595,1.3709,1458856,4194304,707746,128,4
65536,ack_gpu_journal,2,0,1.4759,0.6412,8.5696,1.6451,1458840,4194304,707756,128,4
65536,ack_gpu_journal,2,1,1.5311,0.705,8.956,1.6578,1458864,4194304,707784,128,4
65536,ack_gpu_journal,2,2,1.3041,0.5937,8.3913,1.5837,1458936,4194304,707769,128,4
65536,ack_gpu_journal,2,3,1.7704,0.7299,9.2829,1.7277,1458920,4194304,707773,128,4
65536,ack_gpu_journal,2,4,1.2853,0.5451,8.22,1.6296,1458848,4194304,707768,128,4
65536,ack_gpu_journal,2,5,1.2894,0.5784,7.7528,1.6265,1458888,4194304,707767,128,4
65536,ack_gpu_journal,2,6,1.8031,0.6962,8.2881,1.6943,1458888,4194304,707777,128,4
65536,ack_gpu_journal,2,7,1.7192,1.0103,10.3071,1.5788,1458888,4194304,707775,128,4
65536,ack_gpu_journal,2,8,1.0921,0.4957,8.4413,1.4992,1458920,4194304,707770,128,4
65536,ack_gpu_journal,2,9,1.5104,0.5798,9.5166,1.5803,1458808,4194304,707773,128,4
65536,ack_gpu_journal,2,10,1.6882,0.7787,9.2794,1.5579,1458968,4194304,707773,128,4
65536,ack_gpu_journal,2,11,1.0552,0.4795,7.9451,1.4745,1458984,4194304,707793,128,4
65536,ack_gpu_journal,2,12,1.5358,0.7541,8.0078,1.5772,1458952,4194304,707780,128,4
65536,ack_gpu_journal,2,13,1.1615,0.5306,7.0632,1.5283,1458760,4194304,707757,128,4
65536,ack_gpu_journal,2,14,1.0308,0.4474,9.9377,1.4806,1458984,4194304,707759,128,4
65536,ack_gpu_journal,2,15,1.1723,0.5619,9.9795,1.4295,1458856,4194304,707767,128,4
65536,ack_gpu_journal,2,16,0.9841,0.4171,7.8483,1.4965,1458856,4194304,707775,128,4
65536,ack_gpu_journal,2,17,1.0321,0.4758,7.8376,1.4129,1458936,4194304,707782,128,4
65536,ack_gpu_journal,2,18,1.2264,0.5894,11.4365,1.447,1458808,4194304,707742,128,4
65536,ack_gpu_journal,2,19,1.1079,0.5237,9.3036,1.6678,1458856,4194304,707750,128,4
65536,ack_gpu_journal,2,20,1.2346,0.6102,8.2616,1.3777,1458824,4194304,707756,128,4
65536,ack_gpu_journal,2,21,1.0584,0.4708,7.6555,1.3885,1458984,4194304,707781,128,4
65536,ack_gpu_journal,2,22,1.2346,0.5497,8.9784,3.0922,1458888,4194304,707769,128,4
65536,ack_gpu_journal,2,23,1.1746,0.5344,9.6113,1.5505,1458920,4194304,707766,128,4
65536,ack_gpu_journal,2,24,0.9879,0.4258,10.549,1.4143,1458872,4194304,707776,128,4
65536,ack_gpu_journal,2,25,1.1176,0.4948,8.7225,1.6353,1458904,4194304,707791,128,4
65536,ack_gpu_journal,2,26,1.07,0.4972,7.83,1.3658,1458928,4194304,707769,128,4
65536,ack_gpu_journal,2,27,0.9634,0.4156,8.1345,1.3602,1458952,4194304,707757,128,4
65536,ack_gpu_journal,2,28,1.3555,0.7026,9.746,1.415,1458952,4194304,707768,128,4
65536,ack_gpu_journal,2,29,1.0681,0.4671,8.8292,1.4357,1458856,4194304,707760,128,4
65536,ack_direct,2,0,1.304,0.6409,9.9051,1.3885,1467784,4194304,707771,128,128
65536,ack_direct,2,1,1.1294,0.4436,10.6016,1.6648,1467800,4194304,707746,128,128
65536,ack_direct,2,2,1.3676,0.5455,9.5518,1.4375,1467816,4194304,707771,128,128
65536,ack_direct,2,3,1.1031,0.4407,10.5024,1.3745,1467736,4194304,707755,128,128
65536,ack_direct,2,4,1.2286,0.5808,8.5855,1.3823,1467912,4194304,707801,128,128
65536,ack_direct,2,5,0.9687,0.3146,9.9406,1.3786,1467848,4194304,707759,128,128
65536,ack_direct,2,6,1.2793,0.6539,8.8269,1.3569,1467768,4194304,707765,128,128
65536,ack_direct,2,7,1.1409,0.4408,9.9762,1.4038,1467848,4194304,707771,128,128
65536,ack_direct,2,8,1.147,0.5072,10.4244,1.3784,1467768,4194304,707781,128,128
65536,ack_direct,2,9,1.1304,0.5044,8.3125,1.3902,1467880,4194304,707787,128,128
65536,ack_direct,2,10,1.2783,0.6532,8.9619,1.3502,1467720,4194304,707780,128,128
65536,ack_direct,2,11,1.1254,0.5086,10.4567,1.388,1467832,4194304,707768,128,128
65536,ack_direct,2,12,1.499,0.6399,10.9641,1.3836,1467816,4194304,707758,128,128
65536,ack_direct,2,13,1.0355,0.3474,9.4987,1.3564,1467848,4194304,707782,128,128
65536,ack_direct,2,14,1.2971,0.602,10.3271,1.4447,1467800,4194304,707768,128,128
65536,ack_direct,2,15,1.2194,0.5699,9.0017,1.3631,1467832,4194304,707771,128,128
65536,ack_direct,2,16,1.1098,0.3419,9.9962,1.5908,1467800,4194304,707780,128,128
65536,ack_direct,2,17,1.2451,0.5686,10.8262,1.4504,1467816,4194304,707775,128,128
65536,ack_direct,2,18,1.1799,0.5306,8.0354,1.3865,1467800,4194304,707771,128,128
65536,ack_direct,2,19,1.1276,0.4776,9.3984,1.3661,1467864,4194304,707777,128,128
65536,ack_direct,2,20,1.2084,0.5453,8.9727,1.4078,1467832,4194304,707765,128,128
65536,ack_direct,2,21,1.1612,0.4875,6.8262,1.3896,1467880,4194304,707771,128,128
65536,ack_direct,2,22,1.3475,0.6632,9.5643,1.3845,1467944,4194304,707773,128,128
65536,ack_direct,2,23,0.9996,0.352,9.4395,1.4332,1467864,4194304,707778,128,128
65536,ack_direct,2,24,1.3205,0.695,9.4423,1.4127,1467800,4194304,707774,128,128
65536,ack_direct,2,25,1.1055,0.4452,10.3406,1.3848,1467928,4194304,707769,128,128
65536,ack_direct,2,26,1.1348,0.5091,9.4622,1.3594,1467816,4194304,707777,128,128
65536,ack_direct,2,27,1.1391,0.4378,11.0038,1.7302,1467912,4194304,707782,128,128
65536,ack_direct,2,28,1.3518,0.6824,9.5326,1.3783,1467848,4194304,707767,128,128
65536,ack_direct,2,29,1.0267,0.3939,10.4454,1.3275,1467864,4194304,707778,128,128
65536,ack_direct,3,0,1.6389,0.6119,11.7399,1.6742,1467976,4194304,707784,128,128
65536,ack_direct,3,1,1.4911,0.6179,10.7639,1.6615,1467928,4194304,707773,128,128
65536,ack_direct,3,2,1.3319,0.5057,11.1366,1.6188,1467912,4194304,707783,128,128
65536,ack_direct,3,3,1.5506,0.7538,10.915,1.5,1467784,4194304,707766,128,128
65536,ack_direct,3,4,1.2041,0.4272,11.8027,1.9006,1467928,4194304,707775,128,128
65536,ack_direct,3,5,1.695,0.7419,10.3064,1.5858,1467736,4194304,707777,128,128
65536,ack_direct,3,6,1.5519,0.626,11.4147,2.8762,1467880,4194304,707770,128,128
65536,ack_direct,3,7,1.3686,0.5336,8.5085,2.2028,1467912,4194304,707788,128,128
65536,ack_direct,3,8,1.3929,0.6152,9.691,1.547,1467904,4194304,707781,128,128
65536,ack_direct,3,9,1.4044,0.626,8.2278,1.5616,1467960,4194304,707803,128,128
65536,ack_direct,3,10,1.2428,0.4689,8.8802,1.5479,1467736,4194304,707765,128,128
65536,ack_direct,3,11,1.3259,0.6001,8.4065,1.4988,1467752,4194304,707750,128,128
65536,ack_direct,3,12,1.4344,0.7033,8.2748,1.7886,1467816,4194304,707783,128,128
65536,ack_direct,3,13,1.1083,0.3762,10.3886,1.4841,1467816,4194304,707774,128,128
65536,ack_direct,3,14,1.3903,0.6704,7.7404,1.5455,1467816,4194304,707755,128,128
65536,ack_direct,3,15,1.2747,0.4693,8.4621,1.4934,1467880,4194304,707766,128,128
65536,ack_direct,3,16,1.4803,0.6998,8.8767,1.7224,1467832,4194304,707760,128,128
65536,ack_direct,3,17,1.3079,0.467,8.8867,1.7409,1467848,4194304,707750,128,128
65536,ack_direct,3,18,2.2823,1.2914,10.5978,1.6455,1467720,4194304,707763,128,128
65536,ack_direct,3,19,1.7985,0.8149,8.1762,1.6533,1467848,4194304,707757,128,128
65536,ack_direct,3,20,1.3353,0.5396,10.4334,1.6874,1467960,4194304,707783,128,128
65536,ack_direct,3,21,1.6957,0.7332,9.1667,1.7135,1467832,4194304,707767,128,128
65536,ack_direct,3,22,3.7435,1.8565,10.3582,1.7224,1467832,4194304,707752,128,128
65536,ack_direct,3,23,1.4558,0.5523,9.7046,1.8306,1467896,4194304,707775,128,128
65536,ack_direct,3,24,1.2507,0.3906,9.2755,1.696,1467832,4194304,707799,128,128
65536,ack_direct,3,25,1.5299,0.5659,10.5658,1.7178,1467928,4194304,707791,128,128
65536,ack_direct,3,26,1.3144,0.5013,9.8203,1.6257,1467832,4194304,707768,128,128
65536,ack_direct,3,27,1.1199,0.4022,9.3451,1.5475,1467816,4194304,707768,128,128
65536,ack_direct,3,28,1.4654,0.5592,7.5709,1.5989,1467736,4194304,707749,128,128
65536,ack_direct,3,29,1.4399,0.6061,8.4307,1.6553,1467848,4194304,707783,128,128
65536,ack_gpu_journal,3,0,1.5981,0.831,7.5765,1.8687,1458936,4194304,707784,128,4
65536,ack_gpu_journal,3,1,1.936,0.9096,9.4812,1.977,1459016,4194304,707769,128,4
65536,ack_gpu_journal,3,2,1.975,1.0574,10.8164,2.5308,1458968,4194304,707771,128,4
65536,ack_gpu_journal,3,3,1.4648,0.6129,9.9735,1.666,1458904,4194304,707762,128,4
65536,ack_gpu_journal,3,4,1.2353,0.5659,8.592,1.6089,1458960,4194304,707792,128,4
65536,ack_gpu_journal,3,5,1.1042,0.4671,9.736,1.5106,1458816,4194304,707762,128,4
65536,ack_gpu_journal,3,6,1.1194,0.5118,10.3065,1.4685,1458888,4194304,707785,128,4
65536,ack_gpu_journal,3,7,1.1943,0.5212,8.4523,1.6036,1458888,4194304,707749,128,4
65536,ack_gpu_journal,3,8,1.0718,0.4441,10.2693,1.4554,1458856,4194304,707775,128,4
65536,ack_gpu_journal,3,9,1.1019,0.4624,9.1074,1.4295,1458872,4194304,707766,128,4
65536,ack_gpu_journal,3,10,1.1613,0.5793,9.9791,1.7722,1458872,4194304,707763,128,4
65536,ack_gpu_journal,3,11,1.1795,0.524,9.6438,1.5992,1458872,4194304,707768,128,4
65536,ack_gpu_journal,3,12,1.1667,0.5157,8.4562,1.3737,1458872,4194304,707771,128,4
65536,ack_gpu_journal,3,13,0.9767,0.4081,9.6415,1.3404,1458904,4194304,707772,128,4
65536,ack_gpu_journal,3,14,1.1884,0.5366,8.6134,1.4015,1458888,4194304,707774,128,4
65536,ack_gpu_journal,3,15,1.0556,0.4677,9.9734,1.3845,1458920,4194304,707781,128,4
65536,ack_gpu_journal,3,16,1.1043,0.4989,8.8733,1.3758,1458936,4194304,707771,128,4
65536,ack_gpu_journal,3,17,1.0652,0.4694,9.1738,1.3898,1458904,4194304,707778,128,4
65536,ack_gpu_journal,3,18,0.9406,0.3934,8.5227,1.3806,1458872,4194304,707768,128,4
65536,ack_gpu_journal,3,19,1.2152,0.5429,9.8806,1.4609,1458904,4194304,707793,128,4
65536,ack_gpu_journal,3,20,1.1931,0.5745,9.1994,1.7125,1458840,4194304,707751,128,4
65536,ack_gpu_journal,3,21,1.1395,0.4585,10.8303,3.4097,1459032,4194304,707787,128,4
65536,ack_gpu_journal,3,22,1.0641,0.4579,8.3439,1.808,1459000,4194304,707774,128,4
65536,ack_gpu_journal,3,23,1.176,0.486,9.6509,1.4899,1458872,4194304,707778,128,4
65536,ack_gpu_journal,3,24,1.4303,0.6602,10.2837,1.5185,1458904,4194304,707765,128,4
65536,ack_gpu_journal,3,25,1.2257,0.5992,9.7736,1.5041,1458888,4194304,707778,128,4
65536,ack_gpu_journal,3,26,1.0867,0.4505,8.269,1.4422,1458904,4194304,707779,128,4
65536,ack_gpu_journal,3,27,1.7146,1.0282,9.8863,2.1739,1458904,4194304,707775,128,4
65536,ack_gpu_journal,3,28,1.4411,0.8279,9.3501,2.0956,1458840,4194304,707771,128,4
65536,ack_gpu_journal,3,29,1.3841,0.586,10.6938,1.8275,1458872,4194304,707791,128,4
131072,ack_direct,1,0,2.7816,0.908,11.5718,3.7005,2951656,8388608,1423896,256,256
131072,ack_direct,1,1,2.6197,0.9081,12.1507,3.3432,2951704,8388608,1423924,256,256
131072,ack_direct,1,2,3.2423,0.8333,12.6291,3.2644,2951752,8388608,1423890,256,256
131072,ack_direct,1,3,2.6691,0.9133,13.3063,3.6631,2951576,8388608,1423886,256,256
131072,ack_direct,1,4,2.5604,0.8886,11.6391,4.0018,2951752,8388608,1423868,256,256
131072,ack_direct,1,5,2.434,0.8282,13.763,3.2916,2951592,8388608,1423876,256,256
131072,ack_direct,1,6,2.4763,0.8478,13.8648,3.6844,2951672,8388608,1423882,256,256
131072,ack_direct,1,7,2.5896,0.8672,12.2724,3.7196,2951720,8388608,1423911,256,256
131072,ack_direct,1,8,2.3779,0.8431,11.8659,3.1121,2951704,8388608,1423870,256,256
131072,ack_direct,1,9,2.3419,0.8638,12.7081,3.3668,2951608,8388608,1423875,256,256
131072,ack_direct,1,10,3.0186,0.8643,13.3052,3.2932,2951656,8388608,1423891,256,256
131072,ack_direct,1,11,2.8303,0.8483,11.4587,3.3527,2951736,8388608,1423906,256,256
131072,ack_direct,1,12,2.7889,0.8911,14.6918,3.6038,2951496,8388608,1423869,256,256
131072,ack_direct,1,13,3.5334,1.0044,10.9674,4.0373,2951560,8388608,1423881,256,256
131072,ack_direct,1,14,2.9043,0.9123,11.9782,5.9971,2951688,8388608,1423876,256,256
131072,ack_direct,1,15,2.9558,0.8853,11.8355,3.6146,2951608,8388608,1423895,256,256
131072,ack_direct,1,16,2.5902,0.8808,12.6949,3.5229,2951736,8388608,1423889,256,256
131072,ack_direct,1,17,2.8358,0.8898,10.4065,3.321,2951592,8388608,1423893,256,256
131072,ack_direct,1,18,2.6532,0.9036,10.7457,3.5465,2951800,8388608,1423906,256,256
131072,ack_direct,1,19,2.6071,0.9385,11.7753,3.545,2951816,8388608,1423895,256,256
131072,ack_direct,1,20,2.5051,0.7764,12.6765,3.3118,2951672,8388608,1423886,256,256
131072,ack_direct,1,21,2.8518,1.1015,12.5935,3.6937,2951688,8388608,1423877,256,256
131072,ack_direct,1,22,2.5369,0.909,12.6455,3.4475,2951656,8388608,1423883,256,256
131072,ack_direct,1,23,2.4103,0.7755,13.4336,3.4993,2951656,8388608,1423905,256,256
131072,ack_direct,1,24,2.6049,0.8522,12.4881,3.1854,2951512,8388608,1423870,256,256
131072,ack_direct,1,25,2.4204,0.8361,12.2711,3.1789,2951736,8388608,1423886,256,256
131072,ack_direct,1,26,2.3209,0.7983,13.4003,3.0817,2951672,8388608,1423873,256,256
131072,ack_direct,1,27,2.4586,0.8402,13.8633,3.0748,2951528,8388608,1423869,256,256
131072,ack_direct,1,28,3.6768,1.3275,11.3793,3.9533,2951608,8388608,1423916,256,256
131072,ack_direct,1,29,3.1571,0.9548,11.3768,3.9909,2951704,8388608,1423869,256,256
131072,ack_gpu_journal,1,0,2.4503,0.957,12.3255,3.1758,2933800,8388608,1423905,256,8
131072,ack_gpu_journal,1,1,2.5261,0.9301,13.6032,5.3226,2934008,8388608,1423917,256,8
131072,ack_gpu_journal,1,2,2.7775,1.0245,14.6531,3.2975,2933960,8388608,1423917,256,8
131072,ack_gpu_journal,1,3,2.5015,0.9139,11.1955,3.2754,2933800,8388608,1423899,256,8
131072,ack_gpu_journal,1,4,3.3431,1.1419,11.1057,4.2043,2933688,8388608,1423873,256,8
131072,ack_gpu_journal,1,5,3.1474,1.1208,12.014,3.9259,2933688,8388608,1423874,256,8
131072,ack_gpu_journal,1,6,2.9631,1.2176,10.483,3.2393,2933848,8388608,1423901,256,8
131072,ack_gpu_journal,1,7,2.4597,0.9173,12.2306,3.3768,2933800,8388608,1423903,256,8
131072,ack_gpu_journal,1,8,2.4356,0.8531,12.9759,3.3352,2933864,8388608,1423928,256,8
131072,ack_gpu_journal,1,9,2.9076,0.8822,10.649,3.2324,2933816,8388608,1423899,256,8
131072,ack_gpu_journal,1,10,2.6687,0.9971,12.8077,3.1929,2933800,8388608,1423891,256,8
131072,ack_gpu_journal,1,11,2.4634,1.0153,11.2851,3.2512,2933880,8388608,1423891,256,8
131072,ack_gpu_journal,1,12,2.7832,1.0121,11.8627,3.4114,2933816,8388608,1423900,256,8
131072,ack_gpu_journal,1,13,2.5369,0.9844,12.3251,3.534,2933768,8388608,1423899,256,8
131072,ack_gpu_journal,1,14,2.3727,0.8188,11.3074,3.5226,2933784,8388608,1423901,256,8
131072,ack_gpu_journal,1,15,2.3014,0.8236,13.4302,3.1555,2933736,8388608,1423871,256,8
131072,ack_gpu_journal,1,16,2.4727,0.8542,13.5516,3.2374,2933848,8388608,1423924,256,8
131072,ack_gpu_journal,1,17,2.5191,0.926,13.0318,3.1101,2933624,8388608,1423863,256,8
131072,ack_gpu_journal,1,18,2.2085,0.9204,11.039,3.0668,2933848,8388608,1423883,256,8
131072,ack_gpu_journal,1,19,2.398,0.8651,12.5606,3.1934,2933736,8388608,1423903,256,8
131072,ack_gpu_journal,1,20,2.4467,0.8554,11.5571,3.1341,2933720,8388608,1423874,256,8
131072,ack_gpu_journal,1,21,3.5522,1.0767,11.9743,3.417,2933816,8388608,1423893,256,8
131072,ack_gpu_journal,1,22,2.868,0.8585,11.2383,3.4253,2933816,8388608,1423887,256,8
131072,ack_gpu_journal,1,23,3.3073,1.4283,11.1927,3.4305,2933944,8388608,1423908,256,8
131072,ack_gpu_journal,1,24,3.6329,1.3377,13.4895,4.1805,2933944,8388608,1423947,256,8
131072,ack_gpu_journal,1,25,3.1985,1.1282,11.1156,3.6087,2933816,8388608,1423903,256,8
131072,ack_gpu_journal,1,26,2.3639,0.8824,12.0527,3.3779,2933784,8388608,1423890,256,8
131072,ack_gpu_journal,1,27,2.353,0.8672,12.2533,3.3107,2933832,8388608,1423884,256,8
131072,ack_gpu_journal,1,28,2.404,0.8505,12.1695,3.3517,2933720,8388608,1423891,256,8
131072,ack_gpu_journal,1,29,2.4026,0.8369,13.3816,3.4123,2934024,8388608,1423920,256,8
131072,ack_gpu_journal,2,0,2.3616,0.8491,10.964,3.1212,2933736,8388608,1423842,256,8
131072,ack_gpu_journal,2,1,2.2382,0.8873,11.1303,3.18,2933688,8388608,1423889,256,8
131072,ack_gpu_journal,2,2,2.1712,0.8399,12.1624,3.2456,2933736,8388608,1423865,256,8
131072,ack_gpu_journal,2,3,2.5332,0.9384,12.3909,3.2676,2933880,8388608,1423875,256,8
131072,ack_gpu_journal,2,4,2.3703,0.8641,12.3373,3.1804,2933832,8388608,1423868,256,8
131072,ack_gpu_journal,2,5,2.2257,0.8275,10.4065,3.1004,2933752,8388608,1423881,256,8
131072,ack_gpu_journal,2,6,2.3965,1.006,11.4909,3.1307,2933896,8388608,1423906,256,8
131072,ack_gpu_journal,2,7,2.7264,0.9097,9.9636,3.4354,2933752,8388608,1423880,256,8
131072,ack_gpu_journal,2,8,4.2988,1.3081,13.5197,3.515,2933896,8388608,1423884,256,8
131072,ack_gpu_journal,2,9,2.8385,0.9714,11.0459,3.3288,2933944,8388608,1423886,256,8
131072,ack_gpu_journal,2,10,3.6557,1.1675,12.0391,3.7459,2933912,8388608,1423886,256,8
131072,ack_gpu_journal,2,11,3.2321,1.239,11.1624,3.7699,2934024,8388608,1423908,256,8
131072,ack_gpu_journal,2,12,3.2547,1.1713,12.4462,3.7838,2933848,8388608,1423871,256,8
131072,ack_gpu_journal,2,13,2.4845,0.8781,13.2273,3.5824,2933784,8388608,1423866,256,8
131072,ack_gpu_journal,2,14,2.7052,1.0235,10.5708,4.1041,2933720,8388608,1423881,256,8
131072,ack_gpu_journal,2,15,2.9481,0.9727,12.2448,3.5736,2933816,8388608,1423877,256,8
131072,ack_gpu_journal,2,16,2.6255,0.9906,12.7734,3.2685,2933784,8388608,1423866,256,8
131072,ack_gpu_journal,2,17,2.5562,0.9519,11.2057,3.3244,2933624,8388608,1423871,256,8
131072,ack_gpu_journal,2,18,2.5253,0.8034,13.087,3.166,2933672,8388608,1423881,256,8
131072,ack_gpu_journal,2,19,2.3214,0.8424,12.872,3.29,2933896,8388608,1423890,256,8
131072,ack_gpu_journal,2,20,2.4018,0.8512,12.5962,3.2779,2933688,8388608,1423863,256,8
131072,ack_gpu_journal,2,21,2.1968,0.8431,12.3067,3.193,2933608,8388608,1423857,256,8
131072,ack_gpu_journal,2,22,2.794,1.2521,12.8878,3.2396,2933736,8388608,1423889,256,8
131072,ack_gpu_journal,2,23,2.381,0.9222,10.8369,3.2336,2933800,8388608,1423879,256,8
131072,ack_gpu_journal,2,24,2.2729,0.8018,12.5445,3.1612,2933736,8388608,1423870,256,8
131072,ack_gpu_journal,2,25,3.4336,1.6852,11.5498,5.5113,2933752,8388608,1423901,256,8
131072,ack_gpu_journal,2,26,2.4505,0.918,11.282,3.4611,2933784,8388608,1423875,256,8
131072,ack_gpu_journal,2,27,2.3001,0.9005,12.8479,3.1997,2933864,8388608,1423899,256,8
131072,ack_gpu_journal,2,28,2.4088,0.9119,11.9744,3.2921,2933688,8388608,1423872,256,8
131072,ack_gpu_journal,2,29,2.3725,0.8463,12.4958,3.317,2933864,8388608,1423900,256,8
131072,ack_direct,2,0,3.5087,1.0779,12.1366,3.5214,2951672,8388608,1423887,256,256
131072,ack_direct,2,1,3.8565,1.2379,11.3668,3.8532,2951640,8388608,1423890,256,256
131072,ack_direct,2,2,3.6934,1.1317,12.0988,5.1562,2951816,8388608,1423887,256,256
131072,ack_direct,2,3,2.9007,1.0509,10.7994,3.7659,2951576,8388608,1423882,256,256
131072,ack_direct,2,4,3.6882,1.0702,12.8946,4.0087,2951688,8388608,1423874,256,256
131072,ack_direct,2,5,2.7543,0.936,9.943,3.6321,2951608,8388608,1423852,256,256
131072,ack_direct,2,6,2.9665,1.1162,13.5436,3.4223,2951848,8388608,1423913,256,256
131072,ack_direct,2,7,3.1394,1.0361,12.6805,3.4459,2951608,8388608,1423851,256,256
131072,ack_direct,2,8,2.7295,0.9387,11.4823,3.3407,2951800,8388608,1423888,256,256
131072,ack_direct,2,9,2.7203,1.0135,11.4854,3.4558,2951688,8388608,1423886,256,256
131072,ack_direct,2,10,2.7698,1.0038,12.3285,3.7972,2951672,8388608,1423886,256,256
131072,ack_direct,2,11,3.0214,0.9431,12.7504,3.4766,2951560,8388608,1423877,256,256
131072,ack_direct,2,12,2.8164,1.0844,10.7249,3.3642,2951736,8388608,1423880,256,256
131072,ack_direct,2,13,3.0579,1.0202,10.2932,5.0812,2951640,8388608,1423863,256,256
131072,ack_direct,2,14,2.877,0.9942,13.1567,4.2993,2951640,8388608,1423865,256,256
131072,ack_direct,2,15,3.1106,1.0969,12.6993,3.4944,2951640,8388608,1423877,256,256
131072,ack_direct,2,16,3.0719,0.924,13.4145,3.6662,2951864,8388608,1423900,256,256
131072,ack_direct,2,17,2.8164,0.9963,10.4589,3.384,2951624,8388608,1423886,256,256
131072,ack_direct,2,18,2.973,0.9627,10.6666,3.3152,2951592,8388608,1423889,256,256
131072,ack_direct,2,19,2.7572,0.9517,11.0481,3.5404,2951816,8388608,1423897,256,256
131072,ack_direct,2,20,2.8349,1.0133,13.5921,3.5769,2951688,8388608,1423888,256,256
131072,ack_direct,2,21,2.8628,1.0444,12.4783,3.3531,2951480,8388608,1423866,256,256
131072,ack_direct,2,22,2.9553,0.9345,11.757,3.6241,2951736,8388608,1423870,256,256
131072,ack_direct,2,23,3.9125,1.1825,12.4832,3.9915,2951480,8388608,1423840,256,256
131072,ack_direct,2,24,3.7633,1.0493,13.0529,3.7599,2951592,8388608,1423870,256,256
131072,ack_direct,2,25,3.9279,1.1959,12.0995,4.5538,2951688,8388608,1423893,256,256
131072,ack_direct,2,26,3.2642,1.1145,12.8366,3.6258,2951528,8388608,1423877,256,256
131072,ack_direct,2,27,3.6673,1.2697,12.1725,3.552,2951816,8388608,1423901,256,256
131072,ack_direct,2,28,3.022,1.0644,13.3141,3.9978,2951608,8388608,1423900,256,256
131072,ack_direct,2,29,3.2524,1.0372,12.9507,3.9404,2951768,8388608,1423942,256,256
131072,ack_direct,3,0,2.6843,0.9523,11.4754,3.3834,2951720,8388608,1423898,256,256
131072,ack_direct,3,1,2.4644,0.859,10.3187,3.1027,2951736,8388608,1423883,256,256
131072,ack_direct,3,2,3.6532,1.4783,14.9459,5.075,2951576,8388608,1423883,256,256
131072,ack_direct,3,3,2.669,0.9341,13.8972,3.7136,2951800,8388608,1423892,256,256
131072,ack_direct,3,4,2.437,0.8836,12.1981,3.0908,2951592,8388608,1423861,256,256
131072,ack_direct,3,5,2.4691,0.9745,13.0528,3.1208,2951592,8388608,1423862,256,256
131072,ack_direct,3,6,2.4538,0.8727,11.9595,3.1673,2951560,8388608,1423892,256,256
131072,ack_direct,3,7,2.5254,0.815,12.5011,3.1326,2951656,8388608,1423899,256,256
131072,ack_direct,3,8,2.5217,0.9492,14.3092,3.313,2951560,8388608,1423896,256,256
131072,ack_direct,3,9,4.0544,1.169,13.3632,4.0812,2951656,8388608,1423878,256,256
131072,ack_direct,3,10,4.0667,1.2638,12.6724,3.7867,2951688,8388608,1423884,256,256
131072,ack_direct,3,11,2.8586,0.9274,11.8676,3.5169,2951784,8388608,1423879,256,256
131072,ack_direct,3,12,2.4903,0.9094,13.8566,3.5891,2951736,8388608,1423870,256,256
131072,ack_direct,3,13,2.3861,0.8354,13.9701,3.2526,2951528,8388608,1423871,256,256
131072,ack_direct,3,14,2.5797,0.9124,13.0319,3.1617,2951752,8388608,1423906,256,256
131072,ack_direct,3,15,2.5495,0.924,13.2946,3.0892,2951576,8388608,1423879,256,256
131072,ack_direct,3,16,2.2844,0.8126,12.1532,3.1922,2951768,8388608,1423902,256,256
131072,ack_direct,3,17,2.6848,0.8246,15.0345,3.0821,2951688,8388608,1423864,256,256
131072,ack_direct,3,18,2.7061,0.9836,13.9927,3.2458,2951656,8388608,1423870,256,256
131072,ack_direct,3,19,2.4857,0.8421,14.3409,3.1376,2951752,8388608,1423885,256,256
131072,ack_direct,3,20,2.6351,0.9179,14.6124,3.3108,2951688,8388608,1423872,256,256
131072,ack_direct,3,21,2.8305,1.192,15.5536,3.4332,2951688,8388608,1423883,256,256
131072,ack_direct,3,22,2.4125,0.8508,15.6192,3.2293,2951640,8388608,1423896,256,256
131072,ack_direct,3,23,2.5581,0.9129,13.5841,3.0705,2951816,8388608,1423902,256,256
131072,ack_direct,3,24,2.7508,1.0284,14.4008,3.2654,2951800,8388608,1423880,256,256
131072,ack_direct,3,25,2.3961,0.7967,12.0047,3.355,2951528,8388608,1423877,256,256
131072,ack_direct,3,26,2.8191,0.9845,14.7797,3.5793,2951624,8388608,1423873,256,256
131072,ack_direct,3,27,2.7231,1.0324,14.779,3.8746,2951720,8388608,1423890,256,256
131072,ack_direct,3,28,2.5026,0.8767,12.1554,3.2999,2951704,8388608,1423863,256,256
131072,ack_direct,3,29,2.47,0.8846,13.9738,3.5865,2951768,8388608,1423907,256,256
131072,ack_gpu_journal,3,0,2.5176,0.8617,11.3445,3.2519,2933832,8388608,1423913,256,8
131072,ack_gpu_journal,3,1,2.5288,1.0414,12.3105,3.1927,2933816,8388608,1423918,256,8
131072,ack_gpu_journal,3,2,2.9471,1.0693,13.8094,3.7351,2933752,8388608,1423878,256,8
131072,ack_gpu_journal,3,3,2.3654,0.9537,12.8369,3.2839,2933848,8388608,1423886,256,8
131072,ack_gpu_journal,3,4,2.5379,1.0116,13.2706,3.278,2933832,8388608,1423885,256,8
131072,ack_gpu_journal,3,5,3.302,1.0772,13.3982,3.556,2933800,8388608,1423892,256,8
131072,ack_gpu_journal,3,6,2.9332,1.0275,11.3152,3.3417,2933816,8388608,1423871,256,8
131072,ack_gpu_journal,3,7,2.3165,0.8493,12.7566,3.4912,2933800,8388608,1423891,256,8
131072,ack_gpu_journal,3,8,2.6121,1.1194,13.6891,3.1177,2933928,8388608,1423896,256,8
131072,ack_gpu_journal,3,9,2.4303,0.9012,13.2678,3.1585,2933848,8388608,1423881,256,8
131072,ack_gpu_journal,3,10,2.214,0.891,11.7011,2.9904,2933784,8388608,1423882,256,8
131072,ack_gpu_journal,3,11,2.2489,0.8656,12.5115,3.3546,2933816,8388608,1423849,256,8
131072,ack_gpu_journal,3,12,2.4967,0.8563,12.6789,3.4704,2933896,8388608,1423923,256,8
131072,ack_gpu_journal,3,13,2.4222,0.9319,11.7007,3.0932,2933912,8388608,1423883,256,8
131072,ack_gpu_journal,3,14,2.2551,0.8198,13.2559,3.0528,2933912,8388608,1423912,256,8
131072,ack_gpu_journal,3,15,2.3344,0.8768,11.6769,3.1487,2933880,8388608,1423885,256,8
131072,ack_gpu_journal,3,16,3.1871,1.2055,14.513,3.866,2933880,8388608,1423876,256,8
131072,ack_gpu_journal,3,17,3.0331,1.0377,11.085,3.257,2933896,8388608,1423915,256,8
131072,ack_gpu_journal,3,18,2.6895,0.9441,11.4134,3.2762,2933848,8388608,1423895,256,8
131072,ack_gpu_journal,3,19,2.8653,0.9551,12.0453,3.5275,2933816,8388608,1423897,256,8
131072,ack_gpu_journal,3,20,2.6906,0.9317,12.3149,3.3525,2933768,8388608,1423869,256,8
131072,ack_gpu_journal,3,21,2.4482,0.9274,11.71,3.1531,2933992,8388608,1423908,256,8
131072,ack_gpu_journal,3,22,2.4378,1.0017,11.2823,3.1518,2933816,8388608,1423884,256,8
131072,ack_gpu_journal,3,23,3.1933,0.995,10.5931,3.5608,2933864,8388608,1423908,256,8
131072,ack_gpu_journal,3,24,2.3958,0.8975,10.6236,3.2211,2933800,8388608,1423875,256,8
131072,ack_gpu_journal,3,25,2.2436,0.8376,11.9349,3.1349,2933880,8388608,1423922,256,8
131072,ack_gpu_journal,3,26,2.367,0.8995,13.5364,3.2339,2933880,8388608,1423909,256,8
131072,ack_gpu_journal,3,27,2.7044,1.1161,13.4846,5.3777,2933720,8388608,1423870,256,8
131072,ack_gpu_journal,3,28,2.6491,1.0835,11.3503,3.7887,2933928,8388608,1423916,256,8
131072,ack_gpu_journal,3,29,2.3773,0.8956,11.2207,3.0843,2933896,8388608,1423909,256,8
