packages,scene,cadence_ticks,compression_threshold,clients,native_position_framed_bytes,routed_owner_down_framed_bytes,routed_observer_down_framed_bytes,relative_up_framed_bytes,ack_framed_bytes,visible_ready_up_framed_bytes,gpu_component_bytes,ratio,verdict
10000,line_x,1,-1,1,2197460,0,0,669292,4193,589872,1263357,0.574917,INCOMPLETE
10000,line_x,1,-1,4,8789840,0,6592380,669292,4193,589872,7855737,0.893729,INCOMPLETE
10000,line_x,1,256,1,2397460,0,0,86032,4253,599872,690157,0.287870,INCOMPLETE
10000,line_x,1,256,4,9589840,0,7192380,86032,4253,599872,7882537,0.821968,INCOMPLETE
10000,line_x,3,-1,1,2197460,0,0,223012,1393,589872,814277,0.370554,INCOMPLETE
10000,line_x,3,-1,4,8789840,0,6592380,223012,1393,589872,7406657,0.842638,INCOMPLETE
10000,line_x,3,256,1,2397460,0,0,28592,1413,599872,629877,0.262727,INCOMPLETE
10000,line_x,3,256,4,9589840,0,7192380,28592,1413,599872,7822257,0.815682,INCOMPLETE
10000,diagonal_xyz,1,-1,1,2197460,0,0,674092,4193,589872,1268157,0.577101,INCOMPLETE
10000,diagonal_xyz,1,-1,4,8789840,0,6592380,674092,4193,589872,7860537,0.894275,INCOMPLETE
10000,diagonal_xyz,1,256,1,2397460,0,0,87292,4253,599872,691417,0.288396,INCOMPLETE
10000,diagonal_xyz,1,256,4,9589840,0,7192380,87292,4253,599872,7883797,0.822099,INCOMPLETE
10000,diagonal_xyz,3,-1,1,2197460,0,0,224612,1393,589872,815877,0.371282,INCOMPLETE
10000,diagonal_xyz,3,-1,4,8789840,0,6592380,224612,1393,589872,7408257,0.842820,INCOMPLETE
10000,diagonal_xyz,3,256,1,2397460,0,0,29012,1413,599872,630297,0.262902,INCOMPLETE
10000,diagonal_xyz,3,256,4,9589840,0,7192380,29012,1413,599872,7822677,0.815725,INCOMPLETE
10000,dispersed_xyz,1,-1,1,2197460,0,0,674092,4193,589872,1268157,0.577101,INCOMPLETE
10000,dispersed_xyz,1,-1,4,8789840,0,6592380,674092,4193,589872,7860537,0.894275,INCOMPLETE
10000,dispersed_xyz,1,256,1,2397460,0,0,87292,4253,599872,691417,0.288396,INCOMPLETE
10000,dispersed_xyz,1,256,4,9589840,0,7192380,87292,4253,599872,7883797,0.822099,INCOMPLETE
10000,dispersed_xyz,3,-1,1,2197460,0,0,224612,1393,589872,815877,0.371282,INCOMPLETE
10000,dispersed_xyz,3,-1,4,8789840,0,6592380,224612,1393,589872,7408257,0.842820,INCOMPLETE
10000,dispersed_xyz,3,256,1,2397460,0,0,29012,1413,599872,630297,0.262902,INCOMPLETE
10000,dispersed_xyz,3,256,4,9589840,0,7192380,29012,1413,599872,7822677,0.815725,INCOMPLETE
10000,divergent_xyz,1,-1,1,2197460,0,0,3754456,4193,589872,4348521,1.978885,OVER_BUDGET
10000,divergent_xyz,1,-1,4,8789840,0,6592380,3754456,4193,589872,10940901,1.244721,INCOMPLETE
10000,divergent_xyz,1,256,1,2397460,0,0,2986225,4253,599872,3590350,1.497564,INCOMPLETE
10000,divergent_xyz,1,256,4,9589840,0,7192380,2986225,4253,599872,10782730,1.124391,INCOMPLETE
10000,divergent_xyz,3,-1,1,2197460,0,0,1362172,1393,589872,1953437,0.888952,INCOMPLETE
10000,divergent_xyz,3,-1,4,8789840,0,6592380,1362172,1393,589872,8545817,0.972238,INCOMPLETE
10000,divergent_xyz,3,256,1,2397460,0,0,1131269,1413,599872,1732554,0.722662,INCOMPLETE
10000,divergent_xyz,3,256,4,9589840,0,7192380,1131269,1413,599872,8924934,0.930666,INCOMPLETE
65536,line_x,1,-1,1,15398440,0,0,4383052,4259,3915648,8302959,0.539208,INCOMPLETE
65536,line_x,1,-1,4,61593760,0,46195320,4383052,4259,3915648,54498279,0.884802,INCOMPLETE
65536,line_x,1,256,1,16709160,0,0,558412,4319,3981184,4543915,0.271942,INCOMPLETE
65536,line_x,1,256,4,66836640,0,50127480,558412,4319,3981184,54671395,0.817985,INCOMPLETE
65536,line_x,3,-1,1,15398440,0,0,1460932,1419,3915648,5377999,0.349256,INCOMPLETE
65536,line_x,3,-1,4,61593760,0,46195320,1460932,1419,3915648,51573319,0.837314,INCOMPLETE
65536,line_x,3,256,1,16709160,0,0,186052,1439,3981184,4168675,0.249484,INCOMPLETE
65536,line_x,3,256,4,66836640,0,50127480,186052,1439,3981184,54296155,0.812371,INCOMPLETE
65536,diagonal_xyz,1,-1,1,15398440,0,0,4413772,4259,3915648,8333679,0.541203,INCOMPLETE
65536,diagonal_xyz,1,-1,4,61593760,0,46195320,4413772,4259,3915648,54528999,0.885301,INCOMPLETE
65536,diagonal_xyz,1,256,1,16709160,0,0,566092,4319,3981184,4551595,0.272401,INCOMPLETE
65536,diagonal_xyz,1,256,4,66836640,0,50127480,566092,4319,3981184,54679075,0.818100,INCOMPLETE
65536,diagonal_xyz,3,-1,1,15398440,0,0,1471172,1419,3915648,5388239,0.349921,INCOMPLETE
65536,diagonal_xyz,3,-1,4,61593760,0,46195320,1471172,1419,3915648,51583559,0.837480,INCOMPLETE
65536,diagonal_xyz,3,256,1,16709160,0,0,188612,1439,3981184,4171235,0.249638,INCOMPLETE
65536,diagonal_xyz,3,256,4,66836640,0,50127480,188612,1439,3981184,54298715,0.812409,INCOMPLETE
65536,dispersed_xyz,1,-1,1,15398440,0,0,4413772,4259,3915648,8333679,0.541203,INCOMPLETE
65536,dispersed_xyz,1,-1,4,61593760,0,46195320,4413772,4259,3915648,54528999,0.885301,INCOMPLETE
65536,dispersed_xyz,1,256,1,16709160,0,0,566092,4319,3981184,4551595,0.272401,INCOMPLETE
65536,dispersed_xyz,1,256,4,66836640,0,50127480,566092,4319,3981184,54679075,0.818100,INCOMPLETE
65536,dispersed_xyz,3,-1,1,15398440,0,0,1471172,1419,3915648,5388239,0.349921,INCOMPLETE
65536,dispersed_xyz,3,-1,4,61593760,0,46195320,1471172,1419,3915648,51583559,0.837480,INCOMPLETE
65536,dispersed_xyz,3,256,1,16709160,0,0,188612,1439,3981184,4171235,0.249638,INCOMPLETE
65536,dispersed_xyz,3,256,4,66836640,0,50127480,188612,1439,3981184,54298715,0.812409,INCOMPLETE
65536,divergent_xyz,1,-1,1,15398440,0,0,24543712,4259,3915648,28463619,1.848474,OVER_BUDGET
65536,divergent_xyz,1,-1,4,61593760,0,46195320,24543712,4259,3915648,74658939,1.212119,INCOMPLETE
65536,divergent_xyz,1,256,1,16709160,0,0,19520727,4319,3981184,23506230,1.406787,INCOMPLETE
65536,divergent_xyz,1,256,4,66836640,0,50127480,19520727,4319,3981184,73633710,1.101697,INCOMPLETE
65536,divergent_xyz,3,-1,1,15398440,0,0,8916984,1419,3915648,12834051,0.833464,INCOMPLETE
65536,divergent_xyz,3,-1,4,61593760,0,46195320,8916984,1419,3915648,59029371,0.958366,INCOMPLETE
65536,divergent_xyz,3,256,1,16709160,0,0,7402802,1439,3981184,11385425,0.681388,INCOMPLETE
65536,divergent_xyz,3,256,4,66836640,0,50127480,7402802,1439,3981184,61512905,0.920347,INCOMPLETE
131072,line_x,1,-1,1,31127080,0,0,8768332,4259,7847808,16620399,0.533953,INCOMPLETE
131072,line_x,1,-1,4,124508320,0,93381240,8768332,4259,7847808,110001639,0.883488,INCOMPLETE
131072,line_x,1,256,1,33748520,0,0,1119052,4319,7978880,9102251,0.269708,INCOMPLETE
131072,line_x,1,256,4,134994080,0,101245560,1119052,4319,7978880,110347811,0.817427,INCOMPLETE
131072,line_x,3,-1,1,31127080,0,0,2922692,1419,7847808,10771919,0.346063,INCOMPLETE
131072,line_x,3,-1,4,124508320,0,93381240,2922692,1419,7847808,104153159,0.836516,INCOMPLETE
131072,line_x,3,256,1,33748520,0,0,372932,1439,7978880,8353251,0.247515,INCOMPLETE
131072,line_x,3,256,4,134994080,0,101245560,372932,1439,7978880,109598811,0.811879,INCOMPLETE
131072,diagonal_xyz,1,-1,1,31127080,0,0,8829772,4259,7847808,16681839,0.535927,INCOMPLETE
131072,diagonal_xyz,1,-1,4,124508320,0,93381240,8829772,4259,7847808,110063079,0.883982,INCOMPLETE
131072,diagonal_xyz,1,256,1,33748520,0,0,1134412,4319,7978880,9117611,0.270163,INCOMPLETE
131072,diagonal_xyz,1,256,4,134994080,0,101245560,1134412,4319,7978880,110363171,0.817541,INCOMPLETE
131072,diagonal_xyz,3,-1,1,31127080,0,0,2943172,1419,7847808,10792399,0.346721,INCOMPLETE
131072,diagonal_xyz,3,-1,4,124508320,0,93381240,2943172,1419,7847808,104173639,0.836680,INCOMPLETE
131072,diagonal_xyz,3,256,1,33748520,0,0,378052,1439,7978880,8358371,0.247666,INCOMPLETE
131072,diagonal_xyz,3,256,4,134994080,0,101245560,378052,1439,7978880,109603931,0.811917,INCOMPLETE
131072,dispersed_xyz,1,-1,1,31127080,0,0,8829772,4259,7847808,16681839,0.535927,INCOMPLETE
131072,dispersed_xyz,1,-1,4,124508320,0,93381240,8829772,4259,7847808,110063079,0.883982,INCOMPLETE
131072,dispersed_xyz,1,256,1,33748520,0,0,1134412,4319,7978880,9117611,0.270163,INCOMPLETE
131072,dispersed_xyz,1,256,4,134994080,0,101245560,1134412,4319,7978880,110363171,0.817541,INCOMPLETE
131072,dispersed_xyz,3,-1,1,31127080,0,0,2943172,1419,7847808,10792399,0.346721,INCOMPLETE
131072,dispersed_xyz,3,-1,4,124508320,0,93381240,2943172,1419,7847808,104173639,0.836680,INCOMPLETE
131072,dispersed_xyz,3,256,1,33748520,0,0,378052,1439,7978880,8358371,0.247666,INCOMPLETE
131072,dispersed_xyz,3,256,4,134994080,0,101245560,378052,1439,7978880,109603931,0.811917,INCOMPLETE
131072,divergent_xyz,1,-1,1,31127080,0,0,49097380,4259,7847808,56949447,1.829579,OVER_BUDGET
131072,divergent_xyz,1,-1,4,124508320,0,93381240,49097380,4259,7847808,150330687,1.207395,INCOMPLETE
131072,divergent_xyz,1,256,1,33748520,0,0,39045106,4319,7978880,47028305,1.393492,INCOMPLETE
131072,divergent_xyz,1,256,4,134994080,0,101245560,39045106,4319,7978880,148273865,1.098373,INCOMPLETE
131072,divergent_xyz,3,-1,1,31127080,0,0,17836316,1419,7847808,25685543,0.825183,INCOMPLETE
131072,divergent_xyz,3,-1,4,124508320,0,93381240,17836316,1419,7847808,119066783,0.956296,INCOMPLETE
131072,divergent_xyz,3,256,1,33748520,0,0,14807638,1439,7978880,22787957,0.675228,INCOMPLETE
131072,divergent_xyz,3,256,4,134994080,0,101245560,14807638,1439,7978880,124033517,0.918807,INCOMPLETE
