packages,free,chain,run,free_gpu_p50_ms,free_gpu_p95_ms,chain_gpu_p50_ms,chain_gpu_p95_ms,publish_gpu_p50_ms,publish_gpu_p95_ms,total_gpu_p50_ms,total_gpu_p95_ms,submit_cpu_p50_ms,submit_cpu_p95_ms
10000,5000,5000,1,0.15872,0.162816,0.01024,0.011264,0.155648,0.172032,0.324608,0.342016,0.0154,0.038
10000,5000,5000,2,0.160768,0.169984,0.01024,0.011264,0.156672,0.183296,0.330752,0.355328,0.0138,0.0398
10000,5000,5000,3,0.161792,0.17408,0.01024,0.011264,0.149504,0.167936,0.323584,0.344064,0.0112,0.0251
65536,32768,32768,1,0.451584,0.458752,0.028672,0.029696,0.252928,0.287744,0.730112,0.765952,0.0101,0.0426
65536,32768,32768,2,0.456704,0.480256,0.028672,0.029696,0.246784,0.27648,0.745472,0.784384,0.0068,0.0354
65536,32768,32768,3,0.458752,0.48128,0.028672,0.029696,0.244736,0.274432,0.7495679999999999,0.782336,0.0054,0.0066
131072,65536,65536,1,0.785408,0.813056,0.04096,0.04096,0.344064,0.385024,1.18272,1.227776,0.0044,0.0178
131072,65536,65536,2,0.817152,0.85504,0.04096,0.041984,0.354304,0.392192,1.2236799999999999,1.273856,0.0045,0.0068
131072,65536,65536,3,0.80896,0.857088,0.04096,0.041984,0.355328,0.387072,1.222656,1.2656640000000001,0.0042,0.0065
