count,scenario,run,gpu_p50_ms,gpu_p95_ms,cpu_submit_p50_ms,cpu_submit_p95_ms
10000,dirty_capture_cancel,1,0.018432,0.08192,0.0014,0.0091
10000,dirty_capture_cancel,2,0.018432,0.086016,0.0014,0.0072
10000,dirty_capture_cancel,3,0.018432,0.067584,0.0012,0.0053
10000,unchanged_capture,1,0.016384,0.059392,9.0E-4,0.0084
10000,unchanged_capture,2,0.013312,0.02048,5.0E-4,0.0017
10000,unchanged_capture,3,0.016384,0.02048,5.0E-4,0.0015
65536,dirty_capture_cancel,1,0.03584,0.044032,8.0E-4,0.0032
65536,dirty_capture_cancel,2,0.03584,0.044032,7.0E-4,0.0018
65536,dirty_capture_cancel,3,0.03584,0.044032,7.0E-4,0.0018
65536,unchanged_capture,1,0.021504,0.024576,5.0E-4,0.0016
65536,unchanged_capture,2,0.021504,0.024576,5.0E-4,0.0017
65536,unchanged_capture,3,0.021504,0.0256,5.0E-4,0.0016
131072,dirty_capture_cancel,1,0.053248,0.06144,6.0E-4,0.0018
131072,dirty_capture_cancel,2,0.053248,0.06144,6.0E-4,0.0019
131072,dirty_capture_cancel,3,0.053248,0.06144,6.0E-4,0.0017
131072,unchanged_capture,1,0.029696,0.034816,5.0E-4,0.0015
131072,unchanged_capture,2,0.028672,0.034816,5.0E-4,0.0015
131072,unchanged_capture,3,0.028672,0.033792,5.0E-4,0.0015
