count,scenario,repeat,samples,prepare_p50_ms,prepare_p95_ms,submit_p50_ms,submit_p95_ms,gpu_p50_ms,gpu_p95_ms,upload_bytes_per_sample,readback_bytes_per_sample,active,stale
10000,sample_publish_motion,1,120,0.0139,0.0201,0.003,0.0046,0.105472,0.114688,0,0,10000,0
10000,sample_publish_motion,2,120,0.0157,0.1356,0.0033,0.005,0.113664,0.124928,0,0,10000,0
10000,sample_publish_motion,3,120,0.0142,0.0152,0.0027,0.0029,0.105472,0.116736,0,0,10000,0
10000,delta_sample_publish_motion,1,120,0.014,0.0174,0.1431,0.1697,0.262144,0.270336,1280000,0,10000,0
10000,delta_sample_publish_motion,2,120,0.0162,0.0172,0.1725,0.1936,0.203776,0.21504,1280000,0,10000,0
10000,delta_sample_publish_motion,3,120,0.0142,0.0215,0.1471,0.1598,0.203776,0.208896,1280000,0,10000,0
65536,sample_publish_motion,1,120,0.0917,0.1056,0.0022,0.0027,0.256,0.272384,0,0,65536,0
65536,sample_publish_motion,2,120,0.0926,0.1362,0.0021,0.0024,0.257024,0.270336,0,0,65536,0
65536,sample_publish_motion,3,120,0.0924,0.0994,0.0021,0.0024,0.26112,0.275456,0,0,65536,0
65536,delta_sample_publish_motion,1,120,0.1767,0.7354,0.9057,1.1105,1.343488,1.624064,8388608,0,65536,0
65536,delta_sample_publish_motion,2,120,0.1063,0.7864,0.9164,1.2178,1.410048,1.6128,8388608,0,65536,0
65536,delta_sample_publish_motion,3,120,0.1035,0.1193,0.9544,1.0073,1.380352,1.630208,8388608,0,65536,0
131072,sample_publish_motion,1,120,0.2281,0.3004,0.0027,0.0036,0.40448,0.41984,0,0,131072,0
131072,sample_publish_motion,2,120,0.203,0.2891,0.0023,0.0031,0.349184,0.374784,0,0,131072,0
131072,sample_publish_motion,3,120,0.2155,0.3058,0.0027,0.0038,0.36864,0.386048,0,0,131072,0
131072,delta_sample_publish_motion,1,120,0.4129,1.4378,2.2688,2.749,2.850816,3.382272,16777216,0,131072,0
131072,delta_sample_publish_motion,2,120,0.228,0.2538,1.6979,2.5323,2.686976,2.981888,16777216,0,131072,0
131072,delta_sample_publish_motion,3,120,0.2144,0.287,1.672,2.7943,3.18976,3.373056,16777216,0,131072,0
