particles,repeat,sample,prepare_cpu_ms,submit_cpu_ms,gpu_ms
10000,1,0,0.055,0.0461,0.140288
10000,1,1,0.0781,0.0447,0.236544
10000,1,2,0.0555,0.0549,0.164864
10000,1,3,0.0559,0.0629,0.223232
10000,1,4,0.0552,0.049,0.146432
10000,1,5,0.055,0.047,0.210944
10000,1,6,0.0556,0.0445,0.149504
10000,1,7,0.0563,0.0445,0.222208
10000,1,8,0.1096,0.068,0.14848
10000,1,9,0.4465,0.044,0.219136
10000,1,10,0.4398,0.047,0.145408
10000,1,11,0.3969,0.046,0.212992
10000,1,12,0.3502,0.0453,0.146432
10000,1,13,0.3908,0.0449,0.233472
10000,1,14,0.3858,0.0455,0.150528
10000,1,15,0.3504,0.0565,0.228352
10000,1,16,0.3906,0.0487,0.154624
10000,1,17,0.3892,0.0466,0.222208
10000,1,18,0.4027,0.0449,0.155648
10000,1,19,0.395,0.0458,0.221184
10000,1,20,0.3833,0.0456,0.141312
10000,1,21,0.3775,0.0447,0.212992
10000,1,22,0.367,0.0454,0.151552
10000,1,23,0.3824,0.0445,0.258048
10000,1,24,0.3786,0.0444,0.144384
10000,1,25,0.3824,0.0443,0.238592
10000,1,26,0.3876,0.0453,0.154624
10000,1,27,0.3798,0.0445,0.208896
10000,1,28,0.3835,0.0531,0.149504
10000,1,29,0.3846,0.0441,0.223232
10000,1,30,0.3758,0.0438,0.149504
10000,1,31,0.3669,0.0445,0.211968
10000,1,32,0.3655,0.0518,0.14848
10000,1,33,0.3673,0.0441,0.208896
10000,1,34,0.3705,0.0729,0.142336
10000,1,35,0.3668,0.0473,0.239616
10000,1,36,0.3667,0.0856,0.171008
10000,1,37,0.3512,0.0881,0.212992
10000,1,38,0.3653,0.0577,0.151552
10000,1,39,0.3671,0.0427,0.262144
10000,1,40,0.3664,0.0407,0.13824
10000,1,41,0.3944,0.0419,0.21504
10000,1,42,0.3712,0.0411,0.155648
10000,1,43,0.3686,0.0586,0.207872
10000,1,44,0.3439,0.0432,0.154624
10000,1,45,0.3668,0.0411,0.249856
10000,1,46,0.3665,0.0411,0.1536
10000,1,47,0.3795,0.0408,0.207872
10000,1,48,0.3704,0.0402,0.145408
10000,1,49,0.3824,0.0404,0.221184
10000,1,50,0.3483,0.0416,0.145408
10000,1,51,0.3678,0.0411,0.208896
10000,1,52,0.364,0.0409,0.152576
10000,1,53,0.3696,0.0406,0.239616
10000,1,54,0.3662,0.0404,0.154624
10000,1,55,0.3632,0.0407,0.21504
10000,1,56,0.3511,0.0415,0.150528
10000,1,57,0.3633,0.041,0.226304
10000,1,58,0.3657,0.0402,0.152576
10000,1,59,0.3659,0.0417,0.242688
10000,1,60,0.3681,0.041,0.145408
10000,1,61,0.3627,0.0514,0.208896
10000,1,62,0.3553,0.0534,0.146432
10000,1,63,0.3657,0.0436,0.207872
10000,1,64,0.3677,0.0528,0.152576
10000,1,65,0.37,0.0573,0.232448
10000,1,66,0.3993,0.0446,0.149504
10000,1,67,0.3636,0.0462,0.2304
10000,1,68,0.3805,0.0436,0.16896
10000,1,69,0.3763,0.0423,0.221184
10000,1,70,0.3857,0.0414,0.150528
10000,1,71,0.3776,0.0424,0.251904
10000,1,72,0.3741,0.0418,0.15872
10000,1,73,0.3813,0.0403,0.223232
10000,1,74,0.3341,0.0413,0.156672
10000,1,75,0.3734,0.041,0.21504
10000,1,76,0.3715,0.0415,0.14848
10000,1,77,0.349,0.0414,0.222208
10000,1,78,0.3716,0.0412,0.14848
10000,1,79,0.3766,0.0402,0.221184
10000,1,80,0.3562,0.0418,0.145408
10000,1,81,0.3715,0.0411,0.21504
10000,1,82,0.3707,0.0409,0.157696
10000,1,83,0.3469,0.0417,0.218112
10000,1,84,0.363,0.06,0.14336
10000,1,85,0.3617,0.0426,0.211968
10000,1,86,0.3383,0.0418,0.157696
10000,1,87,0.3611,0.0425,0.223232
10000,1,88,0.3539,0.0412,0.142336
10000,1,89,0.4365,0.0724,0.218112
10000,1,90,0.4922,0.0424,0.14848
10000,1,91,0.3725,0.042,0.217088
10000,1,92,0.3527,0.0416,0.160768
10000,1,93,0.3564,0.0406,0.218112
10000,1,94,0.348,0.0427,0.142336
10000,1,95,0.3497,0.0549,0.208896
10000,1,96,0.3502,0.0419,0.144384
10000,1,97,0.3496,0.0407,0.219136
10000,1,98,0.35,0.0407,0.151552
10000,1,99,0.3497,0.0407,0.244736
10000,1,100,0.3505,0.0479,0.149504
10000,1,101,0.3523,0.0483,0.228352
10000,1,102,0.3503,0.0407,0.14848
10000,1,103,0.3526,0.0509,0.247808
10000,1,104,0.3528,0.0498,0.14848
10000,1,105,0.354,0.041,0.218112
10000,1,106,0.3535,0.0409,0.15872
10000,1,107,0.3502,0.0404,0.21504
10000,1,108,0.3498,0.0436,0.141312
10000,1,109,0.3491,0.0403,0.246784
10000,1,110,0.3553,0.0406,0.150528
10000,1,111,0.3504,0.0406,0.224256
10000,1,112,0.3477,0.0403,0.151552
10000,1,113,0.3906,0.0472,0.216064
10000,1,114,0.3513,0.0401,0.149504
10000,1,115,0.3129,0.0413,0.238592
10000,1,116,0.3572,0.0469,0.14336
10000,1,117,0.353,0.0411,0.206848
10000,1,118,0.3704,0.0413,0.149504
10000,1,119,0.3486,0.0411,0.237568
10000,2,0,0.0058,0.0406,0.147456
10000,2,1,0.0059,0.0402,0.219136
10000,2,2,0.0058,0.0408,0.14848
10000,2,3,0.0058,0.0532,0.226304
10000,2,4,0.0073,0.0406,0.140288
10000,2,5,0.0067,0.0562,0.218112
10000,2,6,0.0058,0.0402,0.147456
10000,2,7,0.0058,0.0414,0.217088
10000,2,8,0.0059,0.0395,0.149504
10000,2,9,0.0059,0.0393,0.206848
10000,2,10,0.0059,0.0397,0.150528
10000,2,11,0.0059,0.0595,0.246784
10000,2,12,0.0108,0.0556,0.139264
10000,2,13,0.0058,0.0397,0.208896
10000,2,14,0.0057,0.0395,0.14848
10000,2,15,0.0058,0.0399,0.212992
10000,2,16,0.0057,0.0398,0.147456
10000,2,17,0.0057,0.0435,0.217088
10000,2,18,0.0058,0.0394,0.147456
10000,2,19,0.0057,0.0394,0.212992
10000,2,20,0.0057,0.0397,0.147456
10000,2,21,0.0058,0.0544,0.224256
10000,2,22,0.0061,0.0624,0.154624
10000,2,23,0.0058,0.0391,0.217088
10000,2,24,0.0058,0.0488,0.14848
10000,2,25,0.0059,0.0389,0.22016
10000,2,26,0.0058,0.039,0.145408
10000,2,27,0.0058,0.0391,0.22528
10000,2,28,0.0059,0.04,0.139264
10000,2,29,0.0057,0.0395,0.207872
10000,2,30,0.0058,0.0393,0.147456
10000,2,31,0.0057,0.0415,0.216064
10000,2,32,0.0057,0.0395,0.149504
10000,2,33,0.0057,0.039,0.211968
10000,2,34,0.0058,0.0391,0.147456
10000,2,35,0.0058,0.0391,0.224256
10000,2,36,0.0058,0.0392,0.146432
10000,2,37,0.0058,0.0389,0.208896
10000,2,38,0.0059,0.0523,0.159744
10000,2,39,0.0059,0.0488,0.211968
10000,2,40,0.0059,0.0534,0.146432
10000,2,41,0.0058,0.0405,0.222208
10000,2,42,0.0058,0.0501,0.147456
10000,2,43,0.0059,0.039,0.224256
10000,2,44,0.0057,0.049,0.156672
10000,2,45,0.0058,0.0512,0.22016
10000,2,46,0.0059,0.0406,0.150528
10000,2,47,0.0059,0.0393,0.212992
10000,2,48,0.0058,0.0385,0.147456
10000,2,49,0.0057,0.0381,0.20992
10000,2,50,0.0057,0.0387,0.147456
10000,2,51,0.0057,0.0387,0.211968
10000,2,52,0.0057,0.04,0.142336
10000,2,53,0.0059,0.0386,0.21504
10000,2,54,0.0057,0.0386,0.14848
10000,2,55,0.0057,0.0386,0.22016
10000,2,56,0.0058,0.0386,0.155648
10000,2,57,0.0058,0.0386,0.210944
10000,2,58,0.0058,0.0385,0.156672
10000,2,59,0.0057,0.0383,0.212992
10000,2,60,0.0059,0.0389,0.150528
10000,2,61,0.0057,0.0391,0.22016
10000,2,62,0.0058,0.0387,0.146432
10000,2,63,0.0058,0.0382,0.216064
10000,2,64,0.0057,0.0384,0.147456
10000,2,65,0.0057,0.0598,0.254976
10000,2,66,0.0062,0.0452,0.142336
10000,2,67,0.0059,0.0405,0.219136
10000,2,68,0.0063,0.0821,0.141312
10000,2,69,0.0058,0.0475,0.221184
10000,2,70,0.0061,0.0373,0.146432
10000,2,71,0.0058,0.0372,0.20992
10000,2,72,0.0061,0.0394,0.142336
10000,2,73,0.0058,0.0812,0.217088
10000,2,74,0.0058,0.036,0.14848
10000,2,75,0.0057,0.0359,0.211968
10000,2,76,0.0057,0.036,0.156672
10000,2,77,0.0057,0.0362,0.219136
10000,2,78,0.0057,0.0356,0.147456
10000,2,79,0.0058,0.0356,0.210944
10000,2,80,0.0059,0.0506,0.157696
10000,2,81,0.0057,0.0357,0.260096
10000,2,82,0.0058,0.0362,0.149504
10000,2,83,0.0057,0.0373,0.219136
10000,2,84,0.0059,0.0679,0.142336
10000,2,85,0.0058,0.033,0.206848
10000,2,86,0.0056,0.033,0.150528
10000,2,87,0.0057,0.033,0.208896
10000,2,88,0.0057,0.0327,0.14336
10000,2,89,0.0058,0.0327,0.206848
10000,2,90,0.0057,0.0328,0.14336
10000,2,91,0.0056,0.033,0.217088
10000,2,92,0.0057,0.0336,0.147456
10000,2,93,0.0058,0.0334,0.219136
10000,2,94,0.0057,0.0331,0.145408
10000,2,95,0.0057,0.033,0.20992
10000,2,96,0.0056,0.0328,0.13824
10000,2,97,0.0058,0.0336,0.206848
10000,2,98,0.0057,0.0327,0.144384
10000,2,99,0.0058,0.033,0.221184
10000,2,100,0.0057,0.0329,0.13824
10000,2,101,0.0056,0.033,0.212992
10000,2,102,0.0058,0.0336,0.154624
10000,2,103,0.0056,0.0326,0.212992
10000,2,104,0.0056,0.0333,0.14336
10000,2,105,0.0057,0.0328,0.201728
10000,2,106,0.0058,0.0333,0.146432
10000,2,107,0.0056,0.0334,0.219136
10000,2,108,0.0057,0.0346,0.146432
10000,2,109,0.0057,0.0326,0.217088
10000,2,110,0.0058,0.033,0.151552
10000,2,111,0.0058,0.0329,0.205824
10000,2,112,0.0057,0.0347,0.147456
10000,2,113,0.0057,0.0368,0.210944
10000,2,114,0.0056,0.0326,0.142336
10000,2,115,0.0056,0.0345,0.218112
10000,2,116,0.0058,0.033,0.14848
10000,2,117,0.0057,0.0329,0.210944
10000,2,118,0.0058,0.0333,0.154624
10000,2,119,0.0058,0.0338,0.216064
10000,3,0,0.0586,0.0346,0.144384
10000,3,1,0.0531,0.0409,0.22016
10000,3,2,0.054,0.0346,0.149504
10000,3,3,0.0538,0.0342,0.236544
10000,3,4,0.0545,0.034,0.140288
10000,3,5,0.0569,0.0343,0.208896
10000,3,6,0.0602,0.0344,0.14848
10000,3,7,0.0549,0.035,0.212992
10000,3,8,0.0538,0.0344,0.141312
10000,3,9,0.0568,0.0341,0.208896
10000,3,10,0.0558,0.0346,0.154624
10000,3,11,0.0538,0.0344,0.217088
10000,3,12,0.0538,0.0342,0.139264
10000,3,13,0.0557,0.0339,0.2048
10000,3,14,0.0538,0.0338,0.1536
10000,3,15,0.0538,0.0342,0.214016
10000,3,16,0.0566,0.0342,0.14848
10000,3,17,0.0588,0.0344,0.218112
10000,3,18,0.0541,0.0342,0.140288
10000,3,19,0.0538,0.0338,0.216064
10000,3,20,0.0568,0.0338,0.14848
10000,3,21,0.0594,0.0341,0.216064
10000,3,22,0.0545,0.0534,0.147456
10000,3,23,0.0541,0.0343,0.21504
10000,3,24,0.0585,0.0688,0.149504
10000,3,25,0.2565,0.0754,0.254976
10000,3,26,0.2266,0.039,0.147456
10000,3,27,0.0562,0.0345,0.206848
10000,3,28,0.0541,0.0339,0.152576
10000,3,29,0.0542,0.0338,0.210944
10000,3,30,0.0583,0.0338,0.147456
10000,3,31,0.0599,0.0342,0.216064
10000,3,32,0.0541,0.0348,0.142336
10000,3,33,0.0542,0.0348,0.217088
10000,3,34,0.0587,0.0336,0.149504
10000,3,35,0.0597,0.0339,0.216064
10000,3,36,0.0545,0.0341,0.141312
10000,3,37,0.0542,0.0349,0.21504
10000,3,38,0.0583,0.0336,0.142336
10000,3,39,0.0596,0.0337,0.212992
10000,3,40,0.0547,0.0341,0.142336
10000,3,41,0.0544,0.0339,0.207872
10000,3,42,0.0543,0.0342,0.151552
10000,3,43,0.0543,0.0336,0.206848
10000,3,44,0.0542,0.0338,0.156672
10000,3,45,0.0545,0.034,0.206848
10000,3,46,0.0582,0.034,0.14848
10000,3,47,0.0599,0.034,0.232448
10000,3,48,0.0544,0.0338,0.196608
10000,3,49,0.0548,0.0338,0.206848
10000,3,50,0.0591,0.0339,0.14848
10000,3,51,0.059,0.0343,0.212992
10000,3,52,0.0542,0.0339,0.140288
10000,3,53,0.0542,0.0339,0.207872
10000,3,54,0.0544,0.0337,0.151552
10000,3,55,0.0542,0.0339,0.21504
10000,3,56,0.0542,0.0339,0.1536
10000,3,57,0.0542,0.0339,0.216064
10000,3,58,0.0591,0.0339,0.14848
10000,3,59,0.0592,0.034,0.218112
10000,3,60,0.2612,0.0469,0.17408
10000,3,61,0.3604,0.0444,0.242688
10000,3,62,0.0745,0.0389,0.1536
10000,3,63,0.0752,0.038,0.219136
10000,3,64,0.0733,0.0376,0.15872
10000,3,65,0.0729,0.0387,0.217088
10000,3,66,0.0723,0.038,0.144384
10000,3,67,0.0759,0.041,0.224256
10000,3,68,0.0743,0.0379,0.152576
10000,3,69,0.0761,0.0372,0.219136
10000,3,70,0.0757,0.0384,0.16896
10000,3,71,0.0766,0.039,0.221184
10000,3,72,0.0748,0.0511,0.155648
10000,3,73,0.0768,0.0403,0.214016
10000,3,74,0.0753,0.0573,0.160768
10000,3,75,0.0755,0.0374,0.208896
10000,3,76,0.0774,0.037,0.160768
10000,3,77,0.0793,0.0373,0.2304
10000,3,78,0.0756,0.0369,0.155648
10000,3,79,0.0752,0.0368,0.219136
10000,3,80,0.076,0.0373,0.151552
10000,3,81,0.0753,0.0384,0.217088
10000,3,82,0.0758,0.0376,0.154624
10000,3,83,0.0803,0.0365,0.22016
10000,3,84,0.0756,0.0365,0.1536
10000,3,85,0.0741,0.037,0.22016
10000,3,86,0.077,0.0374,0.152576
10000,3,87,0.0737,0.0378,0.217088
10000,3,88,0.0759,0.0369,0.15872
10000,3,89,0.0756,0.0372,0.22016
10000,3,90,0.0742,0.037,0.154624
10000,3,91,0.0758,0.0372,0.222208
10000,3,92,0.077,0.0373,0.15872
10000,3,93,0.0742,0.0363,0.221184
10000,3,94,0.075,0.0368,0.157696
10000,3,95,0.0767,0.037,0.219136
10000,3,96,0.0771,0.0367,0.155648
10000,3,97,0.076,0.0374,0.248832
10000,3,98,0.2376,0.0403,2.354176
10000,3,99,0.0604,0.0385,0.232448
10000,3,100,0.0568,0.0381,0.154624
10000,3,101,0.0571,0.0383,0.226304
10000,3,102,0.057,0.0386,0.157696
10000,3,103,0.0569,0.0375,0.224256
10000,3,104,0.0572,0.0371,0.169984
10000,3,105,0.057,0.0379,0.224256
10000,3,106,0.0604,0.0403,0.156672
10000,3,107,0.0567,0.0375,0.222208
10000,3,108,0.0573,0.0374,0.155648
10000,3,109,0.0569,0.0369,0.218112
10000,3,110,0.057,0.0371,0.155648
10000,3,111,0.0569,0.0382,0.223232
10000,3,112,0.0612,0.0374,0.155648
10000,3,113,0.0578,0.0362,0.227328
10000,3,114,0.0577,0.0374,0.164864
10000,3,115,0.0574,0.0383,0.221184
10000,3,116,0.0575,0.0373,0.171008
10000,3,117,0.0578,0.0377,0.226304
10000,3,118,0.057,0.0369,0.156672
10000,3,119,0.057,0.0371,0.222208
65536,1,0,0.0702,0.4183,0.683008
65536,1,1,0.0702,0.45,0.723968
65536,1,2,0.0703,0.4132,0.80384
65536,1,3,0.0711,0.3572,0.871424
65536,1,4,0.0735,0.4074,0.940032
65536,1,5,0.0716,0.4735,1.007616
65536,1,6,0.0753,0.4779,0.908288
65536,1,7,0.0699,0.395,0.679936
65536,1,8,0.0697,0.4104,0.768
65536,1,9,0.0696,0.4631,0.827392
65536,1,10,0.0695,0.5151,0.919552
65536,1,11,0.0735,0.3967,0.979968
65536,1,12,0.0699,0.3976,1.01888
65536,1,13,0.0695,0.4534,0.961536
65536,1,14,0.0716,0.5163,0.687104
65536,1,15,0.0754,0.4202,0.722944
65536,1,16,0.0713,0.4065,0.786432
65536,1,17,0.0733,0.4316,0.876544
65536,1,18,0.0695,0.4444,0.91648
65536,1,19,0.0692,0.4196,0.97792
65536,1,20,0.0703,0.3614,0.900096
65536,1,21,0.073,0.4063,0.68096
65536,1,22,0.073,0.4169,0.70656
65536,1,23,0.0693,0.411,0.796672
65536,1,24,0.0727,0.3779,0.857088
65536,1,25,0.0695,0.39,0.912384
65536,1,26,0.069,0.3887,0.971776
65536,1,27,0.0701,0.3927,0.909312
65536,1,28,0.0693,0.4034,0.683008
65536,1,29,0.0693,0.3987,0.712704
65536,1,30,0.07,0.4043,0.78336
65536,1,31,0.0703,0.3922,0.862208
65536,1,32,0.0696,0.4049,0.913408
65536,1,33,0.0747,0.414,0.974848
65536,1,34,0.0769,0.4055,0.915456
65536,1,35,0.0701,0.3853,0.683008
65536,1,36,0.0695,0.4206,0.705536
65536,1,37,0.0689,0.376,0.780288
65536,1,38,0.0695,0.4237,0.878592
65536,1,39,0.0693,0.3733,0.9216
65536,1,40,0.0694,0.4025,0.979968
65536,1,41,0.0689,0.4068,0.899072
65536,1,42,0.0697,0.4078,0.694272
65536,1,43,0.0694,0.3804,0.720896
65536,1,44,0.0691,0.3908,0.786432
65536,1,45,0.0697,0.4243,0.857088
65536,1,46,0.069,0.3817,0.918528
65536,1,47,0.0689,0.4101,0.978944
65536,1,48,0.069,0.388,0.904192
65536,1,49,0.0691,0.4107,0.690176
65536,1,50,0.069,0.3961,0.72704
65536,1,51,0.0694,0.4048,0.785408
65536,1,52,0.0694,0.3761,0.86528
65536,1,53,0.0689,0.419,0.9216
65536,1,54,0.1136,0.4752,1.093632
65536,1,55,0.0702,0.4755,0.923648
65536,1,56,0.0693,0.4094,0.683008
65536,1,57,0.0706,0.4161,0.707584
65536,1,58,0.0696,0.4209,0.8192
65536,1,59,0.0694,0.4077,0.868352
65536,1,60,0.069,0.4098,0.914432
65536,1,61,0.0691,0.3747,0.969728
65536,1,62,0.0692,0.3938,0.915456
65536,1,63,0.073,0.3983,0.688128
65536,1,64,0.0699,0.4016,0.715776
65536,1,65,0.0691,0.3693,0.782336
65536,1,66,0.0701,0.4173,0.8704
65536,1,67,0.0699,0.3969,0.927744
65536,1,68,0.0706,0.4165,0.968704
65536,1,69,0.0725,0.3605,0.900096
65536,1,70,0.0699,0.3947,0.68608
65536,1,71,0.0688,0.4083,0.731136
65536,1,72,0.0728,0.426,0.780288
65536,1,73,0.0697,0.3666,0.874496
65536,1,74,0.0691,0.4005,0.944128
65536,1,75,0.0691,0.405,0.985088
65536,1,76,0.0689,0.4207,0.907264
65536,1,77,0.0694,0.3707,0.690176
65536,1,78,0.0693,0.385,0.724992
65536,1,79,0.0707,0.3985,0.794624
65536,1,80,0.07,0.4388,0.862208
65536,1,81,0.0689,0.374,0.915456
65536,1,82,0.0696,0.3879,0.974848
65536,1,83,0.0688,0.3836,0.93184
65536,1,84,0.0698,0.4176,0.68096
65536,1,85,0.0771,0.4057,0.72192
65536,1,86,0.0696,0.3911,0.804864
65536,1,87,0.0733,0.4088,0.88064
65536,1,88,0.0694,0.4453,1.074176
65536,1,89,0.0717,0.4471,0.987136
65536,1,90,0.0691,0.4213,0.898048
65536,1,91,0.0697,0.404,0.681984
65536,1,92,0.0721,0.4292,0.726016
65536,1,93,0.0703,0.4267,0.786432
65536,1,94,0.0694,0.3651,0.869376
65536,1,95,0.07,0.3777,0.933888
65536,1,96,0.0688,0.3966,0.974848
65536,1,97,0.0688,0.4171,0.903168
65536,1,98,0.0693,0.3948,0.68096
65536,1,99,0.0732,0.3875,0.718848
65536,1,100,0.0698,0.4058,0.79872
65536,1,101,0.0692,0.4263,0.864256
65536,1,102,0.0692,0.4323,0.92672
65536,1,103,0.0688,0.3891,0.975872
65536,1,104,0.0689,0.4214,0.918528
65536,1,105,0.0725,0.3998,0.68096
65536,1,106,0.0692,0.4424,0.731136
65536,1,107,0.0697,0.3795,0.792576
65536,1,108,0.0692,0.42,0.896
65536,1,109,0.0687,0.42,0.913408
65536,1,110,0.0698,0.4295,1.011712
65536,1,111,0.0704,0.4433,0.91136
65536,1,112,0.0693,0.3834,0.690176
65536,1,113,0.0698,0.4071,0.704512
65536,1,114,0.069,0.4428,0.78848
65536,1,115,0.0691,0.4338,0.859136
65536,1,116,0.0693,0.3892,0.915456
65536,1,117,0.0689,0.4569,0.971776
65536,1,118,0.0689,0.4393,0.910336
65536,1,119,0.0692,0.4596,0.681984
65536,2,0,0.0705,0.4897,0.90112
65536,2,1,0.0697,0.5283,0.888832
65536,2,2,0.0695,0.5874,0.671744
65536,2,3,0.0716,0.5242,0.667648
65536,2,4,0.0712,0.4899,0.707584
65536,2,5,0.0695,0.5083,0.776192
65536,2,6,0.0708,0.5017,0.842752
65536,2,7,0.074,0.5255,0.882688
65536,2,8,0.0697,0.5145,0.900096
65536,2,9,0.0694,0.5361,0.667648
65536,2,10,0.0695,0.5372,0.668672
65536,2,11,0.069,0.493,0.695296
65536,2,12,0.0699,0.5219,0.763904
65536,2,13,0.069,0.4871,0.835584
65536,2,14,0.0697,0.5037,0.881664
65536,2,15,0.0688,0.5273,0.881664
65536,2,16,0.069,0.534,0.667648
65536,2,17,0.0697,0.4919,0.687104
65536,2,18,0.0712,0.492,0.707584
65536,2,19,0.0754,0.5412,0.76288
65536,2,20,0.0748,0.5518,0.828416
65536,2,21,0.0711,0.4823,0.891904
65536,2,22,0.0724,0.5271,0.882688
65536,2,23,0.0702,0.4962,0.666624
65536,2,24,0.0701,0.495,0.668672
65536,2,25,0.0705,0.4953,0.694272
65536,2,26,0.0692,0.497,0.769024
65536,2,27,0.0707,0.4849,0.833536
65536,2,28,0.0685,0.4945,0.876544
65536,2,29,0.0678,0.4892,0.888832
65536,2,30,0.0679,0.4923,0.668672
65536,2,31,0.0681,0.493,0.669696
65536,2,32,0.068,0.6512,2.30912
65536,2,33,0.0682,0.4944,0.6656
65536,2,34,0.0679,0.4917,0.82432
65536,2,35,0.07,0.4893,0.877568
65536,2,36,0.0679,0.4899,0.892928
65536,2,37,0.0694,0.4832,0.67072
65536,2,38,0.0686,0.4945,0.663552
65536,2,39,0.0696,0.4922,0.687104
65536,2,40,0.0686,0.4915,0.764928
65536,2,41,0.0678,0.4985,0.825344
65536,2,42,0.0681,0.4921,0.879616
65536,2,43,0.0706,0.488,0.88576
65536,2,44,0.0684,0.4923,0.67584
65536,2,45,0.0699,0.4905,0.666624
65536,2,46,0.0682,0.4883,0.685056
65536,2,47,0.0692,0.4909,0.768
65536,2,48,0.0689,0.4872,0.828416
65536,2,49,0.0685,0.4917,0.884736
65536,2,50,0.0684,0.478,0.88064
65536,2,51,0.0683,0.5035,0.668672
65536,2,52,0.0683,0.4874,0.681984
65536,2,53,0.0683,0.4914,0.685056
65536,2,54,0.0683,0.492,0.759808
65536,2,55,0.0684,0.4931,0.822272
65536,2,56,0.0683,0.4896,0.894976
65536,2,57,0.0679,0.4943,0.883712
65536,2,58,0.0695,0.4946,0.664576
65536,2,59,0.0685,0.4893,0.676864
65536,2,60,0.0685,0.4923,0.687104
65536,2,61,0.0686,0.4895,0.75776
65536,2,62,0.0708,0.4911,0.82432
65536,2,63,0.0682,0.4923,0.878592
65536,2,64,0.0681,0.4908,0.878592
65536,2,65,0.0686,0.4924,0.664576
65536,2,66,0.0681,0.492,0.664576
65536,2,67,0.0684,0.4919,0.679936
65536,2,68,0.0739,0.4898,0.791552
65536,2,69,0.0691,0.4888,0.836608
65536,2,70,0.0692,0.4911,0.882688
65536,2,71,0.0682,0.5127,0.882688
65536,2,72,0.0685,0.4929,0.676864
65536,2,73,0.0684,0.4959,0.667648
65536,2,74,0.0685,0.4911,0.69632
65536,2,75,0.0684,0.4937,0.768
65536,2,76,0.0702,0.4931,0.820224
65536,2,77,0.0693,0.4938,0.888832
65536,2,78,0.0683,0.4925,0.893952
65536,2,79,0.0683,0.4799,0.663552
65536,2,80,0.0691,0.4932,0.671744
65536,2,81,0.0683,0.4906,0.693248
65536,2,82,0.0694,0.4933,0.758784
65536,2,83,0.0688,0.4916,0.827392
65536,2,84,0.0728,0.4913,0.876544
65536,2,85,0.0687,0.4791,0.887808
65536,2,86,0.0697,0.4895,0.662528
65536,2,87,0.0685,0.493,0.67584
65536,2,88,0.0701,0.4923,0.687104
65536,2,89,0.0683,0.4924,0.785408
65536,2,90,0.0686,0.4768,0.826368
65536,2,91,0.0708,0.4938,0.89088
65536,2,92,0.0724,0.4955,0.884736
65536,2,93,0.0696,0.4919,0.671744
65536,2,94,0.0695,0.4922,0.666624
65536,2,95,0.0696,0.4913,0.729088
65536,2,96,0.0684,0.4944,0.764928
65536,2,97,0.0699,0.4909,0.837632
65536,2,98,0.0685,0.4965,0.88064
65536,2,99,0.0685,0.4916,0.89088
65536,2,100,0.0685,0.5011,0.673792
65536,2,101,0.0685,0.4847,0.676864
65536,2,102,0.0691,0.4934,0.683008
65536,2,103,0.0689,0.4802,0.769024
65536,2,104,0.0686,0.5155,0.835584
65536,2,105,0.0768,0.5204,0.925696
65536,2,106,0.0696,0.5041,0.884736
65536,2,107,0.068,0.48,0.671744
65536,2,108,0.0683,0.4916,0.666624
65536,2,109,0.0683,0.4812,0.684032
65536,2,110,0.0681,0.4915,0.764928
65536,2,111,0.1073,0.5769,0.830464
65536,2,112,0.0732,0.48,0.886784
65536,2,113,0.0683,0.4937,0.89088
65536,2,114,0.0695,0.4948,0.6656
65536,2,115,0.0695,0.4898,0.673792
65536,2,116,0.0686,0.4912,0.685056
65536,2,117,0.0685,0.4798,0.771072
65536,2,118,0.0682,0.4926,0.835584
65536,2,119,0.0682,0.4924,0.872448
65536,3,0,0.0714,0.6126,0.848896
65536,3,1,0.0699,0.5072,0.83968
65536,3,2,0.0701,0.5013,0.88576
65536,3,3,0.0693,0.4951,0.886784
65536,3,4,0.0694,0.4961,0.664576
65536,3,5,0.07,0.4986,0.667648
65536,3,6,0.0691,0.4842,0.690176
65536,3,7,0.0706,0.4959,0.761856
65536,3,8,0.0686,0.4891,0.816128
65536,3,9,0.0676,0.6561,0.883712
65536,3,10,0.0724,0.4798,0.887808
65536,3,11,0.0684,0.4889,0.668672
65536,3,12,0.0679,0.4913,0.668672
65536,3,13,0.068,0.4936,0.684032
65536,3,14,0.068,0.4918,0.759808
65536,3,15,0.0684,0.4924,0.818176
65536,3,16,0.0697,0.4911,0.87552
65536,3,17,0.0681,0.4964,0.879616
65536,3,18,0.0679,0.4901,0.663552
65536,3,19,0.068,0.4816,0.681984
65536,3,20,0.0773,0.4958,0.695296
65536,3,21,0.0719,0.4826,0.763904
65536,3,22,0.0762,0.4949,0.858112
65536,3,23,0.068,0.4912,0.883712
65536,3,24,0.068,0.4928,0.881664
65536,3,25,0.0683,0.4939,0.662528
65536,3,26,0.0679,0.4926,0.667648
65536,3,27,0.0681,0.4942,0.687104
65536,3,28,0.069,0.4977,0.756736
65536,3,29,0.0683,0.4939,0.821248
65536,3,30,0.0699,0.5881,1.202176
65536,3,31,0.4275,0.6284,0.925696
65536,3,32,0.0949,0.6691,0.738304
65536,3,33,0.0736,0.6755,0.8704
65536,3,34,0.0733,0.6346,0.850944
65536,3,35,0.2127,0.624,0.9216
65536,3,36,0.1671,0.6624,0.963584
65536,3,37,0.1542,0.5628,0.965632
65536,3,38,0.085,0.5177,0.933888
65536,3,39,0.0736,0.6358,0.714752
65536,3,40,0.2412,0.6193,0.769024
65536,3,41,0.1567,0.6759,0.835584
65536,3,42,0.1007,0.5179,1.015808
65536,3,43,0.1987,0.5487,0.949248
65536,3,44,0.3463,0.6251,1.07008
65536,3,45,0.2629,0.5453,0.955392
65536,3,46,0.2744,0.5176,0.770048
65536,3,47,0.3399,0.6273,0.837632
65536,3,48,0.3756,0.6236,0.888832
65536,3,49,0.2998,0.6491,0.868352
65536,3,50,0.2957,0.5287,1.052672
65536,3,51,0.2768,0.5551,1.107968
65536,3,52,0.2253,0.5873,0.955392
65536,3,53,0.339,0.5524,0.791552
65536,3,54,0.3114,0.5911,0.858112
65536,3,55,0.4014,0.6173,0.904192
65536,3,56,0.3417,0.6385,0.873472
65536,3,57,0.0852,0.6454,1.155072
65536,3,58,0.3712,0.5783,1.051648
65536,3,59,0.4284,0.6192,0.948224
65536,3,60,0.1301,0.5751,0.770048
65536,3,61,0.0796,0.6005,0.850944
65536,3,62,0.288,0.6193,0.93184
65536,3,63,0.2829,0.6327,0.99328
65536,3,64,0.3171,0.5813,1.042432
65536,3,65,0.0786,0.5958,1.058816
65536,3,66,0.3562,0.4874,0.980992
65536,3,67,0.4389,0.5956,0.77824
65536,3,68,0.0818,0.6026,0.850944
65536,3,69,0.2359,0.5379,0.923648
65536,3,70,0.08,0.5586,0.939008
65536,3,71,0.0801,0.5119,1.069056
65536,3,72,0.0761,0.5514,1.099776
65536,3,73,0.1944,0.524,1.010688
65536,3,74,0.2974,0.5398,0.813056
65536,3,75,0.343,0.5914,0.840704
65536,3,76,0.0807,0.5898,0.912384
65536,3,77,0.2169,0.5729,0.970752
65536,3,78,0.1803,0.5604,1.096704
65536,3,79,0.1227,0.5333,1.11616
65536,3,80,0.0771,0.5255,0.945152
65536,3,81,0.0779,0.5387,0.80896
65536,3,82,0.0755,0.5374,0.831488
65536,3,83,0.1317,0.4948,0.956416
65536,3,84,0.0748,0.4894,0.990208
65536,3,85,0.0739,0.5726,1.065984
65536,3,86,0.247,0.5091,1.13152
65536,3,87,0.0757,0.5249,0.9728
65536,3,88,0.2065,0.5164,0.750592
65536,3,89,0.0797,0.5219,0.894976
65536,3,90,0.4431,0.5124,0.8704
65536,3,91,0.0805,0.516,0.979968
65536,3,92,0.0777,0.4853,0.989184
65536,3,93,0.0775,0.4916,1.082368
65536,3,94,0.0773,0.4693,0.955392
65536,3,95,0.4491,0.6239,0.94208
65536,3,96,0.1017,0.5731,1.050624
65536,3,97,0.0948,0.5382,1.148928
65536,3,98,0.0907,0.508,1.286144
65536,3,99,0.0887,0.5937,1.330176
65536,3,100,0.0867,0.5162,1.373184
65536,3,101,0.0844,0.5043,1.227776
65536,3,102,0.5456,0.6984,0.873472
65536,3,103,0.1802,0.563,0.882688
65536,3,104,0.4492,0.5952,1.13664
65536,3,105,0.373,0.5107,1.058816
65536,3,106,0.126,0.5659,1.098752
65536,3,107,0.1284,0.5267,1.169408
65536,3,108,0.441,0.6048,1.21344
65536,3,109,0.1048,0.551,0.96768
65536,3,110,0.0918,0.6765,0.92672
65536,3,111,0.517,0.5765,0.708608
65536,3,112,0.121,0.5777,1.060864
65536,3,113,0.1644,0.4866,1.169408
65536,3,114,0.1821,0.5095,1.183744
65536,3,115,0.439,0.578,0.893952
65536,3,116,0.5274,0.6412,0.828416
65536,3,117,0.107,0.5219,0.83456
65536,3,118,0.0826,0.4621,0.8704
65536,3,119,0.081,0.4721,0.95232
131072,1,0,0.1438,0.6942,1.509376
131072,1,1,0.1401,0.8101,1.375232
131072,1,2,0.1382,0.7393,1.555456
131072,1,3,0.1383,0.7812,1.676288
131072,1,4,0.1394,0.7582,1.5872
131072,1,5,0.1396,0.7332,1.457152
131072,1,6,0.1381,0.8267,1.63328
131072,1,7,0.1384,0.7154,1.503232
131072,1,8,0.138,0.8061,1.385472
131072,1,9,0.1378,0.7065,1.529856
131072,1,10,0.1391,0.8423,1.676288
131072,1,11,0.1382,0.6718,1.59232
131072,1,12,0.1377,0.8627,1.475584
131072,1,13,0.1375,0.6822,1.610752
131072,1,14,0.1375,0.8513,1.512448
131072,1,15,0.1376,0.6981,1.390592
131072,1,16,0.1371,0.8118,1.540096
131072,1,17,0.1374,0.7472,1.654784
131072,1,18,0.1402,0.7809,1.606656
131072,1,19,0.1378,0.8028,1.483776
131072,1,20,0.1368,0.7521,1.585152
131072,1,21,0.1371,0.8369,1.509376
131072,1,22,0.1383,0.761,1.389568
131072,1,23,0.1383,0.837,1.52576
131072,1,24,0.1373,0.781,1.672192
131072,1,25,0.1373,0.8072,1.595392
131072,1,26,0.1373,0.8036,1.458176
131072,1,27,0.1387,0.8016,1.636352
131072,1,28,0.1371,0.837,1.507328
131072,1,29,0.1381,0.8436,1.358848
131072,1,30,0.1371,0.8418,1.550336
131072,1,31,0.1374,0.856,1.665024
131072,1,32,0.1379,0.8446,1.642496
131072,1,33,0.1399,0.9103,1.44384
131072,1,34,0.1377,0.8836,1.579008
131072,1,35,0.1372,0.9126,1.501184
131072,1,36,0.1481,0.903,1.446912
131072,1,37,0.1384,0.9242,1.468416
131072,1,38,0.1398,0.9374,1.659904
131072,1,39,0.137,0.9573,1.586176
131072,1,40,0.1375,0.9544,1.378304
131072,1,41,0.1379,0.9618,1.552384
131072,1,42,0.1376,0.9767,1.552384
131072,1,43,0.1377,0.9758,1.368064
131072,1,44,0.1372,0.9682,1.481728
131072,1,45,0.1381,0.9601,1.5616
131072,1,46,0.1375,0.9524,1.601536
131072,1,47,0.1375,0.963,1.385472
131072,1,48,0.1451,0.9673,1.483776
131072,1,49,0.137,0.9643,1.504256
131072,1,50,0.1378,0.9643,1.369088
131072,1,51,0.138,0.9805,1.43872
131072,1,52,0.1391,0.9753,1.540096
131072,1,53,0.1372,0.9708,1.598464
131072,1,54,0.1378,0.9584,1.371136
131072,1,55,0.1378,0.9656,1.494016
131072,1,56,0.1381,0.9517,1.508352
131072,1,57,0.1374,0.9689,1.36192
131072,1,58,0.1377,1.1191,1.420288
131072,1,59,0.1371,0.9559,1.516544
131072,1,60,0.1412,0.9338,1.591296
131072,1,61,0.1385,0.9532,1.376256
131072,1,62,0.1384,0.9356,1.439744
131072,1,63,0.1429,0.9599,1.504256
131072,1,64,0.1408,0.952,1.3824
131072,1,65,0.1373,0.9401,1.408
131072,1,66,0.1397,0.939,1.56672
131072,1,67,0.1434,0.9631,1.5872
131072,1,68,0.1377,0.9443,1.368064
131072,1,69,0.1385,0.9471,1.432576
131072,1,70,0.1378,0.9472,1.501184
131072,1,71,0.138,0.9525,1.357824
131072,1,72,0.1389,0.932,1.3824
131072,1,73,0.1375,0.9445,1.497088
131072,1,74,0.146,0.9513,1.608704
131072,1,75,0.1379,0.9485,1.366016
131072,1,76,0.1392,0.947,1.442816
131072,1,77,0.1414,0.9558,1.506304
131072,1,78,0.1393,0.9436,1.383424
131072,1,79,0.1366,0.9627,1.388544
131072,1,80,0.1379,0.9504,1.555456
131072,1,81,0.1405,0.9452,1.598464
131072,1,82,0.1381,0.9504,1.364992
131072,1,83,0.1378,0.9854,1.439744
131072,1,84,0.1386,0.9494,1.507328
131072,1,85,0.1391,0.9654,1.376256
131072,1,86,0.138,0.9471,1.38752
131072,1,87,0.1376,0.9488,1.490944
131072,1,88,0.1386,0.9489,1.593344
131072,1,89,0.1374,0.9545,1.373184
131072,1,90,0.138,0.9466,1.528832
131072,1,91,0.1389,0.9481,1.499136
131072,1,92,0.1368,0.9517,1.386496
131072,1,93,0.1371,0.9395,1.38752
131072,1,94,0.1376,0.9506,1.504256
131072,1,95,0.1418,0.9495,1.600512
131072,1,96,0.1377,0.9572,1.375232
131072,1,97,0.1379,0.946,1.41824
131072,1,98,0.1424,0.9467,1.432576
131072,1,99,0.1384,0.9349,1.292288
131072,1,100,0.1378,0.9461,1.327104
131072,1,101,0.139,0.9589,1.437696
131072,1,102,0.1384,0.9518,1.53088
131072,1,103,0.1374,0.9485,1.304576
131072,1,104,0.1377,0.9439,1.3824
131072,1,105,0.1377,0.9479,1.440768
131072,1,106,0.138,0.9488,1.29024
131072,1,107,0.1373,0.9682,1.324032
131072,1,108,0.1374,0.9469,1.442816
131072,1,109,0.1392,0.944,1.519616
131072,1,110,0.1378,0.9567,1.3568
131072,1,111,0.1386,0.95,1.378304
131072,1,112,0.1386,0.9461,1.436672
131072,1,113,0.1378,0.9663,1.294336
131072,1,114,0.138,0.9484,1.325056
131072,1,115,0.1382,0.9379,1.436672
131072,1,116,0.1371,0.9371,1.540096
131072,1,117,0.1376,0.9471,1.298432
131072,1,118,0.1371,0.9521,1.403904
131072,1,119,0.1402,0.9546,1.432576
131072,2,0,0.1377,0.9476,3.2512
131072,2,1,0.1391,0.9595,1.436672
131072,2,2,0.1374,0.9525,1.447936
131072,2,3,0.138,0.9383,1.31072
131072,2,4,0.1367,0.941,1.33632
131072,2,5,0.1367,0.9415,1.429504
131072,2,6,0.1365,0.9432,1.53088
131072,2,7,0.1359,0.9727,1.301504
131072,2,8,0.1369,0.9447,1.37216
131072,2,9,0.1365,0.9346,1.43872
131072,2,10,0.1369,0.946,1.293312
131072,2,11,0.1375,0.9443,1.321984
131072,2,12,0.1371,0.9585,1.441792
131072,2,13,0.1378,0.9476,1.53088
131072,2,14,0.1383,1.1029,1.314816
131072,2,15,0.137,0.9472,1.37728
131072,2,16,0.1429,0.9346,1.442816
131072,2,17,0.1374,0.9472,1.306624
131072,2,18,0.1371,0.9453,1.324032
131072,2,19,0.1372,1.5502,1.842176
131072,2,20,0.1676,1.4927,1.77664
131072,2,21,0.1387,1.2423,1.37728
131072,2,22,0.1376,1.1114,1.485824
131072,2,23,0.1373,0.979,1.481728
131072,2,24,0.1424,0.9464,1.293312
131072,2,25,0.1371,1.1063,1.755136
131072,2,26,0.2294,1.256,1.654784
131072,2,27,0.7756,1.0177,1.768448
131072,2,28,0.6778,1.2234,1.486848
131072,2,29,0.5858,1.0508,1.789952
131072,2,30,0.7866,1.2458,1.6384
131072,2,31,0.6607,1.1685,1.40288
131072,2,32,0.6791,1.0254,1.723392
131072,2,33,0.6549,1.1384,1.845248
131072,2,34,0.342,1.1689,1.716224
131072,2,35,0.7766,1.1409,1.463296
131072,2,36,0.7129,1.1051,1.615872
131072,2,37,0.7042,1.0399,1.695744
131072,2,38,1.0878,1.3874,1.688576
131072,2,39,0.2097,1.1837,1.6896
131072,2,40,0.5498,0.9983,1.88928
131072,2,41,0.7256,1.1804,1.799168
131072,2,42,0.6633,1.1212,1.516544
131072,2,43,0.6757,0.9727,1.847296
131072,2,44,0.6646,1.1489,1.594368
131072,2,45,0.5561,1.0192,1.57696
131072,2,46,0.6607,1.0842,1.637376
131072,2,47,0.4875,1.0765,1.921024
131072,2,48,0.1558,1.0575,1.842176
131072,2,49,0.3376,1.0835,1.608704
131072,2,50,0.4804,1.0288,1.75104
131072,2,51,0.1871,0.9511,1.644544
131072,2,52,0.8793,1.1168,1.59744
131072,2,53,0.6444,1.0789,1.719296
131072,2,54,0.4128,1.0191,1.799168
131072,2,55,0.7905,1.0375,1.787904
131072,2,56,0.3731,1.0853,1.629184
131072,2,57,0.5416,0.9684,1.897472
131072,2,58,0.7134,1.0059,1.64352
131072,2,59,0.5891,0.9702,1.672192
131072,2,60,0.7426,0.9749,1.784832
131072,2,61,0.5913,0.9789,1.949696
131072,2,62,0.5031,0.916,1.912832
131072,2,63,0.4322,0.919,1.70496
131072,2,64,0.7549,1.0632,1.860608
131072,2,65,0.6795,0.9705,1.649664
131072,2,66,0.5708,0.9441,1.687552
131072,2,67,0.6712,0.9573,1.701888
131072,2,68,0.5417,0.9048,1.973248
131072,2,69,0.6797,0.9126,1.73056
131072,2,70,0.5659,0.8673,1.5872
131072,2,71,0.6843,0.8902,1.793024
131072,2,72,0.7023,0.7992,1.537024
131072,2,73,0.6321,0.8437,1.51552
131072,2,74,0.605,0.7787,1.646592
131072,2,75,0.4134,0.7547,1.62304
131072,2,76,0.1605,0.8727,1.533952
131072,2,77,0.1607,0.7063,1.380352
131072,2,78,0.1579,0.8728,1.529856
131072,2,79,0.1522,0.6852,1.444864
131072,2,80,0.1501,0.9267,1.371136
131072,2,81,0.1491,0.6943,1.486848
131072,2,82,0.1469,0.9127,1.629184
131072,2,83,0.1454,0.7077,1.518592
131072,2,84,0.1447,0.9073,1.429504
131072,2,85,0.1444,0.744,1.577984
131072,2,86,0.1464,0.9146,1.463296
131072,2,87,0.1514,0.7827,1.385472
131072,2,88,0.1446,0.8711,1.527808
131072,2,89,0.1443,0.8155,1.65376
131072,2,90,0.1421,0.8525,1.631232
131072,2,91,0.1429,0.8474,1.463296
131072,2,92,0.1435,0.7989,1.604608
131072,2,93,0.1428,0.8822,1.477632
131072,2,94,0.1413,0.7747,1.395712
131072,2,95,0.1428,0.9028,1.532928
131072,2,96,0.1413,0.7606,1.686528
131072,2,97,0.1457,0.9261,1.568768
131072,2,98,0.1484,0.7698,1.486848
131072,2,99,0.1402,0.91,1.645568
131072,2,100,0.1463,0.8138,1.453056
131072,2,101,0.1454,0.8489,1.405952
131072,2,102,0.1402,0.8277,1.58208
131072,2,103,0.1447,0.8506,1.67936
131072,2,104,0.139,0.8467,1.56672
131072,2,105,0.1384,0.8521,1.526784
131072,2,106,0.1386,0.8496,1.62816
131072,2,107,0.1375,0.8508,1.470464
131072,2,108,0.1388,0.8745,1.43872
131072,2,109,0.1388,0.834,1.577984
131072,2,110,0.1374,0.8694,1.787904
131072,2,111,0.1372,0.8397,1.618944
131072,2,112,0.1367,0.85,1.497088
131072,2,113,0.1365,0.8265,1.564672
131072,2,114,0.1365,0.7962,1.434624
131072,2,115,0.1373,0.8044,1.321984
131072,2,116,0.1369,0.7451,1.482752
131072,2,117,0.1373,0.8033,1.632256
131072,2,118,0.1369,0.7204,1.529856
131072,2,119,0.1388,0.8201,1.400832
131072,3,0,0.1467,0.9676,1.514496
131072,3,1,0.1564,0.964,1.518592
131072,3,2,0.1438,0.967,1.3056
131072,3,3,0.1461,0.9688,1.424384
131072,3,4,0.1423,0.9584,1.439744
131072,3,5,0.1461,0.9704,1.3056
131072,3,6,0.1424,0.9607,1.34144
131072,3,7,0.1431,0.9626,1.466368
131072,3,8,0.1421,1.0662,1.524736
131072,3,9,0.1412,0.9919,1.302528
131072,3,10,0.1424,0.9524,1.389568
131072,3,11,0.1499,0.9369,1.487872
131072,3,12,0.1452,0.9497,1.301504
131072,3,13,0.1414,0.9483,1.3312
131072,3,14,0.1411,0.9397,1.458176
131072,3,15,0.1426,0.9385,1.52576
131072,3,16,0.1415,0.9414,1.301504
131072,3,17,0.142,0.9496,1.419264
131072,3,18,0.1412,0.9504,1.462272
131072,3,19,0.1414,0.9397,1.303552
131072,3,20,0.1423,0.9472,1.313792
131072,3,21,0.1468,0.9344,1.440768
131072,3,22,0.1415,0.9502,1.528832
131072,3,23,0.1415,0.9492,1.302528
131072,3,24,0.1415,0.9492,1.390592
131072,3,25,0.1437,0.9348,1.437696
131072,3,26,0.142,0.9489,1.296384
131072,3,27,0.1415,0.9427,1.319936
131072,3,28,0.1425,0.9491,1.470464
131072,3,29,0.141,0.9339,1.529856
131072,3,30,0.1463,0.949,1.319936
131072,3,31,0.1415,0.9383,1.374208
131072,3,32,0.1416,0.9504,1.440768
131072,3,33,0.1415,0.9538,1.299456
131072,3,34,0.1452,0.9514,1.3312
131072,3,35,0.1426,0.9532,1.506304
131072,3,36,0.1457,0.9449,2.840576
131072,3,37,0.1424,0.9459,1.273856
131072,3,38,0.1407,0.9463,1.396736
131072,3,39,0.142,0.9453,1.429504
131072,3,40,0.1436,0.9446,1.294336
131072,3,41,0.1418,0.9519,1.360896
131072,3,42,0.1425,0.9589,1.554432
131072,3,43,0.1436,0.9491,1.512448
131072,3,44,0.1442,0.9597,1.307648
131072,3,45,0.1455,0.942,1.386496
131072,3,46,0.1448,0.9411,1.445888
131072,3,47,0.1462,0.9378,1.30048
131072,3,48,0.1428,0.942,1.333248
131072,3,49,0.1474,0.9453,1.476608
131072,3,50,0.1457,0.9405,1.528832
131072,3,51,0.1474,0.9402,1.293312
131072,3,52,0.1429,0.936,1.399808
131072,3,53,0.1429,0.9432,1.440768
131072,3,54,0.1508,0.9404,1.3056
131072,3,55,0.1427,0.9451,1.33632
131072,3,56,0.1432,0.9481,1.43872
131072,3,57,0.1477,0.9429,1.53088
131072,3,58,0.1423,0.9443,1.304576
131072,3,59,0.1464,0.9366,1.369088
131072,3,60,0.1425,0.9565,1.497088
131072,3,61,0.1434,0.9547,1.298432
131072,3,62,0.1422,0.9476,1.350656
131072,3,63,0.1474,0.9464,1.442816
131072,3,64,0.1413,0.9372,1.528832
131072,3,65,0.1415,0.9437,1.311744
131072,3,66,0.1435,0.9782,1.380352
131072,3,67,0.1431,0.9469,1.436672
131072,3,68,0.1419,0.9459,1.30048
131072,3,69,0.1422,0.9479,1.370112
131072,3,70,0.1425,0.9501,1.444864
131072,3,71,0.1425,0.9485,1.53088
131072,3,72,0.1455,0.9581,1.307648
131072,3,73,0.1424,0.946,1.442816
131072,3,74,0.1411,1.1105,1.429504
131072,3,75,0.1427,0.943,1.314816
131072,3,76,0.1432,0.9459,1.328128
131072,3,77,0.1422,0.9479,1.492992
131072,3,78,0.1432,0.9519,1.528832
131072,3,79,0.1423,0.9334,1.301504
131072,3,80,0.1421,0.9456,1.37728
131072,3,81,0.1437,0.9448,1.449984
131072,3,82,0.1425,0.9614,1.3056
131072,3,83,0.1438,0.9543,1.348608
131072,3,84,0.143,0.9837,1.445888
131072,3,85,0.1432,0.9522,1.524736
131072,3,86,0.1432,0.9365,1.302528
131072,3,87,0.1429,0.9444,1.369088
131072,3,88,0.1427,0.9459,1.447936
131072,3,89,0.1436,0.9681,1.299456
131072,3,90,0.143,0.9624,1.338368
131072,3,91,0.1434,0.951,1.46944
131072,3,92,0.143,0.9488,1.526784
131072,3,93,0.1466,0.9522,1.30048
131072,3,94,0.1424,0.9471,1.369088
131072,3,95,0.1482,0.9453,1.436672
131072,3,96,0.1434,0.97,1.301504
131072,3,97,0.143,0.9497,1.333248
131072,3,98,0.1506,0.9532,1.437696
131072,3,99,0.1418,0.9476,1.52576
131072,3,100,0.1423,0.9509,1.3056
131072,3,101,0.1433,0.9485,1.370112
131072,3,102,0.1427,0.9738,1.441792
131072,3,103,0.1438,0.9488,1.29536
131072,3,104,0.1431,0.9487,1.328128
131072,3,105,0.143,0.9574,1.501184
131072,3,106,0.1441,0.9511,1.538048
131072,3,107,0.1426,0.9494,1.29536
131072,3,108,0.1422,0.968,1.398784
131072,3,109,0.1432,0.9486,1.42848
131072,3,110,0.1427,0.9431,1.29536
131072,3,111,0.1432,0.9514,1.332224
131072,3,112,0.1521,0.951,1.431552
131072,3,113,0.1425,0.9562,1.521664
131072,3,114,0.1419,0.968,1.304576
131072,3,115,0.144,0.9485,1.39264
131072,3,116,0.1435,0.9506,1.442816
131072,3,117,0.1425,0.9483,1.292288
131072,3,118,0.1464,0.9479,1.3312
131072,3,119,0.1431,0.9472,1.444864
