count,run,sample,gpu_ms,submit_ms
10000,1,0,0.009216,0.005
10000,1,1,0.009216,0.0016
10000,1,2,0.01024,0.001
10000,1,3,0.009216,9.0E-4
10000,1,4,0.009216,8.0E-4
10000,1,5,0.009216,9.0E-4
10000,1,6,0.009216,8.0E-4
10000,1,7,0.009216,8.0E-4
10000,1,8,0.01024,0.0011
10000,1,9,0.009216,8.0E-4
10000,1,10,0.009216,8.0E-4
10000,1,11,0.009216,8.0E-4
10000,1,12,0.01024,9.0E-4
10000,1,13,0.009216,0.0011
10000,1,14,0.009216,9.0E-4
10000,1,15,0.009216,9.0E-4
10000,1,16,0.01024,8.0E-4
10000,1,17,0.009216,8.0E-4
10000,1,18,0.01024,8.0E-4
10000,1,19,0.009216,8.0E-4
10000,1,20,0.009216,9.0E-4
10000,1,21,0.009216,8.0E-4
10000,1,22,0.01024,9.0E-4
10000,1,23,0.009216,9.0E-4
10000,1,24,0.009216,8.0E-4
10000,1,25,0.009216,8.0E-4
10000,1,26,0.01024,8.0E-4
10000,1,27,0.009216,9.0E-4
10000,1,28,0.009216,9.0E-4
10000,1,29,0.009216,8.0E-4
10000,1,30,0.009216,9.0E-4
10000,1,31,0.009216,8.0E-4
10000,1,32,0.01024,8.0E-4
10000,1,33,0.009216,8.0E-4
10000,1,34,0.01024,8.0E-4
10000,1,35,0.009216,0.0024
10000,1,36,0.01024,0.0011
10000,1,37,0.009216,8.0E-4
10000,1,38,0.009216,8.0E-4
10000,1,39,0.008192,8.0E-4
10000,1,40,0.009216,9.0E-4
10000,1,41,0.009216,9.0E-4
10000,1,42,0.009216,8.0E-4
10000,1,43,0.01024,0.0011
10000,1,44,0.009216,0.0012
10000,1,45,0.009216,0.0011
10000,1,46,0.01024,8.0E-4
10000,1,47,0.01024,8.0E-4
10000,1,48,0.009216,8.0E-4
10000,1,49,0.009216,9.0E-4
10000,1,50,0.009216,8.0E-4
10000,1,51,0.009216,9.0E-4
10000,1,52,0.01024,8.0E-4
10000,1,53,0.009216,8.0E-4
10000,1,54,0.009216,8.0E-4
10000,1,55,0.009216,8.0E-4
10000,1,56,0.009216,8.0E-4
10000,1,57,0.009216,8.0E-4
10000,1,58,0.01024,9.0E-4
10000,1,59,0.009216,8.0E-4
10000,1,60,0.009216,0.0014
10000,1,61,0.009216,0.0012
10000,1,62,0.009216,9.0E-4
10000,1,63,0.009216,8.0E-4
10000,1,64,0.009216,0.001
10000,1,65,0.009216,9.0E-4
10000,1,66,0.009216,8.0E-4
10000,1,67,0.009216,8.0E-4
10000,1,68,0.009216,8.0E-4
10000,1,69,0.01024,8.0E-4
10000,1,70,0.009216,8.0E-4
10000,1,71,0.009216,8.0E-4
10000,1,72,0.009216,9.0E-4
10000,1,73,0.009216,8.0E-4
10000,1,74,0.01024,8.0E-4
10000,1,75,0.01024,9.0E-4
10000,1,76,0.009216,0.0027
10000,1,77,0.009216,8.0E-4
10000,1,78,0.01024,8.0E-4
10000,1,79,0.009216,8.0E-4
10000,1,80,0.01024,8.0E-4
10000,1,81,0.009216,8.0E-4
10000,1,82,0.01024,8.0E-4
10000,1,83,0.009216,8.0E-4
10000,1,84,0.01024,8.0E-4
10000,1,85,0.01024,8.0E-4
10000,1,86,0.01024,8.0E-4
10000,1,87,0.01024,8.0E-4
10000,1,88,0.009216,9.0E-4
10000,1,89,0.009216,8.0E-4
10000,1,90,0.009216,8.0E-4
10000,1,91,0.01024,9.0E-4
10000,1,92,0.01024,8.0E-4
10000,1,93,0.009216,0.0026
10000,1,94,0.01024,8.0E-4
10000,1,95,0.009216,8.0E-4
10000,1,96,0.01024,8.0E-4
10000,1,97,0.009216,0.001
10000,1,98,0.01024,9.0E-4
10000,1,99,0.009216,8.0E-4
10000,1,100,0.009216,8.0E-4
10000,1,101,0.009216,8.0E-4
10000,1,102,0.009216,8.0E-4
10000,1,103,0.009216,8.0E-4
10000,1,104,0.01024,8.0E-4
10000,1,105,0.009216,8.0E-4
10000,1,106,0.009216,8.0E-4
10000,1,107,0.009216,8.0E-4
10000,1,108,0.009216,8.0E-4
10000,1,109,0.009216,8.0E-4
10000,1,110,0.01024,8.0E-4
10000,1,111,0.009216,9.0E-4
10000,1,112,0.009216,9.0E-4
10000,1,113,0.009216,8.0E-4
10000,1,114,0.009216,8.0E-4
10000,1,115,0.008192,8.0E-4
10000,1,116,0.01024,8.0E-4
10000,1,117,0.009216,0.0028
10000,1,118,0.01024,8.0E-4
10000,1,119,0.009216,9.0E-4
10000,2,0,0.009216,0.0365
10000,2,1,0.009216,7.0E-4
10000,2,2,0.01024,6.0E-4
10000,2,3,0.009216,6.0E-4
10000,2,4,0.009216,6.0E-4
10000,2,5,0.009216,6.0E-4
10000,2,6,0.009216,6.0E-4
10000,2,7,0.009216,7.0E-4
10000,2,8,0.009216,6.0E-4
10000,2,9,0.009216,9.0E-4
10000,2,10,0.009216,7.0E-4
10000,2,11,0.009216,7.0E-4
10000,2,12,0.009216,6.0E-4
10000,2,13,0.009216,7.0E-4
10000,2,14,0.01024,7.0E-4
10000,2,15,0.009216,7.0E-4
10000,2,16,0.01024,6.0E-4
10000,2,17,0.009216,7.0E-4
10000,2,18,0.009216,7.0E-4
10000,2,19,0.009216,7.0E-4
10000,2,20,0.009216,6.0E-4
10000,2,21,0.009216,5.0E-4
10000,2,22,0.009216,8.0E-4
10000,2,23,0.009216,0.001
10000,2,24,0.009216,8.0E-4
10000,2,25,0.009216,6.0E-4
10000,2,26,0.01024,7.0E-4
10000,2,27,0.01024,6.0E-4
10000,2,28,0.01024,6.0E-4
10000,2,29,0.009216,6.0E-4
10000,2,30,0.009216,7.0E-4
10000,2,31,0.009216,6.0E-4
10000,2,32,0.01024,8.0E-4
10000,2,33,0.009216,6.0E-4
10000,2,34,0.009216,7.0E-4
10000,2,35,0.009216,8.0E-4
10000,2,36,0.009216,8.0E-4
10000,2,37,0.009216,7.0E-4
10000,2,38,0.009216,7.0E-4
10000,2,39,0.009216,7.0E-4
10000,2,40,0.009216,7.0E-4
10000,2,41,0.009216,7.0E-4
10000,2,42,0.009216,6.0E-4
10000,2,43,0.008192,5.0E-4
10000,2,44,0.009216,8.0E-4
10000,2,45,0.009216,6.0E-4
10000,2,46,0.009216,6.0E-4
10000,2,47,0.009216,6.0E-4
10000,2,48,0.009216,6.0E-4
10000,2,49,0.009216,5.0E-4
10000,2,50,0.01024,6.0E-4
10000,2,51,0.009216,6.0E-4
10000,2,52,0.009216,8.0E-4
10000,2,53,0.009216,9.0E-4
10000,2,54,0.009216,7.0E-4
10000,2,55,0.01024,6.0E-4
10000,2,56,0.009216,7.0E-4
10000,2,57,0.009216,7.0E-4
10000,2,58,0.01024,6.0E-4
10000,2,59,0.009216,6.0E-4
10000,2,60,0.009216,6.0E-4
10000,2,61,0.009216,6.0E-4
10000,2,62,0.01024,6.0E-4
10000,2,63,0.009216,6.0E-4
10000,2,64,0.009216,7.0E-4
10000,2,65,0.009216,7.0E-4
10000,2,66,0.009216,0.001
10000,2,67,0.009216,0.001
10000,2,68,0.01024,0.0011
10000,2,69,0.009216,6.0E-4
10000,2,70,0.01024,6.0E-4
10000,2,71,0.008192,7.0E-4
10000,2,72,0.01024,8.0E-4
10000,2,73,0.009216,8.0E-4
10000,2,74,0.01024,0.0012
10000,2,75,0.009216,9.0E-4
10000,2,76,0.009216,6.0E-4
10000,2,77,0.008192,6.0E-4
10000,2,78,0.01024,8.0E-4
10000,2,79,0.009216,9.0E-4
10000,2,80,0.01024,6.0E-4
10000,2,81,0.009216,6.0E-4
10000,2,82,0.01024,7.0E-4
10000,2,83,0.009216,6.0E-4
10000,2,84,0.01024,6.0E-4
10000,2,85,0.009216,6.0E-4
10000,2,86,0.01024,6.0E-4
10000,2,87,0.01024,7.0E-4
10000,2,88,0.01024,0.0026
10000,2,89,0.009216,8.0E-4
10000,2,90,0.011264,0.0042
10000,2,91,0.01024,6.0E-4
10000,2,92,0.01024,6.0E-4
10000,2,93,0.01024,6.0E-4
10000,2,94,0.01024,7.0E-4
10000,2,95,0.009216,9.0E-4
10000,2,96,0.01024,6.0E-4
10000,2,97,0.01024,7.0E-4
10000,2,98,0.009216,7.0E-4
10000,2,99,0.01024,7.0E-4
10000,2,100,0.01024,6.0E-4
10000,2,101,0.009216,6.0E-4
10000,2,102,0.009216,7.0E-4
10000,2,103,0.009216,8.0E-4
10000,2,104,0.009216,6.0E-4
10000,2,105,0.009216,0.0025
10000,2,106,0.009216,6.0E-4
10000,2,107,0.009216,6.0E-4
10000,2,108,0.01024,6.0E-4
10000,2,109,0.008192,6.0E-4
10000,2,110,0.009216,7.0E-4
10000,2,111,0.009216,6.0E-4
10000,2,112,0.009216,6.0E-4
10000,2,113,0.009216,6.0E-4
10000,2,114,0.009216,6.0E-4
10000,2,115,0.009216,6.0E-4
10000,2,116,0.01024,6.0E-4
10000,2,117,0.009216,6.0E-4
10000,2,118,0.009216,7.0E-4
10000,2,119,0.009216,6.0E-4
10000,3,0,0.009216,0.0045
10000,3,1,0.009216,6.0E-4
10000,3,2,0.009216,6.0E-4
10000,3,3,0.009216,6.0E-4
10000,3,4,0.008192,6.0E-4
10000,3,5,0.009216,6.0E-4
10000,3,6,0.009216,6.0E-4
10000,3,7,0.01024,6.0E-4
10000,3,8,0.009216,6.0E-4
10000,3,9,0.009216,6.0E-4
10000,3,10,0.009216,6.0E-4
10000,3,11,0.009216,6.0E-4
10000,3,12,0.01024,6.0E-4
10000,3,13,0.009216,6.0E-4
10000,3,14,0.009216,5.0E-4
10000,3,15,0.01024,5.0E-4
10000,3,16,0.009216,6.0E-4
10000,3,17,0.009216,6.0E-4
10000,3,18,0.009216,5.0E-4
10000,3,19,0.009216,6.0E-4
10000,3,20,0.009216,6.0E-4
10000,3,21,0.009216,6.0E-4
10000,3,22,0.009216,5.0E-4
10000,3,23,0.01024,5.0E-4
10000,3,24,0.009216,5.0E-4
10000,3,25,0.009216,0.001
10000,3,26,0.009216,6.0E-4
10000,3,27,0.01024,6.0E-4
10000,3,28,0.008192,5.0E-4
10000,3,29,0.01024,6.0E-4
10000,3,30,0.009216,6.0E-4
10000,3,31,0.01024,6.0E-4
10000,3,32,0.01024,6.0E-4
10000,3,33,0.01024,5.0E-4
10000,3,34,0.009216,6.0E-4
10000,3,35,0.009216,6.0E-4
10000,3,36,0.01024,6.0E-4
10000,3,37,0.009216,6.0E-4
10000,3,38,0.008192,6.0E-4
10000,3,39,0.009216,6.0E-4
10000,3,40,0.008192,5.0E-4
10000,3,41,0.009216,6.0E-4
10000,3,42,0.009216,5.0E-4
10000,3,43,0.009216,5.0E-4
10000,3,44,0.008192,5.0E-4
10000,3,45,0.009216,5.0E-4
10000,3,46,0.009216,6.0E-4
10000,3,47,0.009216,0.0019
10000,3,48,0.008192,6.0E-4
10000,3,49,0.009216,6.0E-4
10000,3,50,0.009216,8.0E-4
10000,3,51,0.01024,6.0E-4
10000,3,52,0.009216,6.0E-4
10000,3,53,0.009216,6.0E-4
10000,3,54,0.009216,5.0E-4
10000,3,55,0.009216,6.0E-4
10000,3,56,0.009216,6.0E-4
10000,3,57,0.009216,5.0E-4
10000,3,58,0.009216,9.0E-4
10000,3,59,0.009216,8.0E-4
10000,3,60,0.01024,9.0E-4
10000,3,61,0.009216,8.0E-4
10000,3,62,0.009216,8.0E-4
10000,3,63,0.009216,9.0E-4
10000,3,64,0.009216,8.0E-4
10000,3,65,0.01024,9.0E-4
10000,3,66,0.008192,8.0E-4
10000,3,67,0.01024,8.0E-4
10000,3,68,0.009216,9.0E-4
10000,3,69,0.009216,6.0E-4
10000,3,70,0.008192,6.0E-4
10000,3,71,0.009216,6.0E-4
10000,3,72,0.009216,5.0E-4
10000,3,73,0.009216,6.0E-4
10000,3,74,0.009216,6.0E-4
10000,3,75,0.009216,6.0E-4
10000,3,76,0.009216,5.0E-4
10000,3,77,0.009216,6.0E-4
10000,3,78,0.009216,5.0E-4
10000,3,79,0.009216,6.0E-4
10000,3,80,0.01024,6.0E-4
10000,3,81,0.01024,6.0E-4
10000,3,82,0.01024,6.0E-4
10000,3,83,0.01024,6.0E-4
10000,3,84,0.01024,6.0E-4
10000,3,85,0.01024,6.0E-4
10000,3,86,0.01024,5.0E-4
10000,3,87,0.01024,6.0E-4
10000,3,88,0.01024,5.0E-4
10000,3,89,0.01024,5.0E-4
10000,3,90,0.009216,5.0E-4
10000,3,91,0.01024,5.0E-4
10000,3,92,0.01024,5.0E-4
10000,3,93,0.01024,6.0E-4
10000,3,94,0.009216,6.0E-4
10000,3,95,0.01024,5.0E-4
10000,3,96,0.009216,7.0E-4
10000,3,97,0.01024,6.0E-4
10000,3,98,0.01024,6.0E-4
10000,3,99,0.01024,6.0E-4
10000,3,100,0.009216,6.0E-4
10000,3,101,0.009216,5.0E-4
10000,3,102,0.009216,6.0E-4
10000,3,103,0.01024,6.0E-4
10000,3,104,0.009216,0.0037
10000,3,105,0.009216,7.0E-4
10000,3,106,0.009216,6.0E-4
10000,3,107,0.009216,5.0E-4
10000,3,108,0.009216,6.0E-4
10000,3,109,0.009216,6.0E-4
10000,3,110,0.009216,8.0E-4
10000,3,111,0.009216,6.0E-4
10000,3,112,0.009216,8.0E-4
10000,3,113,0.009216,6.0E-4
10000,3,114,0.008192,6.0E-4
10000,3,115,0.01024,6.0E-4
10000,3,116,0.01024,5.0E-4
10000,3,117,0.009216,5.0E-4
10000,3,118,0.008192,5.0E-4
10000,3,119,0.009216,6.0E-4
65536,1,0,0.013312,0.0044
65536,1,1,0.01536,5.0E-4
65536,1,2,0.013312,9.0E-4
65536,1,3,0.013312,0.001
65536,1,4,0.013312,6.0E-4
65536,1,5,0.014336,8.0E-4
65536,1,6,0.013312,6.0E-4
65536,1,7,0.013312,6.0E-4
65536,1,8,0.014336,5.0E-4
65536,1,9,0.013312,6.0E-4
65536,1,10,0.012288,6.0E-4
65536,1,11,0.013312,5.0E-4
65536,1,12,0.013312,5.0E-4
65536,1,13,0.014336,6.0E-4
65536,1,14,0.013312,5.0E-4
65536,1,15,0.014336,6.0E-4
65536,1,16,0.013312,6.0E-4
65536,1,17,0.013312,6.0E-4
65536,1,18,0.013312,6.0E-4
65536,1,19,0.013312,6.0E-4
65536,1,20,0.013312,8.0E-4
65536,1,21,0.014336,6.0E-4
65536,1,22,0.013312,8.0E-4
65536,1,23,0.014336,6.0E-4
65536,1,24,0.014336,5.0E-4
65536,1,25,0.013312,8.0E-4
65536,1,26,0.013312,8.0E-4
65536,1,27,0.014336,5.0E-4
65536,1,28,0.014336,6.0E-4
65536,1,29,0.014336,7.0E-4
65536,1,30,0.012288,8.0E-4
65536,1,31,0.014336,6.0E-4
65536,1,32,0.013312,5.0E-4
65536,1,33,0.013312,5.0E-4
65536,1,34,0.013312,6.0E-4
65536,1,35,0.014336,6.0E-4
65536,1,36,0.013312,6.0E-4
65536,1,37,0.013312,9.0E-4
65536,1,38,0.013312,5.0E-4
65536,1,39,0.013312,6.0E-4
65536,1,40,0.013312,6.0E-4
65536,1,41,0.014336,5.0E-4
65536,1,42,0.013312,5.0E-4
65536,1,43,0.013312,5.0E-4
65536,1,44,0.012288,6.0E-4
65536,1,45,0.013312,6.0E-4
65536,1,46,0.013312,5.0E-4
65536,1,47,0.013312,0.0012
65536,1,48,0.014336,6.0E-4
65536,1,49,0.013312,6.0E-4
65536,1,50,0.013312,6.0E-4
65536,1,51,0.013312,6.0E-4
65536,1,52,0.012288,5.0E-4
65536,1,53,0.013312,6.0E-4
65536,1,54,0.012288,6.0E-4
65536,1,55,0.012288,6.0E-4
65536,1,56,0.012288,6.0E-4
65536,1,57,0.012288,5.0E-4
65536,1,58,0.013312,6.0E-4
65536,1,59,0.013312,6.0E-4
65536,1,60,0.019456,6.0E-4
65536,1,61,0.013312,6.0E-4
65536,1,62,0.013312,6.0E-4
65536,1,63,0.013312,5.0E-4
65536,1,64,0.013312,6.0E-4
65536,1,65,0.013312,6.0E-4
65536,1,66,0.013312,5.0E-4
65536,1,67,0.013312,6.0E-4
65536,1,68,0.013312,5.0E-4
65536,1,69,0.013312,6.0E-4
65536,1,70,0.012288,6.0E-4
65536,1,71,0.014336,6.0E-4
65536,1,72,0.012288,5.0E-4
65536,1,73,0.013312,6.0E-4
65536,1,74,0.012288,6.0E-4
65536,1,75,0.013312,5.0E-4
65536,1,76,0.013312,5.0E-4
65536,1,77,0.013312,5.0E-4
65536,1,78,0.013312,6.0E-4
65536,1,79,0.013312,6.0E-4
65536,1,80,0.02048,6.0E-4
65536,1,81,0.014336,6.0E-4
65536,1,82,0.014336,6.0E-4
65536,1,83,0.01536,5.0E-4
65536,1,84,0.014336,5.0E-4
65536,1,85,0.014336,6.0E-4
65536,1,86,0.014336,5.0E-4
65536,1,87,0.014336,6.0E-4
65536,1,88,0.014336,6.0E-4
65536,1,89,0.01536,6.0E-4
65536,1,90,0.013312,6.0E-4
65536,1,91,0.014336,6.0E-4
65536,1,92,0.014336,6.0E-4
65536,1,93,0.014336,6.0E-4
65536,1,94,0.014336,9.0E-4
65536,1,95,0.01536,9.0E-4
65536,1,96,0.013312,9.0E-4
65536,1,97,0.014336,8.0E-4
65536,1,98,0.014336,8.0E-4
65536,1,99,0.014336,9.0E-4
65536,1,100,0.02048,8.0E-4
65536,1,101,0.013312,8.0E-4
65536,1,102,0.013312,9.0E-4
65536,1,103,0.013312,9.0E-4
65536,1,104,0.012288,8.0E-4
65536,1,105,0.012288,8.0E-4
65536,1,106,0.013312,9.0E-4
65536,1,107,0.013312,8.0E-4
65536,1,108,0.013312,6.0E-4
65536,1,109,0.013312,6.0E-4
65536,1,110,0.013312,5.0E-4
65536,1,111,0.013312,5.0E-4
65536,1,112,0.012288,5.0E-4
65536,1,113,0.013312,5.0E-4
65536,1,114,0.013312,5.0E-4
65536,1,115,0.013312,6.0E-4
65536,1,116,0.013312,5.0E-4
65536,1,117,0.013312,6.0E-4
65536,1,118,0.012288,6.0E-4
65536,1,119,0.013312,6.0E-4
65536,2,0,0.021504,0.0039
65536,2,1,0.013312,6.0E-4
65536,2,2,0.013312,6.0E-4
65536,2,3,0.013312,6.0E-4
65536,2,4,0.013312,6.0E-4
65536,2,5,0.013312,5.0E-4
65536,2,6,0.013312,6.0E-4
65536,2,7,0.013312,6.0E-4
65536,2,8,0.013312,5.0E-4
65536,2,9,0.013312,6.0E-4
65536,2,10,0.013312,5.0E-4
65536,2,11,0.012288,5.0E-4
65536,2,12,0.013312,5.0E-4
65536,2,13,0.013312,5.0E-4
65536,2,14,0.012288,6.0E-4
65536,2,15,0.013312,6.0E-4
65536,2,16,0.012288,5.0E-4
65536,2,17,0.013312,6.0E-4
65536,2,18,0.013312,6.0E-4
65536,2,19,0.013312,5.0E-4
65536,2,20,0.012288,5.0E-4
65536,2,21,0.02048,6.0E-4
65536,2,22,0.013312,6.0E-4
65536,2,23,0.013312,5.0E-4
65536,2,24,0.012288,6.0E-4
65536,2,25,0.013312,6.0E-4
65536,2,26,0.012288,6.0E-4
65536,2,27,0.012288,6.0E-4
65536,2,28,0.012288,5.0E-4
65536,2,29,0.013312,6.0E-4
65536,2,30,0.013312,6.0E-4
65536,2,31,0.013312,6.0E-4
65536,2,32,0.012288,5.0E-4
65536,2,33,0.013312,5.0E-4
65536,2,34,0.012288,5.0E-4
65536,2,35,0.013312,6.0E-4
65536,2,36,0.012288,5.0E-4
65536,2,37,0.013312,6.0E-4
65536,2,38,0.012288,6.0E-4
65536,2,39,0.013312,5.0E-4
65536,2,40,0.013312,5.0E-4
65536,2,41,0.012288,6.0E-4
65536,2,42,0.012288,6.0E-4
65536,2,43,0.013312,5.0E-4
65536,2,44,0.013312,6.0E-4
65536,2,45,0.013312,5.0E-4
65536,2,46,0.013312,6.0E-4
65536,2,47,0.013312,5.0E-4
65536,2,48,0.013312,6.0E-4
65536,2,49,0.013312,6.0E-4
65536,2,50,0.012288,6.0E-4
65536,2,51,0.013312,6.0E-4
65536,2,52,0.013312,6.0E-4
65536,2,53,0.013312,6.0E-4
65536,2,54,0.012288,6.0E-4
65536,2,55,0.013312,5.0E-4
65536,2,56,0.013312,5.0E-4
65536,2,57,0.012288,6.0E-4
65536,2,58,0.012288,5.0E-4
65536,2,59,0.012288,6.0E-4
65536,2,60,0.019456,5.0E-4
65536,2,61,0.013312,5.0E-4
65536,2,62,0.013312,6.0E-4
65536,2,63,0.013312,6.0E-4
65536,2,64,0.013312,6.0E-4
65536,2,65,0.013312,6.0E-4
65536,2,66,0.013312,5.0E-4
65536,2,67,0.014336,5.0E-4
65536,2,68,0.013312,5.0E-4
65536,2,69,0.013312,6.0E-4
65536,2,70,0.013312,6.0E-4
65536,2,71,0.013312,6.0E-4
65536,2,72,0.012288,9.0E-4
65536,2,73,0.013312,8.0E-4
65536,2,74,0.012288,8.0E-4
65536,2,75,0.013312,8.0E-4
65536,2,76,0.012288,9.0E-4
65536,2,77,0.013312,8.0E-4
65536,2,78,0.013312,8.0E-4
65536,2,79,0.013312,8.0E-4
65536,2,80,0.02048,9.0E-4
65536,2,81,0.013312,8.0E-4
65536,2,82,0.014336,9.0E-4
65536,2,83,0.014336,8.0E-4
65536,2,84,0.014336,8.0E-4
65536,2,85,0.014336,0.0021
65536,2,86,0.014336,9.0E-4
65536,2,87,0.01536,9.0E-4
65536,2,88,0.014336,8.0E-4
65536,2,89,0.014336,8.0E-4
65536,2,90,0.014336,8.0E-4
65536,2,91,0.014336,5.0E-4
65536,2,92,0.014336,6.0E-4
65536,2,93,0.01536,6.0E-4
65536,2,94,0.014336,5.0E-4
65536,2,95,0.014336,6.0E-4
65536,2,96,0.014336,6.0E-4
65536,2,97,0.014336,5.0E-4
65536,2,98,0.014336,6.0E-4
65536,2,99,0.014336,6.0E-4
65536,2,100,0.019456,6.0E-4
65536,2,101,0.013312,6.0E-4
65536,2,102,0.012288,5.0E-4
65536,2,103,0.013312,5.0E-4
65536,2,104,0.012288,5.0E-4
65536,2,105,0.013312,6.0E-4
65536,2,106,0.012288,6.0E-4
65536,2,107,0.013312,6.0E-4
65536,2,108,0.013312,5.0E-4
65536,2,109,0.013312,6.0E-4
65536,2,110,0.013312,6.0E-4
65536,2,111,0.013312,5.0E-4
65536,2,112,0.013312,5.0E-4
65536,2,113,0.013312,6.0E-4
65536,2,114,0.012288,8.0E-4
65536,2,115,0.013312,6.0E-4
65536,2,116,0.013312,6.0E-4
65536,2,117,0.013312,5.0E-4
65536,2,118,0.013312,6.0E-4
65536,2,119,0.013312,6.0E-4
65536,3,0,0.014336,0.0046
65536,3,1,0.013312,9.0E-4
65536,3,2,0.013312,8.0E-4
65536,3,3,0.013312,9.0E-4
65536,3,4,0.013312,9.0E-4
65536,3,5,0.014336,9.0E-4
65536,3,6,0.013312,8.0E-4
65536,3,7,0.014336,8.0E-4
65536,3,8,0.013312,9.0E-4
65536,3,9,0.013312,7.0E-4
65536,3,10,0.014336,5.0E-4
65536,3,11,0.014336,6.0E-4
65536,3,12,0.014336,5.0E-4
65536,3,13,0.013312,5.0E-4
65536,3,14,0.013312,5.0E-4
65536,3,15,0.013312,6.0E-4
65536,3,16,0.013312,5.0E-4
65536,3,17,0.014336,5.0E-4
65536,3,18,0.013312,6.0E-4
65536,3,19,0.014336,6.0E-4
65536,3,20,0.012288,5.0E-4
65536,3,21,0.02048,6.0E-4
65536,3,22,0.012288,6.0E-4
65536,3,23,0.013312,6.0E-4
65536,3,24,0.012288,6.0E-4
65536,3,25,0.013312,0.001
65536,3,26,0.013312,6.0E-4
65536,3,27,0.013312,5.0E-4
65536,3,28,0.013312,6.0E-4
65536,3,29,0.012288,6.0E-4
65536,3,30,0.013312,6.0E-4
65536,3,31,0.013312,6.0E-4
65536,3,32,0.012288,6.0E-4
65536,3,33,0.013312,6.0E-4
65536,3,34,0.012288,6.0E-4
65536,3,35,0.013312,6.0E-4
65536,3,36,0.013312,5.0E-4
65536,3,37,0.013312,5.0E-4
65536,3,38,0.012288,6.0E-4
65536,3,39,0.013312,5.0E-4
65536,3,40,0.013312,6.0E-4
65536,3,41,0.013312,5.0E-4
65536,3,42,0.013312,5.0E-4
65536,3,43,0.012288,6.0E-4
65536,3,44,0.012288,6.0E-4
65536,3,45,0.013312,5.0E-4
65536,3,46,0.012288,6.0E-4
65536,3,47,0.012288,6.0E-4
65536,3,48,0.012288,5.0E-4
65536,3,49,0.013312,5.0E-4
65536,3,50,0.013312,7.0E-4
65536,3,51,0.013312,6.0E-4
65536,3,52,0.012288,5.0E-4
65536,3,53,0.013312,5.0E-4
65536,3,54,0.012288,6.0E-4
65536,3,55,0.013312,5.0E-4
65536,3,56,0.013312,6.0E-4
65536,3,57,0.012288,5.0E-4
65536,3,58,0.013312,6.0E-4
65536,3,59,0.013312,6.0E-4
65536,3,60,0.019456,6.0E-4
65536,3,61,0.013312,5.0E-4
65536,3,62,0.012288,5.0E-4
65536,3,63,0.014336,5.0E-4
65536,3,64,0.013312,5.0E-4
65536,3,65,0.013312,6.0E-4
65536,3,66,0.013312,6.0E-4
65536,3,67,0.013312,6.0E-4
65536,3,68,0.013312,5.0E-4
65536,3,69,0.013312,6.0E-4
65536,3,70,0.013312,5.0E-4
65536,3,71,0.013312,6.0E-4
65536,3,72,0.012288,6.0E-4
65536,3,73,0.013312,6.0E-4
65536,3,74,0.012288,6.0E-4
65536,3,75,0.014336,6.0E-4
65536,3,76,0.012288,6.0E-4
65536,3,77,0.013312,5.0E-4
65536,3,78,0.012288,5.0E-4
65536,3,79,0.013312,5.0E-4
65536,3,80,0.02048,5.0E-4
65536,3,81,0.014336,5.0E-4
65536,3,82,0.014336,6.0E-4
65536,3,83,0.014336,6.0E-4
65536,3,84,0.013312,5.0E-4
65536,3,85,0.01536,6.0E-4
65536,3,86,0.014336,6.0E-4
65536,3,87,0.014336,6.0E-4
65536,3,88,0.014336,5.0E-4
65536,3,89,0.01536,5.0E-4
65536,3,90,0.014336,6.0E-4
65536,3,91,0.014336,6.0E-4
65536,3,92,0.014336,6.0E-4
65536,3,93,0.014336,6.0E-4
65536,3,94,0.014336,6.0E-4
65536,3,95,0.014336,6.0E-4
65536,3,96,0.014336,6.0E-4
65536,3,97,0.014336,6.0E-4
65536,3,98,0.013312,8.0E-4
65536,3,99,0.014336,5.0E-4
65536,3,100,0.02048,6.0E-4
65536,3,101,0.013312,5.0E-4
65536,3,102,0.012288,6.0E-4
65536,3,103,0.013312,6.0E-4
65536,3,104,0.012288,5.0E-4
65536,3,105,0.013312,6.0E-4
65536,3,106,0.012288,5.0E-4
65536,3,107,0.013312,5.0E-4
65536,3,108,0.013312,6.0E-4
65536,3,109,0.013312,5.0E-4
65536,3,110,0.013312,6.0E-4
65536,3,111,0.013312,6.0E-4
65536,3,112,0.012288,6.0E-4
65536,3,113,0.013312,5.0E-4
65536,3,114,0.013312,5.0E-4
65536,3,115,0.013312,6.0E-4
65536,3,116,0.013312,6.0E-4
65536,3,117,0.013312,6.0E-4
65536,3,118,0.012288,5.0E-4
65536,3,119,0.014336,6.0E-4
131072,1,0,0.02048,0.0401
131072,1,1,0.019456,9.0E-4
131072,1,2,0.018432,8.0E-4
131072,1,3,0.018432,8.0E-4
131072,1,4,0.017408,9.0E-4
131072,1,5,0.019456,9.0E-4
131072,1,6,0.018432,0.001
131072,1,7,0.018432,9.0E-4
131072,1,8,0.018432,9.0E-4
131072,1,9,0.019456,8.0E-4
131072,1,10,0.018432,5.0E-4
131072,1,11,0.019456,6.0E-4
131072,1,12,0.017408,6.0E-4
131072,1,13,0.018432,6.0E-4
131072,1,14,0.018432,0.0021
131072,1,15,0.018432,6.0E-4
131072,1,16,0.018432,6.0E-4
131072,1,17,0.018432,5.0E-4
131072,1,18,0.019456,0.001
131072,1,19,0.019456,8.0E-4
131072,1,20,0.018432,9.0E-4
131072,1,21,0.018432,8.0E-4
131072,1,22,0.018432,9.0E-4
131072,1,23,0.018432,0.0012
131072,1,24,0.018432,8.0E-4
131072,1,25,0.019456,6.0E-4
131072,1,26,0.119808,6.0E-4
131072,1,27,0.018432,5.0E-4
131072,1,28,0.018432,6.0E-4
131072,1,29,0.019456,6.0E-4
131072,1,30,0.018432,5.0E-4
131072,1,31,0.019456,6.0E-4
131072,1,32,0.019456,6.0E-4
131072,1,33,0.019456,6.0E-4
131072,1,34,0.018432,5.0E-4
131072,1,35,0.018432,6.0E-4
131072,1,36,0.018432,6.0E-4
131072,1,37,0.019456,6.0E-4
131072,1,38,0.018432,5.0E-4
131072,1,39,0.019456,5.0E-4
131072,1,40,0.018432,7.0E-4
131072,1,41,0.018432,6.0E-4
131072,1,42,0.017408,5.0E-4
131072,1,43,0.018432,5.0E-4
131072,1,44,0.017408,6.0E-4
131072,1,45,0.018432,6.0E-4
131072,1,46,0.018432,6.0E-4
131072,1,47,0.017408,5.0E-4
131072,1,48,0.018432,5.0E-4
131072,1,49,0.018432,5.0E-4
131072,1,50,0.018432,7.0E-4
131072,1,51,0.017408,6.0E-4
131072,1,52,0.017408,6.0E-4
131072,1,53,0.018432,5.0E-4
131072,1,54,0.018432,5.0E-4
131072,1,55,0.017408,6.0E-4
131072,1,56,0.018432,6.0E-4
131072,1,57,0.018432,7.0E-4
131072,1,58,0.017408,6.0E-4
131072,1,59,0.017408,5.0E-4
131072,1,60,0.024576,6.0E-4
131072,1,61,0.018432,5.0E-4
131072,1,62,0.018432,5.0E-4
131072,1,63,0.018432,5.0E-4
131072,1,64,0.017408,6.0E-4
131072,1,65,0.019456,6.0E-4
131072,1,66,0.018432,6.0E-4
131072,1,67,0.018432,6.0E-4
131072,1,68,0.018432,6.0E-4
131072,1,69,0.017408,5.0E-4
131072,1,70,0.018432,6.0E-4
131072,1,71,0.018432,6.0E-4
131072,1,72,0.018432,6.0E-4
131072,1,73,0.018432,5.0E-4
131072,1,74,0.017408,6.0E-4
131072,1,75,0.019456,6.0E-4
131072,1,76,0.018432,6.0E-4
131072,1,77,0.018432,0.0011
131072,1,78,0.018432,6.0E-4
131072,1,79,0.018432,6.0E-4
131072,1,80,0.024576,5.0E-4
131072,1,81,0.02048,6.0E-4
131072,1,82,0.02048,6.0E-4
131072,1,83,0.02048,5.0E-4
131072,1,84,0.019456,6.0E-4
131072,1,85,0.019456,5.0E-4
131072,1,86,0.019456,6.0E-4
131072,1,87,0.02048,6.0E-4
131072,1,88,0.019456,6.0E-4
131072,1,89,0.02048,6.0E-4
131072,1,90,0.019456,6.0E-4
131072,1,91,0.02048,0.0021
131072,1,92,0.019456,6.0E-4
131072,1,93,0.019456,5.0E-4
131072,1,94,0.019456,6.0E-4
131072,1,95,0.019456,6.0E-4
131072,1,96,0.019456,6.0E-4
131072,1,97,0.02048,6.0E-4
131072,1,98,0.019456,5.0E-4
131072,1,99,0.019456,6.0E-4
131072,1,100,0.0256,6.0E-4
131072,1,101,0.018432,5.0E-4
131072,1,102,0.018432,6.0E-4
131072,1,103,0.018432,6.0E-4
131072,1,104,0.017408,6.0E-4
131072,1,105,0.018432,6.0E-4
131072,1,106,0.018432,5.0E-4
131072,1,107,0.018432,5.0E-4
131072,1,108,0.018432,5.0E-4
131072,1,109,0.018432,5.0E-4
131072,1,110,0.018432,5.0E-4
131072,1,111,0.018432,6.0E-4
131072,1,112,0.018432,6.0E-4
131072,1,113,0.019456,6.0E-4
131072,1,114,0.018432,6.0E-4
131072,1,115,0.018432,6.0E-4
131072,1,116,0.017408,6.0E-4
131072,1,117,0.018432,6.0E-4
131072,1,118,0.017408,5.0E-4
131072,1,119,0.018432,5.0E-4
131072,2,0,0.0256,0.0041
131072,2,1,0.018432,0.0011
131072,2,2,0.018432,0.001
131072,2,3,0.018432,7.0E-4
131072,2,4,0.018432,9.0E-4
131072,2,5,0.017408,0.0034
131072,2,6,0.018432,0.001
131072,2,7,0.018432,9.0E-4
131072,2,8,0.018432,6.0E-4
131072,2,9,0.018432,6.0E-4
131072,2,10,0.018432,8.0E-4
131072,2,11,0.018432,6.0E-4
131072,2,12,0.018432,6.0E-4
131072,2,13,0.017408,6.0E-4
131072,2,14,0.019456,6.0E-4
131072,2,15,0.018432,6.0E-4
131072,2,16,0.018432,6.0E-4
131072,2,17,0.019456,6.0E-4
131072,2,18,0.018432,6.0E-4
131072,2,19,0.017408,6.0E-4
131072,2,20,0.018432,6.0E-4
131072,2,21,0.0256,6.0E-4
131072,2,22,0.018432,5.0E-4
131072,2,23,0.018432,6.0E-4
131072,2,24,0.018432,7.0E-4
131072,2,25,0.018432,7.0E-4
131072,2,26,0.019456,6.0E-4
131072,2,27,0.018432,6.0E-4
131072,2,28,0.018432,6.0E-4
131072,2,29,0.017408,6.0E-4
131072,2,30,0.017408,6.0E-4
131072,2,31,0.018432,6.0E-4
131072,2,32,0.018432,6.0E-4
131072,2,33,0.019456,6.0E-4
131072,2,34,0.018432,5.0E-4
131072,2,35,0.017408,5.0E-4
131072,2,36,0.019456,6.0E-4
131072,2,37,0.017408,6.0E-4
131072,2,38,0.018432,6.0E-4
131072,2,39,0.017408,6.0E-4
131072,2,40,0.018432,6.0E-4
131072,2,41,0.017408,6.0E-4
131072,2,42,0.017408,6.0E-4
131072,2,43,0.018432,6.0E-4
131072,2,44,0.018432,6.0E-4
131072,2,45,0.018432,6.0E-4
131072,2,46,0.017408,6.0E-4
131072,2,47,0.018432,6.0E-4
131072,2,48,0.018432,5.0E-4
131072,2,49,0.017408,5.0E-4
131072,2,50,0.018432,7.0E-4
131072,2,51,0.018432,6.0E-4
131072,2,52,0.018432,5.0E-4
131072,2,53,0.017408,6.0E-4
131072,2,54,0.018432,0.0011
131072,2,55,0.017408,9.0E-4
131072,2,56,0.018432,9.0E-4
131072,2,57,0.018432,0.001
131072,2,58,0.018432,9.0E-4
131072,2,59,0.018432,9.0E-4
131072,2,60,0.0256,0.0011
131072,2,61,0.018432,0.0012
131072,2,62,0.018432,0.0015
131072,2,63,0.018432,8.0E-4
131072,2,64,0.018432,8.0E-4
131072,2,65,0.018432,7.0E-4
131072,2,66,0.018432,6.0E-4
131072,2,67,0.018432,5.0E-4
131072,2,68,0.018432,6.0E-4
131072,2,69,0.018432,6.0E-4
131072,2,70,0.018432,0.0012
131072,2,71,0.018432,7.0E-4
131072,2,72,0.018432,7.0E-4
131072,2,73,0.018432,9.0E-4
131072,2,74,0.018432,6.0E-4
131072,2,75,0.018432,5.0E-4
131072,2,76,0.018432,6.0E-4
131072,2,77,0.018432,8.0E-4
131072,2,78,0.018432,8.0E-4
131072,2,79,0.018432,6.0E-4
131072,2,80,0.0256,6.0E-4
131072,2,81,0.019456,6.0E-4
131072,2,82,0.019456,6.0E-4
131072,2,83,0.019456,6.0E-4
131072,2,84,0.019456,6.0E-4
131072,2,85,0.019456,7.0E-4
131072,2,86,0.02048,7.0E-4
131072,2,87,0.019456,7.0E-4
131072,2,88,0.019456,6.0E-4
131072,2,89,0.019456,6.0E-4
131072,2,90,0.02048,6.0E-4
131072,2,91,0.019456,6.0E-4
131072,2,92,0.019456,5.0E-4
131072,2,93,0.019456,6.0E-4
131072,2,94,0.02048,8.0E-4
131072,2,95,0.02048,8.0E-4
131072,2,96,0.019456,6.0E-4
131072,2,97,0.019456,8.0E-4
131072,2,98,0.02048,9.0E-4
131072,2,99,0.02048,7.0E-4
131072,2,100,0.0256,6.0E-4
131072,2,101,0.018432,6.0E-4
131072,2,102,0.018432,7.0E-4
131072,2,103,0.018432,6.0E-4
131072,2,104,0.018432,6.0E-4
131072,2,105,0.017408,6.0E-4
131072,2,106,0.018432,7.0E-4
131072,2,107,0.018432,6.0E-4
131072,2,108,0.017408,7.0E-4
131072,2,109,0.018432,6.0E-4
131072,2,110,0.018432,7.0E-4
131072,2,111,0.017408,6.0E-4
131072,2,112,0.017408,6.0E-4
131072,2,113,0.018432,6.0E-4
131072,2,114,0.018432,7.0E-4
131072,2,115,0.017408,6.0E-4
131072,2,116,0.018432,8.0E-4
131072,2,117,0.017408,6.0E-4
131072,2,118,0.018432,6.0E-4
131072,2,119,0.017408,6.0E-4
131072,3,0,0.026624,0.0037
131072,3,1,0.018432,9.0E-4
131072,3,2,0.018432,0.001
131072,3,3,0.018432,8.0E-4
131072,3,4,0.018432,8.0E-4
131072,3,5,0.018432,8.0E-4
131072,3,6,0.017408,8.0E-4
131072,3,7,0.018432,8.0E-4
131072,3,8,0.018432,9.0E-4
131072,3,9,0.017408,9.0E-4
131072,3,10,0.017408,8.0E-4
131072,3,11,0.017408,9.0E-4
131072,3,12,0.018432,9.0E-4
131072,3,13,0.017408,8.0E-4
131072,3,14,0.017408,9.0E-4
131072,3,15,0.017408,9.0E-4
131072,3,16,0.018432,6.0E-4
131072,3,17,0.017408,6.0E-4
131072,3,18,0.018432,6.0E-4
131072,3,19,0.018432,6.0E-4
131072,3,20,0.018432,5.0E-4
131072,3,21,0.0256,5.0E-4
131072,3,22,0.018432,6.0E-4
131072,3,23,0.018432,5.0E-4
131072,3,24,0.018432,5.0E-4
131072,3,25,0.018432,5.0E-4
131072,3,26,0.019456,6.0E-4
131072,3,27,0.018432,6.0E-4
131072,3,28,0.018432,6.0E-4
131072,3,29,0.017408,5.0E-4
131072,3,30,0.018432,6.0E-4
131072,3,31,0.018432,8.0E-4
131072,3,32,0.018432,6.0E-4
131072,3,33,0.018432,6.0E-4
131072,3,34,0.019456,6.0E-4
131072,3,35,0.018432,6.0E-4
131072,3,36,0.017408,6.0E-4
131072,3,37,0.017408,6.0E-4
131072,3,38,0.018432,6.0E-4
131072,3,39,0.018432,5.0E-4
131072,3,40,0.018432,6.0E-4
131072,3,41,0.017408,6.0E-4
131072,3,42,0.018432,6.0E-4
131072,3,43,0.018432,5.0E-4
131072,3,44,0.017408,6.0E-4
131072,3,45,0.018432,6.0E-4
131072,3,46,0.018432,6.0E-4
131072,3,47,0.018432,6.0E-4
131072,3,48,0.018432,5.0E-4
131072,3,49,0.019456,5.0E-4
131072,3,50,0.018432,5.0E-4
131072,3,51,0.017408,6.0E-4
131072,3,52,0.018432,6.0E-4
131072,3,53,0.018432,6.0E-4
131072,3,54,0.018432,6.0E-4
131072,3,55,0.017408,5.0E-4
131072,3,56,0.018432,6.0E-4
131072,3,57,0.018432,5.0E-4
131072,3,58,0.018432,6.0E-4
131072,3,59,0.018432,5.0E-4
131072,3,60,0.0256,6.0E-4
131072,3,61,0.018432,6.0E-4
131072,3,62,0.017408,6.0E-4
131072,3,63,0.017408,0.0011
131072,3,64,0.018432,9.0E-4
131072,3,65,0.018432,9.0E-4
131072,3,66,0.018432,9.0E-4
131072,3,67,0.018432,8.0E-4
131072,3,68,0.019456,9.0E-4
131072,3,69,0.018432,9.0E-4
131072,3,70,0.018432,9.0E-4
131072,3,71,0.017408,8.0E-4
131072,3,72,0.019456,9.0E-4
131072,3,73,0.018432,8.0E-4
131072,3,74,0.018432,8.0E-4
131072,3,75,0.018432,8.0E-4
131072,3,76,0.018432,8.0E-4
131072,3,77,0.018432,6.0E-4
131072,3,78,0.018432,6.0E-4
131072,3,79,0.018432,6.0E-4
131072,3,80,0.0256,5.0E-4
131072,3,81,0.019456,5.0E-4
131072,3,82,0.019456,6.0E-4
131072,3,83,0.019456,5.0E-4
131072,3,84,0.02048,6.0E-4
131072,3,85,0.019456,5.0E-4
131072,3,86,0.02048,5.0E-4
131072,3,87,0.02048,6.0E-4
131072,3,88,0.02048,6.0E-4
131072,3,89,0.02048,5.0E-4
131072,3,90,0.019456,6.0E-4
131072,3,91,0.02048,6.0E-4
131072,3,92,0.02048,5.0E-4
131072,3,93,0.019456,5.0E-4
131072,3,94,0.02048,6.0E-4
131072,3,95,0.019456,6.0E-4
131072,3,96,0.019456,5.0E-4
131072,3,97,0.019456,6.0E-4
131072,3,98,0.02048,5.0E-4
131072,3,99,0.019456,5.0E-4
131072,3,100,0.0256,6.0E-4
131072,3,101,0.017408,5.0E-4
131072,3,102,0.018432,6.0E-4
131072,3,103,0.018432,6.0E-4
131072,3,104,0.017408,6.0E-4
131072,3,105,0.017408,6.0E-4
131072,3,106,0.018432,6.0E-4
131072,3,107,0.017408,5.0E-4
131072,3,108,0.017408,5.0E-4
131072,3,109,0.018432,6.0E-4
131072,3,110,0.018432,6.0E-4
131072,3,111,0.018432,5.0E-4
131072,3,112,0.017408,6.0E-4
131072,3,113,0.018432,6.0E-4
131072,3,114,0.017408,6.0E-4
131072,3,115,0.017408,5.0E-4
131072,3,116,0.018432,5.0E-4
131072,3,117,0.017408,6.0E-4
131072,3,118,0.018432,5.0E-4
131072,3,119,0.018432,6.0E-4
