count,scenario,run,gpu_p50_ms,gpu_p95_ms,submit_p50_ms,submit_p95_ms
10000,known,1,0.026624,0.034816,0.0055,0.007
10000,known,2,0.026624,0.033792,0.005,0.0065
10000,known,3,0.026624,0.047104,0.0053,0.0067
10000,dense_missing,1,0.026624,0.031744,0.0049,0.0058
10000,dense_missing,2,0.026624,0.028672,0.0047,0.0056
10000,dense_missing,3,0.026624,0.03072,0.0049,0.0069
10000,distributed_missing,1,0.026624,0.033792,0.0048,0.0057
10000,distributed_missing,2,0.026624,0.033792,0.0049,0.0057
10000,distributed_missing,3,0.026624,0.033792,0.0047,0.0056
65536,known,1,0.027648,0.032768,0.0051,0.0073
65536,known,2,0.027648,0.031744,0.0054,0.0059
65536,known,3,0.027648,0.032768,0.0047,0.0056
65536,dense_missing,1,0.029696,0.033792,0.0048,0.0056
65536,dense_missing,2,0.029696,0.033792,0.0048,0.0067
65536,dense_missing,3,0.029696,0.033792,0.0049,0.0057
65536,distributed_missing,1,0.036864,0.04096,0.0049,0.0058
65536,distributed_missing,2,0.036864,0.04096,0.0049,0.0068
65536,distributed_missing,3,0.036864,0.04096,0.0047,0.0056
131072,known,1,0.03072,0.034816,0.0049,0.0066
131072,known,2,0.03072,0.034816,0.0048,0.0056
131072,known,3,0.03072,0.034816,0.0048,0.0051
131072,dense_missing,1,0.036864,0.04096,0.0048,0.0056
131072,dense_missing,2,0.036864,0.04096,0.0049,0.0057
131072,dense_missing,3,0.036864,0.04096,0.0048,0.0055
131072,distributed_missing,1,0.048128,0.053248,0.0047,0.0063
131072,distributed_missing,2,0.048128,0.053248,0.0048,0.0054
131072,distributed_missing,3,0.048128,0.053248,0.0051,0.0071
