packages,regions,shape,logical_seconds,acknowledged_sequences,individual_packets,batched_packets,individual_payload_bytes,batched_payload_bytes,payload_ratio
10000,1,contiguous,3,1200,1200,60,43072,2213,0.051379
10000,1,holes,3,1200,1200,60,43136,4496,0.104228
10000,8,contiguous,3,1440,1440,480,50816,17416,0.342727
10000,8,holes,3,1440,1440,480,51328,19504,0.379988
65536,1,contiguous,3,7680,7680,60,276352,2279,0.008247
65536,1,holes,3,7680,7680,60,276416,17519,0.063379
65536,8,contiguous,3,7680,7680,480,275456,17696,0.064243
65536,8,holes,3,7680,7680,480,275968,32128,0.116419
131072,1,contiguous,3,15360,15360,60,552832,2279,0.004122
131072,1,holes,3,15360,15360,120,560064,35095,0.062662
131072,8,contiguous,3,15360,15360,480,551936,17728,0.032120
131072,8,holes,3,15360,15360,480,552448,47504,0.085988
