packages,scene,cadence_ticks,compression_threshold,clients,encoding,evidence,native_component_bytes,gpu_component_bytes,ratio,verdict
10000,line_x,1,-1,1,relative,retained_native,2197460,2870945,1.306483,INCOMPLETE
10000,line_x,1,-1,1,relative,hypothetical_suppression,2197460,673485,0.306483,INCOMPLETE
10000,line_x,1,-1,1,predicted,retained_native,2197460,2869065,1.305628,INCOMPLETE
10000,line_x,1,-1,1,predicted,hypothetical_suppression,2197460,671605,0.305628,INCOMPLETE
10000,line_x,1,-1,4,relative,retained_native,8789840,9463325,1.076621,INCOMPLETE
10000,line_x,1,-1,4,relative,hypothetical_suppression,8789840,7265865,0.826621,INCOMPLETE
10000,line_x,1,-1,4,predicted,retained_native,8789840,9461445,1.076407,INCOMPLETE
10000,line_x,1,-1,4,predicted,hypothetical_suppression,8789840,7263985,0.826407,INCOMPLETE
10000,line_x,1,256,1,relative,retained_native,2397460,2487745,1.037659,INCOMPLETE
10000,line_x,1,256,1,relative,hypothetical_suppression,2397460,90285,0.037659,INCOMPLETE
10000,line_x,1,256,1,predicted,retained_native,2397460,2484686,1.036383,INCOMPLETE
10000,line_x,1,256,1,predicted,hypothetical_suppression,2397460,87226,0.036383,INCOMPLETE
10000,line_x,1,256,4,relative,retained_native,9589840,9680125,1.009415,INCOMPLETE
10000,line_x,1,256,4,relative,hypothetical_suppression,9589840,7282665,0.759415,INCOMPLETE
10000,line_x,1,256,4,predicted,retained_native,9589840,9677066,1.009096,INCOMPLETE
10000,line_x,1,256,4,predicted,hypothetical_suppression,9589840,7279606,0.759096,INCOMPLETE
10000,line_x,3,-1,1,relative,retained_native,2197460,2421865,1.102120,INCOMPLETE
10000,line_x,3,-1,1,relative,hypothetical_suppression,2197460,224405,0.102120,INCOMPLETE
10000,line_x,3,-1,1,predicted,retained_native,2197460,2421425,1.101920,INCOMPLETE
10000,line_x,3,-1,1,predicted,hypothetical_suppression,2197460,223965,0.101920,INCOMPLETE
10000,line_x,3,-1,4,relative,retained_native,8789840,9014245,1.025530,INCOMPLETE
10000,line_x,3,-1,4,relative,hypothetical_suppression,8789840,6816785,0.775530,INCOMPLETE
10000,line_x,3,-1,4,predicted,retained_native,8789840,9013805,1.025480,INCOMPLETE
10000,line_x,3,-1,4,predicted,hypothetical_suppression,8789840,6816345,0.775480,INCOMPLETE
10000,line_x,3,256,1,relative,retained_native,2397460,2427465,1.012515,INCOMPLETE
10000,line_x,3,256,1,relative,hypothetical_suppression,2397460,30005,0.012515,INCOMPLETE
10000,line_x,3,256,1,predicted,retained_native,2397460,2426657,1.012178,INCOMPLETE
10000,line_x,3,256,1,predicted,hypothetical_suppression,2397460,29197,0.012178,INCOMPLETE
10000,line_x,3,256,4,relative,retained_native,9589840,9619845,1.003129,INCOMPLETE
10000,line_x,3,256,4,relative,hypothetical_suppression,9589840,7222385,0.753129,INCOMPLETE
10000,line_x,3,256,4,predicted,retained_native,9589840,9619037,1.003045,INCOMPLETE
10000,line_x,3,256,4,predicted,hypothetical_suppression,9589840,7221577,0.753045,INCOMPLETE
10000,diagonal_xyz,1,-1,1,relative,retained_native,2197460,2875745,1.308668,INCOMPLETE
10000,diagonal_xyz,1,-1,1,relative,hypothetical_suppression,2197460,678285,0.308668,INCOMPLETE
10000,diagonal_xyz,1,-1,1,predicted,retained_native,2197460,2870105,1.306101,INCOMPLETE
10000,diagonal_xyz,1,-1,1,predicted,hypothetical_suppression,2197460,672645,0.306101,INCOMPLETE
10000,diagonal_xyz,1,-1,4,relative,retained_native,8789840,9468125,1.077167,INCOMPLETE
10000,diagonal_xyz,1,-1,4,relative,hypothetical_suppression,8789840,7270665,0.827167,INCOMPLETE
10000,diagonal_xyz,1,-1,4,predicted,retained_native,8789840,9462485,1.076525,INCOMPLETE
10000,diagonal_xyz,1,-1,4,predicted,hypothetical_suppression,8789840,7265025,0.826525,INCOMPLETE
10000,diagonal_xyz,1,256,1,relative,retained_native,2397460,2489005,1.038184,INCOMPLETE
10000,diagonal_xyz,1,256,1,relative,hypothetical_suppression,2397460,91545,0.038184,INCOMPLETE
10000,diagonal_xyz,1,256,1,predicted,retained_native,2397460,2485286,1.036633,INCOMPLETE
10000,diagonal_xyz,1,256,1,predicted,hypothetical_suppression,2397460,87826,0.036633,INCOMPLETE
10000,diagonal_xyz,1,256,4,relative,retained_native,9589840,9681385,1.009546,INCOMPLETE
10000,diagonal_xyz,1,256,4,relative,hypothetical_suppression,9589840,7283925,0.759546,INCOMPLETE
10000,diagonal_xyz,1,256,4,predicted,retained_native,9589840,9677666,1.009158,INCOMPLETE
10000,diagonal_xyz,1,256,4,predicted,hypothetical_suppression,9589840,7280206,0.759158,INCOMPLETE
10000,diagonal_xyz,3,-1,1,relative,retained_native,2197460,2423465,1.102848,INCOMPLETE
10000,diagonal_xyz,3,-1,1,relative,hypothetical_suppression,2197460,226005,0.102848,INCOMPLETE
10000,diagonal_xyz,3,-1,1,predicted,retained_native,2197460,2422145,1.102248,INCOMPLETE
10000,diagonal_xyz,3,-1,1,predicted,hypothetical_suppression,2197460,224685,0.102248,INCOMPLETE
10000,diagonal_xyz,3,-1,4,relative,retained_native,8789840,9015845,1.025712,INCOMPLETE
10000,diagonal_xyz,3,-1,4,relative,hypothetical_suppression,8789840,6818385,0.775712,INCOMPLETE
10000,diagonal_xyz,3,-1,4,predicted,retained_native,8789840,9014525,1.025562,INCOMPLETE
10000,diagonal_xyz,3,-1,4,predicted,hypothetical_suppression,8789840,6817065,0.775562,INCOMPLETE
10000,diagonal_xyz,3,256,1,relative,retained_native,2397460,2427885,1.012691,INCOMPLETE
10000,diagonal_xyz,3,256,1,relative,hypothetical_suppression,2397460,30425,0.012691,INCOMPLETE
10000,diagonal_xyz,3,256,1,predicted,retained_native,2397460,2427127,1.012374,INCOMPLETE
10000,diagonal_xyz,3,256,1,predicted,hypothetical_suppression,2397460,29667,0.012374,INCOMPLETE
10000,diagonal_xyz,3,256,4,relative,retained_native,9589840,9620265,1.003173,INCOMPLETE
10000,diagonal_xyz,3,256,4,relative,hypothetical_suppression,9589840,7222805,0.753173,INCOMPLETE
10000,diagonal_xyz,3,256,4,predicted,retained_native,9589840,9619507,1.003094,INCOMPLETE
10000,diagonal_xyz,3,256,4,predicted,hypothetical_suppression,9589840,7222047,0.753094,INCOMPLETE
10000,dispersed_xyz,1,-1,1,relative,retained_native,2197460,2875745,1.308668,INCOMPLETE
10000,dispersed_xyz,1,-1,1,relative,hypothetical_suppression,2197460,678285,0.308668,INCOMPLETE
10000,dispersed_xyz,1,-1,1,predicted,retained_native,2197460,2870105,1.306101,INCOMPLETE
10000,dispersed_xyz,1,-1,1,predicted,hypothetical_suppression,2197460,672645,0.306101,INCOMPLETE
10000,dispersed_xyz,1,-1,4,relative,retained_native,8789840,9468125,1.077167,INCOMPLETE
10000,dispersed_xyz,1,-1,4,relative,hypothetical_suppression,8789840,7270665,0.827167,INCOMPLETE
10000,dispersed_xyz,1,-1,4,predicted,retained_native,8789840,9462485,1.076525,INCOMPLETE
10000,dispersed_xyz,1,-1,4,predicted,hypothetical_suppression,8789840,7265025,0.826525,INCOMPLETE
10000,dispersed_xyz,1,256,1,relative,retained_native,2397460,2489005,1.038184,INCOMPLETE
10000,dispersed_xyz,1,256,1,relative,hypothetical_suppression,2397460,91545,0.038184,INCOMPLETE
10000,dispersed_xyz,1,256,1,predicted,retained_native,2397460,2485286,1.036633,INCOMPLETE
10000,dispersed_xyz,1,256,1,predicted,hypothetical_suppression,2397460,87826,0.036633,INCOMPLETE
10000,dispersed_xyz,1,256,4,relative,retained_native,9589840,9681385,1.009546,INCOMPLETE
10000,dispersed_xyz,1,256,4,relative,hypothetical_suppression,9589840,7283925,0.759546,INCOMPLETE
10000,dispersed_xyz,1,256,4,predicted,retained_native,9589840,9677666,1.009158,INCOMPLETE
10000,dispersed_xyz,1,256,4,predicted,hypothetical_suppression,9589840,7280206,0.759158,INCOMPLETE
10000,dispersed_xyz,3,-1,1,relative,retained_native,2197460,2423465,1.102848,INCOMPLETE
10000,dispersed_xyz,3,-1,1,relative,hypothetical_suppression,2197460,226005,0.102848,INCOMPLETE
10000,dispersed_xyz,3,-1,1,predicted,retained_native,2197460,2422145,1.102248,INCOMPLETE
10000,dispersed_xyz,3,-1,1,predicted,hypothetical_suppression,2197460,224685,0.102248,INCOMPLETE
10000,dispersed_xyz,3,-1,4,relative,retained_native,8789840,9015845,1.025712,INCOMPLETE
10000,dispersed_xyz,3,-1,4,relative,hypothetical_suppression,8789840,6818385,0.775712,INCOMPLETE
10000,dispersed_xyz,3,-1,4,predicted,retained_native,8789840,9014525,1.025562,INCOMPLETE
10000,dispersed_xyz,3,-1,4,predicted,hypothetical_suppression,8789840,6817065,0.775562,INCOMPLETE
10000,dispersed_xyz,3,256,1,relative,retained_native,2397460,2427885,1.012691,INCOMPLETE
10000,dispersed_xyz,3,256,1,relative,hypothetical_suppression,2397460,30425,0.012691,INCOMPLETE
10000,dispersed_xyz,3,256,1,predicted,retained_native,2397460,2427127,1.012374,INCOMPLETE
10000,dispersed_xyz,3,256,1,predicted,hypothetical_suppression,2397460,29667,0.012374,INCOMPLETE
10000,dispersed_xyz,3,256,4,relative,retained_native,9589840,9620265,1.003173,INCOMPLETE
10000,dispersed_xyz,3,256,4,relative,hypothetical_suppression,9589840,7222805,0.753173,INCOMPLETE
10000,dispersed_xyz,3,256,4,predicted,retained_native,9589840,9619507,1.003094,INCOMPLETE
10000,dispersed_xyz,3,256,4,predicted,hypothetical_suppression,9589840,7222047,0.753094,INCOMPLETE
10000,divergent_xyz,1,-1,1,relative,retained_native,2197460,5956109,2.710452,OVER_BUDGET
10000,divergent_xyz,1,-1,1,relative,hypothetical_suppression,2197460,3758649,1.710452,OVER_BUDGET
10000,divergent_xyz,1,-1,1,predicted,retained_native,2197460,3782063,1.721107,OVER_BUDGET
10000,divergent_xyz,1,-1,1,predicted,hypothetical_suppression,2197460,1584603,0.721107,INCOMPLETE
10000,divergent_xyz,1,-1,4,relative,retained_native,8789840,12548489,1.427613,INCOMPLETE
10000,divergent_xyz,1,-1,4,relative,hypothetical_suppression,8789840,10351029,1.177613,INCOMPLETE
10000,divergent_xyz,1,-1,4,predicted,retained_native,8789840,10374443,1.180277,INCOMPLETE
10000,divergent_xyz,1,-1,4,predicted,hypothetical_suppression,8789840,8176983,0.930277,INCOMPLETE
10000,divergent_xyz,1,256,1,relative,retained_native,2397460,5387938,2.247353,OVER_BUDGET
10000,divergent_xyz,1,256,1,relative,hypothetical_suppression,2397460,2990478,1.247353,INCOMPLETE
10000,divergent_xyz,1,256,1,predicted,retained_native,2397460,3138589,1.309131,INCOMPLETE
10000,divergent_xyz,1,256,1,predicted,hypothetical_suppression,2397460,741129,0.309131,INCOMPLETE
10000,divergent_xyz,1,256,4,relative,retained_native,9589840,12580318,1.311838,INCOMPLETE
10000,divergent_xyz,1,256,4,relative,hypothetical_suppression,9589840,10182858,1.061838,INCOMPLETE
10000,divergent_xyz,1,256,4,predicted,retained_native,9589840,10330969,1.077283,INCOMPLETE
10000,divergent_xyz,1,256,4,predicted,hypothetical_suppression,9589840,7933509,0.827283,INCOMPLETE
10000,divergent_xyz,3,-1,1,relative,retained_native,2197460,3561025,1.620519,OVER_BUDGET
10000,divergent_xyz,3,-1,1,relative,hypothetical_suppression,2197460,1363565,0.620519,INCOMPLETE
10000,divergent_xyz,3,-1,1,predicted,retained_native,2197460,2764815,1.258187,INCOMPLETE
10000,divergent_xyz,3,-1,1,predicted,hypothetical_suppression,2197460,567355,0.258187,INCOMPLETE
10000,divergent_xyz,3,-1,4,relative,retained_native,8789840,10153405,1.155130,INCOMPLETE
10000,divergent_xyz,3,-1,4,relative,hypothetical_suppression,8789840,7955945,0.905130,INCOMPLETE
10000,divergent_xyz,3,-1,4,predicted,retained_native,8789840,9357195,1.064547,INCOMPLETE
10000,divergent_xyz,3,-1,4,predicted,hypothetical_suppression,8789840,7159735,0.814547,INCOMPLETE
10000,divergent_xyz,3,256,1,relative,retained_native,2397460,3530142,1.472451,INCOMPLETE
10000,divergent_xyz,3,256,1,relative,hypothetical_suppression,2397460,1132682,0.472451,INCOMPLETE
10000,divergent_xyz,3,256,1,predicted,retained_native,2397460,2682798,1.119017,INCOMPLETE
10000,divergent_xyz,3,256,1,predicted,hypothetical_suppression,2397460,285338,0.119017,INCOMPLETE
10000,divergent_xyz,3,256,4,relative,retained_native,9589840,10722522,1.118113,INCOMPLETE
10000,divergent_xyz,3,256,4,relative,hypothetical_suppression,9589840,8325062,0.868113,INCOMPLETE
10000,divergent_xyz,3,256,4,predicted,retained_native,9589840,9875178,1.029754,INCOMPLETE
10000,divergent_xyz,3,256,4,predicted,hypothetical_suppression,9589840,7477718,0.779754,INCOMPLETE
65536,line_x,1,-1,1,relative,retained_native,15398440,19785751,1.284919,INCOMPLETE
65536,line_x,1,-1,1,relative,hypothetical_suppression,15398440,4387311,0.284919,INCOMPLETE
65536,line_x,1,-1,1,predicted,retained_native,15398440,19773719,1.284138,INCOMPLETE
65536,line_x,1,-1,1,predicted,hypothetical_suppression,15398440,4375279,0.284138,INCOMPLETE
65536,line_x,1,-1,4,relative,retained_native,61593760,65981071,1.071230,INCOMPLETE
65536,line_x,1,-1,4,relative,hypothetical_suppression,61593760,50582631,0.821230,INCOMPLETE
65536,line_x,1,-1,4,predicted,retained_native,61593760,65969039,1.071034,INCOMPLETE
65536,line_x,1,-1,4,predicted,hypothetical_suppression,61593760,50570599,0.821034,INCOMPLETE
65536,line_x,1,256,1,relative,retained_native,16709160,17271891,1.033678,INCOMPLETE
65536,line_x,1,256,1,relative,hypothetical_suppression,16709160,562731,0.033678,INCOMPLETE
65536,line_x,1,256,1,predicted,retained_native,16709160,17251779,1.032474,INCOMPLETE
65536,line_x,1,256,1,predicted,hypothetical_suppression,16709160,542619,0.032474,INCOMPLETE
65536,line_x,1,256,4,relative,retained_native,66836640,67399371,1.008419,INCOMPLETE
65536,line_x,1,256,4,relative,hypothetical_suppression,66836640,50690211,0.758419,INCOMPLETE
65536,line_x,1,256,4,predicted,retained_native,66836640,67379259,1.008119,INCOMPLETE
65536,line_x,1,256,4,predicted,hypothetical_suppression,66836640,50670099,0.758119,INCOMPLETE
65536,line_x,3,-1,1,relative,retained_native,15398440,16860791,1.094967,INCOMPLETE
65536,line_x,3,-1,1,relative,hypothetical_suppression,15398440,1462351,0.094967,INCOMPLETE
65536,line_x,3,-1,1,predicted,retained_native,15398440,16857975,1.094785,INCOMPLETE
65536,line_x,3,-1,1,predicted,hypothetical_suppression,15398440,1459535,0.094785,INCOMPLETE
65536,line_x,3,-1,4,relative,retained_native,61593760,63056111,1.023742,INCOMPLETE
65536,line_x,3,-1,4,relative,hypothetical_suppression,61593760,47657671,0.773742,INCOMPLETE
65536,line_x,3,-1,4,predicted,retained_native,61593760,63053295,1.023696,INCOMPLETE
65536,line_x,3,-1,4,predicted,hypothetical_suppression,61593760,47654855,0.773696,INCOMPLETE
65536,line_x,3,256,1,relative,retained_native,16709160,16896651,1.011221,INCOMPLETE
65536,line_x,3,256,1,relative,hypothetical_suppression,16709160,187491,0.011221,INCOMPLETE
65536,line_x,3,256,1,predicted,retained_native,16709160,16892027,1.010944,INCOMPLETE
65536,line_x,3,256,1,predicted,hypothetical_suppression,16709160,182867,0.010944,INCOMPLETE
65536,line_x,3,256,4,relative,retained_native,66836640,67024131,1.002805,INCOMPLETE
65536,line_x,3,256,4,relative,hypothetical_suppression,66836640,50314971,0.752805,INCOMPLETE
65536,line_x,3,256,4,predicted,retained_native,66836640,67019507,1.002736,INCOMPLETE
65536,line_x,3,256,4,predicted,hypothetical_suppression,66836640,50310347,0.752736,INCOMPLETE
65536,diagonal_xyz,1,-1,1,relative,retained_native,15398440,19816471,1.286914,INCOMPLETE
65536,diagonal_xyz,1,-1,1,relative,hypothetical_suppression,15398440,4418031,0.286914,INCOMPLETE
65536,diagonal_xyz,1,-1,1,predicted,retained_native,15398440,19780375,1.284570,INCOMPLETE
65536,diagonal_xyz,1,-1,1,predicted,hypothetical_suppression,15398440,4381935,0.284570,INCOMPLETE
65536,diagonal_xyz,1,-1,4,relative,retained_native,61593760,66011791,1.071729,INCOMPLETE
65536,diagonal_xyz,1,-1,4,relative,hypothetical_suppression,61593760,50613351,0.821729,INCOMPLETE
65536,diagonal_xyz,1,-1,4,predicted,retained_native,61593760,65975695,1.071143,INCOMPLETE
65536,diagonal_xyz,1,-1,4,predicted,hypothetical_suppression,61593760,50577255,0.821143,INCOMPLETE
65536,diagonal_xyz,1,256,1,relative,retained_native,16709160,17279571,1.034138,INCOMPLETE
65536,diagonal_xyz,1,256,1,relative,hypothetical_suppression,16709160,570411,0.034138,INCOMPLETE
65536,diagonal_xyz,1,256,1,predicted,retained_native,16709160,17255363,1.032689,INCOMPLETE
65536,diagonal_xyz,1,256,1,predicted,hypothetical_suppression,16709160,546203,0.032689,INCOMPLETE
65536,diagonal_xyz,1,256,4,relative,retained_native,66836640,67407051,1.008534,INCOMPLETE
65536,diagonal_xyz,1,256,4,relative,hypothetical_suppression,66836640,50697891,0.758534,INCOMPLETE
65536,diagonal_xyz,1,256,4,predicted,retained_native,66836640,67382843,1.008172,INCOMPLETE
65536,diagonal_xyz,1,256,4,predicted,hypothetical_suppression,66836640,50673683,0.758172,INCOMPLETE
65536,diagonal_xyz,3,-1,1,relative,retained_native,15398440,16871031,1.095632,INCOMPLETE
65536,diagonal_xyz,3,-1,1,relative,hypothetical_suppression,15398440,1472591,0.095632,INCOMPLETE
65536,diagonal_xyz,3,-1,1,predicted,retained_native,15398440,16862583,1.095084,INCOMPLETE
65536,diagonal_xyz,3,-1,1,predicted,hypothetical_suppression,15398440,1464143,0.095084,INCOMPLETE
65536,diagonal_xyz,3,-1,4,relative,retained_native,61593760,63066351,1.023908,INCOMPLETE
65536,diagonal_xyz,3,-1,4,relative,hypothetical_suppression,61593760,47667911,0.773908,INCOMPLETE
65536,diagonal_xyz,3,-1,4,predicted,retained_native,61593760,63057903,1.023771,INCOMPLETE
65536,diagonal_xyz,3,-1,4,predicted,hypothetical_suppression,61593760,47659463,0.773771,INCOMPLETE
65536,diagonal_xyz,3,256,1,relative,retained_native,16709160,16899211,1.011374,INCOMPLETE
65536,diagonal_xyz,3,256,1,relative,hypothetical_suppression,16709160,190051,0.011374,INCOMPLETE
65536,diagonal_xyz,3,256,1,predicted,retained_native,16709160,16894459,1.011090,INCOMPLETE
65536,diagonal_xyz,3,256,1,predicted,hypothetical_suppression,16709160,185299,0.011090,INCOMPLETE
65536,diagonal_xyz,3,256,4,relative,retained_native,66836640,67026691,1.002844,INCOMPLETE
65536,diagonal_xyz,3,256,4,relative,hypothetical_suppression,66836640,50317531,0.752844,INCOMPLETE
65536,diagonal_xyz,3,256,4,predicted,retained_native,66836640,67021939,1.002772,INCOMPLETE
65536,diagonal_xyz,3,256,4,predicted,hypothetical_suppression,66836640,50312779,0.752772,INCOMPLETE
65536,dispersed_xyz,1,-1,1,relative,retained_native,15398440,19816471,1.286914,INCOMPLETE
65536,dispersed_xyz,1,-1,1,relative,hypothetical_suppression,15398440,4418031,0.286914,INCOMPLETE
65536,dispersed_xyz,1,-1,1,predicted,retained_native,15398440,19780375,1.284570,INCOMPLETE
65536,dispersed_xyz,1,-1,1,predicted,hypothetical_suppression,15398440,4381935,0.284570,INCOMPLETE
65536,dispersed_xyz,1,-1,4,relative,retained_native,61593760,66011791,1.071729,INCOMPLETE
65536,dispersed_xyz,1,-1,4,relative,hypothetical_suppression,61593760,50613351,0.821729,INCOMPLETE
65536,dispersed_xyz,1,-1,4,predicted,retained_native,61593760,65975695,1.071143,INCOMPLETE
65536,dispersed_xyz,1,-1,4,predicted,hypothetical_suppression,61593760,50577255,0.821143,INCOMPLETE
65536,dispersed_xyz,1,256,1,relative,retained_native,16709160,17279571,1.034138,INCOMPLETE
65536,dispersed_xyz,1,256,1,relative,hypothetical_suppression,16709160,570411,0.034138,INCOMPLETE
65536,dispersed_xyz,1,256,1,predicted,retained_native,16709160,17255363,1.032689,INCOMPLETE
65536,dispersed_xyz,1,256,1,predicted,hypothetical_suppression,16709160,546203,0.032689,INCOMPLETE
65536,dispersed_xyz,1,256,4,relative,retained_native,66836640,67407051,1.008534,INCOMPLETE
65536,dispersed_xyz,1,256,4,relative,hypothetical_suppression,66836640,50697891,0.758534,INCOMPLETE
65536,dispersed_xyz,1,256,4,predicted,retained_native,66836640,67382843,1.008172,INCOMPLETE
65536,dispersed_xyz,1,256,4,predicted,hypothetical_suppression,66836640,50673683,0.758172,INCOMPLETE
65536,dispersed_xyz,3,-1,1,relative,retained_native,15398440,16871031,1.095632,INCOMPLETE
65536,dispersed_xyz,3,-1,1,relative,hypothetical_suppression,15398440,1472591,0.095632,INCOMPLETE
65536,dispersed_xyz,3,-1,1,predicted,retained_native,15398440,16862583,1.095084,INCOMPLETE
65536,dispersed_xyz,3,-1,1,predicted,hypothetical_suppression,15398440,1464143,0.095084,INCOMPLETE
65536,dispersed_xyz,3,-1,4,relative,retained_native,61593760,63066351,1.023908,INCOMPLETE
65536,dispersed_xyz,3,-1,4,relative,hypothetical_suppression,61593760,47667911,0.773908,INCOMPLETE
65536,dispersed_xyz,3,-1,4,predicted,retained_native,61593760,63057903,1.023771,INCOMPLETE
65536,dispersed_xyz,3,-1,4,predicted,hypothetical_suppression,61593760,47659463,0.773771,INCOMPLETE
65536,dispersed_xyz,3,256,1,relative,retained_native,16709160,16899211,1.011374,INCOMPLETE
65536,dispersed_xyz,3,256,1,relative,hypothetical_suppression,16709160,190051,0.011374,INCOMPLETE
65536,dispersed_xyz,3,256,1,predicted,retained_native,16709160,16894459,1.011090,INCOMPLETE
65536,dispersed_xyz,3,256,1,predicted,hypothetical_suppression,16709160,185299,0.011090,INCOMPLETE
65536,dispersed_xyz,3,256,4,relative,retained_native,66836640,67026691,1.002844,INCOMPLETE
65536,dispersed_xyz,3,256,4,relative,hypothetical_suppression,66836640,50317531,0.752844,INCOMPLETE
65536,dispersed_xyz,3,256,4,predicted,retained_native,66836640,67021939,1.002772,INCOMPLETE
65536,dispersed_xyz,3,256,4,predicted,hypothetical_suppression,66836640,50312779,0.752772,INCOMPLETE
65536,divergent_xyz,1,-1,1,relative,retained_native,15398440,39946411,2.594186,OVER_BUDGET
65536,divergent_xyz,1,-1,1,relative,hypothetical_suppression,15398440,24547971,1.594186,OVER_BUDGET
65536,divergent_xyz,1,-1,1,predicted,retained_native,15398440,25760139,1.672906,OVER_BUDGET
65536,divergent_xyz,1,-1,1,predicted,hypothetical_suppression,15398440,10361699,0.672906,INCOMPLETE
65536,divergent_xyz,1,-1,4,relative,retained_native,61593760,86141731,1.398546,INCOMPLETE
65536,divergent_xyz,1,-1,4,relative,hypothetical_suppression,61593760,70743291,1.148546,INCOMPLETE
65536,divergent_xyz,1,-1,4,predicted,retained_native,61593760,71955459,1.168226,INCOMPLETE
65536,divergent_xyz,1,-1,4,predicted,hypothetical_suppression,61593760,56557019,0.918226,INCOMPLETE
65536,divergent_xyz,1,256,1,relative,retained_native,16709160,36234206,2.168523,OVER_BUDGET
65536,divergent_xyz,1,256,1,relative,hypothetical_suppression,16709160,19525046,1.168523,INCOMPLETE
65536,divergent_xyz,1,256,1,predicted,retained_native,16709160,21530847,1.288565,INCOMPLETE
65536,divergent_xyz,1,256,1,predicted,hypothetical_suppression,16709160,4821687,0.288565,INCOMPLETE
65536,divergent_xyz,1,256,4,relative,retained_native,66836640,86361686,1.292131,INCOMPLETE
65536,divergent_xyz,1,256,4,relative,hypothetical_suppression,66836640,69652526,1.042131,INCOMPLETE
65536,divergent_xyz,1,256,4,predicted,retained_native,66836640,71658327,1.072141,INCOMPLETE
65536,divergent_xyz,1,256,4,predicted,hypothetical_suppression,66836640,54949167,0.822141,INCOMPLETE
65536,divergent_xyz,3,-1,1,relative,retained_native,15398440,24316843,1.579176,OVER_BUDGET
65536,divergent_xyz,3,-1,1,relative,hypothetical_suppression,15398440,8918403,0.579176,INCOMPLETE
65536,divergent_xyz,3,-1,1,predicted,retained_native,15398440,19114880,1.241352,INCOMPLETE
65536,divergent_xyz,3,-1,1,predicted,hypothetical_suppression,15398440,3716440,0.241352,INCOMPLETE
65536,divergent_xyz,3,-1,4,relative,retained_native,61593760,70512163,1.144794,INCOMPLETE
65536,divergent_xyz,3,-1,4,relative,hypothetical_suppression,61593760,55113723,0.894794,INCOMPLETE
65536,divergent_xyz,3,-1,4,predicted,retained_native,61593760,65310200,1.060338,INCOMPLETE
65536,divergent_xyz,3,-1,4,predicted,hypothetical_suppression,61593760,49911760,0.810338,INCOMPLETE
65536,divergent_xyz,3,256,1,relative,retained_native,16709160,24113401,1.443125,INCOMPLETE
65536,divergent_xyz,3,256,1,relative,hypothetical_suppression,16709160,7404241,0.443125,INCOMPLETE
65536,divergent_xyz,3,256,1,predicted,retained_native,16709160,18570327,1.111386,INCOMPLETE
65536,divergent_xyz,3,256,1,predicted,hypothetical_suppression,16709160,1861167,0.111386,INCOMPLETE
65536,divergent_xyz,3,256,4,relative,retained_native,66836640,74240881,1.110781,INCOMPLETE
65536,divergent_xyz,3,256,4,relative,hypothetical_suppression,66836640,57531721,0.860781,INCOMPLETE
65536,divergent_xyz,3,256,4,predicted,retained_native,66836640,68697807,1.027847,INCOMPLETE
65536,divergent_xyz,3,256,4,predicted,hypothetical_suppression,66836640,51988647,0.777847,INCOMPLETE
131072,line_x,1,-1,1,relative,retained_native,31127080,39899671,1.281831,INCOMPLETE
131072,line_x,1,-1,1,relative,hypothetical_suppression,31127080,8772591,0.281831,INCOMPLETE
131072,line_x,1,-1,1,predicted,retained_native,31127080,39875607,1.281058,INCOMPLETE
131072,line_x,1,-1,1,predicted,hypothetical_suppression,31127080,8748527,0.281058,INCOMPLETE
131072,line_x,1,-1,4,relative,retained_native,124508320,133280911,1.070458,INCOMPLETE
131072,line_x,1,-1,4,relative,hypothetical_suppression,124508320,102153831,0.820458,INCOMPLETE
131072,line_x,1,-1,4,predicted,retained_native,124508320,133256847,1.070265,INCOMPLETE
131072,line_x,1,-1,4,predicted,hypothetical_suppression,124508320,102129767,0.820265,INCOMPLETE
131072,line_x,1,256,1,relative,retained_native,33748520,34871891,1.033287,INCOMPLETE
131072,line_x,1,256,1,relative,hypothetical_suppression,33748520,1123371,0.033287,INCOMPLETE
131072,line_x,1,256,1,predicted,retained_native,33748520,34833495,1.032149,INCOMPLETE
131072,line_x,1,256,1,predicted,hypothetical_suppression,33748520,1084975,0.032149,INCOMPLETE
131072,line_x,1,256,4,relative,retained_native,134994080,136117451,1.008322,INCOMPLETE
131072,line_x,1,256,4,relative,hypothetical_suppression,134994080,102368931,0.758322,INCOMPLETE
131072,line_x,1,256,4,predicted,retained_native,134994080,136079055,1.008037,INCOMPLETE
131072,line_x,1,256,4,predicted,hypothetical_suppression,134994080,102330535,0.758037,INCOMPLETE
131072,line_x,3,-1,1,relative,retained_native,31127080,34051191,1.093941,INCOMPLETE
131072,line_x,3,-1,1,relative,hypothetical_suppression,31127080,2924111,0.093941,INCOMPLETE
131072,line_x,3,-1,1,predicted,retained_native,31127080,34045559,1.093760,INCOMPLETE
131072,line_x,3,-1,1,predicted,hypothetical_suppression,31127080,2918479,0.093760,INCOMPLETE
131072,line_x,3,-1,4,relative,retained_native,124508320,127432431,1.023485,INCOMPLETE
131072,line_x,3,-1,4,relative,hypothetical_suppression,124508320,96305351,0.773485,INCOMPLETE
131072,line_x,3,-1,4,predicted,retained_native,124508320,127426799,1.023440,INCOMPLETE
131072,line_x,3,-1,4,predicted,hypothetical_suppression,124508320,96299719,0.773440,INCOMPLETE
131072,line_x,3,256,1,relative,retained_native,33748520,34122891,1.011093,INCOMPLETE
131072,line_x,3,256,1,relative,hypothetical_suppression,33748520,374371,0.011093,INCOMPLETE
131072,line_x,3,256,1,predicted,retained_native,33748520,34113967,1.010829,INCOMPLETE
131072,line_x,3,256,1,predicted,hypothetical_suppression,33748520,365447,0.010829,INCOMPLETE
131072,line_x,3,256,4,relative,retained_native,134994080,135368451,1.002773,INCOMPLETE
131072,line_x,3,256,4,relative,hypothetical_suppression,134994080,101619931,0.752773,INCOMPLETE
131072,line_x,3,256,4,predicted,retained_native,134994080,135359527,1.002707,INCOMPLETE
131072,line_x,3,256,4,predicted,hypothetical_suppression,134994080,101611007,0.752707,INCOMPLETE
131072,diagonal_xyz,1,-1,1,relative,retained_native,31127080,39961111,1.283805,INCOMPLETE
131072,diagonal_xyz,1,-1,1,relative,hypothetical_suppression,31127080,8834031,0.283805,INCOMPLETE
131072,diagonal_xyz,1,-1,1,predicted,retained_native,31127080,39888919,1.281486,INCOMPLETE
131072,diagonal_xyz,1,-1,1,predicted,hypothetical_suppression,31127080,8761839,0.281486,INCOMPLETE
131072,diagonal_xyz,1,-1,4,relative,retained_native,124508320,133342351,1.070951,INCOMPLETE
131072,diagonal_xyz,1,-1,4,relative,hypothetical_suppression,124508320,102215271,0.820951,INCOMPLETE
131072,diagonal_xyz,1,-1,4,predicted,retained_native,124508320,133270159,1.070372,INCOMPLETE
131072,diagonal_xyz,1,-1,4,predicted,hypothetical_suppression,124508320,102143079,0.820372,INCOMPLETE
131072,diagonal_xyz,1,256,1,relative,retained_native,33748520,34887251,1.033742,INCOMPLETE
131072,diagonal_xyz,1,256,1,relative,hypothetical_suppression,33748520,1138731,0.033742,INCOMPLETE
131072,diagonal_xyz,1,256,1,predicted,retained_native,33748520,34840375,1.032353,INCOMPLETE
131072,diagonal_xyz,1,256,1,predicted,hypothetical_suppression,33748520,1091855,0.032353,INCOMPLETE
131072,diagonal_xyz,1,256,4,relative,retained_native,134994080,136132811,1.008435,INCOMPLETE
131072,diagonal_xyz,1,256,4,relative,hypothetical_suppression,134994080,102384291,0.758435,INCOMPLETE
131072,diagonal_xyz,1,256,4,predicted,retained_native,134994080,136085935,1.008088,INCOMPLETE
131072,diagonal_xyz,1,256,4,predicted,hypothetical_suppression,134994080,102337415,0.758088,INCOMPLETE
131072,diagonal_xyz,3,-1,1,relative,retained_native,31127080,34071671,1.094599,INCOMPLETE
131072,diagonal_xyz,3,-1,1,relative,hypothetical_suppression,31127080,2944591,0.094599,INCOMPLETE
131072,diagonal_xyz,3,-1,1,predicted,retained_native,31127080,34054775,1.094056,INCOMPLETE
131072,diagonal_xyz,3,-1,1,predicted,hypothetical_suppression,31127080,2927695,0.094056,INCOMPLETE
131072,diagonal_xyz,3,-1,4,relative,retained_native,124508320,127452911,1.023650,INCOMPLETE
131072,diagonal_xyz,3,-1,4,relative,hypothetical_suppression,124508320,96325831,0.773650,INCOMPLETE
131072,diagonal_xyz,3,-1,4,predicted,retained_native,124508320,127436015,1.023514,INCOMPLETE
131072,diagonal_xyz,3,-1,4,predicted,hypothetical_suppression,124508320,96308935,0.773514,INCOMPLETE
131072,diagonal_xyz,3,256,1,relative,retained_native,33748520,34128011,1.011245,INCOMPLETE
131072,diagonal_xyz,3,256,1,relative,hypothetical_suppression,33748520,379491,0.011245,INCOMPLETE
131072,diagonal_xyz,3,256,1,predicted,retained_native,33748520,34118639,1.010967,INCOMPLETE
131072,diagonal_xyz,3,256,1,predicted,hypothetical_suppression,33748520,370119,0.010967,INCOMPLETE
131072,diagonal_xyz,3,256,4,relative,retained_native,134994080,135373571,1.002811,INCOMPLETE
131072,diagonal_xyz,3,256,4,relative,hypothetical_suppression,134994080,101625051,0.752811,INCOMPLETE
131072,diagonal_xyz,3,256,4,predicted,retained_native,134994080,135364199,1.002742,INCOMPLETE
131072,diagonal_xyz,3,256,4,predicted,hypothetical_suppression,134994080,101615679,0.752742,INCOMPLETE
131072,dispersed_xyz,1,-1,1,relative,retained_native,31127080,39961111,1.283805,INCOMPLETE
131072,dispersed_xyz,1,-1,1,relative,hypothetical_suppression,31127080,8834031,0.283805,INCOMPLETE
131072,dispersed_xyz,1,-1,1,predicted,retained_native,31127080,39888919,1.281486,INCOMPLETE
131072,dispersed_xyz,1,-1,1,predicted,hypothetical_suppression,31127080,8761839,0.281486,INCOMPLETE
131072,dispersed_xyz,1,-1,4,relative,retained_native,124508320,133342351,1.070951,INCOMPLETE
131072,dispersed_xyz,1,-1,4,relative,hypothetical_suppression,124508320,102215271,0.820951,INCOMPLETE
131072,dispersed_xyz,1,-1,4,predicted,retained_native,124508320,133270159,1.070372,INCOMPLETE
131072,dispersed_xyz,1,-1,4,predicted,hypothetical_suppression,124508320,102143079,0.820372,INCOMPLETE
131072,dispersed_xyz,1,256,1,relative,retained_native,33748520,34887251,1.033742,INCOMPLETE
131072,dispersed_xyz,1,256,1,relative,hypothetical_suppression,33748520,1138731,0.033742,INCOMPLETE
131072,dispersed_xyz,1,256,1,predicted,retained_native,33748520,34840375,1.032353,INCOMPLETE
131072,dispersed_xyz,1,256,1,predicted,hypothetical_suppression,33748520,1091855,0.032353,INCOMPLETE
131072,dispersed_xyz,1,256,4,relative,retained_native,134994080,136132811,1.008435,INCOMPLETE
131072,dispersed_xyz,1,256,4,relative,hypothetical_suppression,134994080,102384291,0.758435,INCOMPLETE
131072,dispersed_xyz,1,256,4,predicted,retained_native,134994080,136085935,1.008088,INCOMPLETE
131072,dispersed_xyz,1,256,4,predicted,hypothetical_suppression,134994080,102337415,0.758088,INCOMPLETE
131072,dispersed_xyz,3,-1,1,relative,retained_native,31127080,34071671,1.094599,INCOMPLETE
131072,dispersed_xyz,3,-1,1,relative,hypothetical_suppression,31127080,2944591,0.094599,INCOMPLETE
131072,dispersed_xyz,3,-1,1,predicted,retained_native,31127080,34054775,1.094056,INCOMPLETE
131072,dispersed_xyz,3,-1,1,predicted,hypothetical_suppression,31127080,2927695,0.094056,INCOMPLETE
131072,dispersed_xyz,3,-1,4,relative,retained_native,124508320,127452911,1.023650,INCOMPLETE
131072,dispersed_xyz,3,-1,4,relative,hypothetical_suppression,124508320,96325831,0.773650,INCOMPLETE
131072,dispersed_xyz,3,-1,4,predicted,retained_native,124508320,127436015,1.023514,INCOMPLETE
131072,dispersed_xyz,3,-1,4,predicted,hypothetical_suppression,124508320,96308935,0.773514,INCOMPLETE
131072,dispersed_xyz,3,256,1,relative,retained_native,33748520,34128011,1.011245,INCOMPLETE
131072,dispersed_xyz,3,256,1,relative,hypothetical_suppression,33748520,379491,0.011245,INCOMPLETE
131072,dispersed_xyz,3,256,1,predicted,retained_native,33748520,34118639,1.010967,INCOMPLETE
131072,dispersed_xyz,3,256,1,predicted,hypothetical_suppression,33748520,370119,0.010967,INCOMPLETE
131072,dispersed_xyz,3,256,4,relative,retained_native,134994080,135373571,1.002811,INCOMPLETE
131072,dispersed_xyz,3,256,4,relative,hypothetical_suppression,134994080,101625051,0.752811,INCOMPLETE
131072,dispersed_xyz,3,256,4,predicted,retained_native,134994080,135364199,1.002742,INCOMPLETE
131072,dispersed_xyz,3,256,4,predicted,hypothetical_suppression,134994080,101615679,0.752742,INCOMPLETE
131072,divergent_xyz,1,-1,1,relative,retained_native,31127080,80228719,2.577457,OVER_BUDGET
131072,divergent_xyz,1,-1,1,relative,hypothetical_suppression,31127080,49101639,1.577457,OVER_BUDGET
131072,divergent_xyz,1,-1,1,predicted,retained_native,31127080,51865815,1.666260,OVER_BUDGET
131072,divergent_xyz,1,-1,1,predicted,hypothetical_suppression,31127080,20738735,0.666260,INCOMPLETE
131072,divergent_xyz,1,-1,4,relative,retained_native,124508320,173609959,1.394364,INCOMPLETE
131072,divergent_xyz,1,-1,4,relative,hypothetical_suppression,124508320,142482879,1.144364,INCOMPLETE
131072,divergent_xyz,1,-1,4,predicted,retained_native,124508320,145247055,1.166565,INCOMPLETE
131072,divergent_xyz,1,-1,4,predicted,hypothetical_suppression,124508320,114119975,0.916565,INCOMPLETE
131072,divergent_xyz,1,256,1,relative,retained_native,33748520,72797945,2.157071,OVER_BUDGET
131072,divergent_xyz,1,256,1,relative,hypothetical_suppression,33748520,39049425,1.157071,INCOMPLETE
131072,divergent_xyz,1,256,1,predicted,retained_native,33748520,43400543,1.285998,INCOMPLETE
131072,divergent_xyz,1,256,1,predicted,hypothetical_suppression,33748520,9652023,0.285998,INCOMPLETE
131072,divergent_xyz,1,256,4,relative,retained_native,134994080,174043505,1.289268,INCOMPLETE
131072,divergent_xyz,1,256,4,relative,hypothetical_suppression,134994080,140294985,1.039268,INCOMPLETE
131072,divergent_xyz,1,256,4,predicted,retained_native,134994080,144646103,1.071500,INCOMPLETE
131072,divergent_xyz,1,256,4,predicted,hypothetical_suppression,134994080,110897583,0.821500,INCOMPLETE
131072,divergent_xyz,3,-1,1,relative,retained_native,31127080,48964815,1.573062,OVER_BUDGET
131072,divergent_xyz,3,-1,1,relative,hypothetical_suppression,31127080,17837735,0.573062,INCOMPLETE
131072,divergent_xyz,3,-1,1,predicted,retained_native,31127080,38562358,1.238868,INCOMPLETE
131072,divergent_xyz,3,-1,1,predicted,hypothetical_suppression,31127080,7435278,0.238868,INCOMPLETE
131072,divergent_xyz,3,-1,4,relative,retained_native,124508320,142346055,1.143265,INCOMPLETE
131072,divergent_xyz,3,-1,4,relative,hypothetical_suppression,124508320,111218975,0.893265,INCOMPLETE
131072,divergent_xyz,3,-1,4,predicted,retained_native,124508320,131943598,1.059717,INCOMPLETE
131072,divergent_xyz,3,-1,4,predicted,hypothetical_suppression,124508320,100816518,0.809717,INCOMPLETE
131072,divergent_xyz,3,256,1,relative,retained_native,33748520,48557597,1.438807,INCOMPLETE
131072,divergent_xyz,3,256,1,relative,hypothetical_suppression,33748520,14809077,0.438807,INCOMPLETE
131072,divergent_xyz,3,256,1,predicted,retained_native,33748520,37475010,1.110419,INCOMPLETE
131072,divergent_xyz,3,256,1,predicted,hypothetical_suppression,33748520,3726490,0.110419,INCOMPLETE
131072,divergent_xyz,3,256,4,relative,retained_native,134994080,149803157,1.109702,INCOMPLETE
131072,divergent_xyz,3,256,4,relative,hypothetical_suppression,134994080,116054637,0.859702,INCOMPLETE
131072,divergent_xyz,3,256,4,predicted,retained_native,134994080,138720570,1.027605,INCOMPLETE
131072,divergent_xyz,3,256,4,predicted,hypothetical_suppression,134994080,104972050,0.777605,INCOMPLETE
