count,transfer,run,gpu_p50_ms,gpu_p95_ms,cpu_submit_p50_ms,cpu_submit_p95_ms,cpu_poll_p50_ms,cpu_poll_p95_ms,cpu_emergency_decode_p50_ms,cpu_emergency_decode_p95_ms,readback_bytes,storage_bytes
10000,DEVICE_COPY,0,0.186368,0.212992,0.0054,0.0086,0.0022,0.0029,0.4217,0.7902,1280000,6400000
10000,DEVICE_COPY,1,0.191488,0.203776,0.0059,0.007,0.0022,0.0028,0.3028,0.3946,1280000,6400000
10000,DEVICE_COPY,2,0.190464,0.216064,0.006,0.0068,0.0026,0.0031,1.0628,1.1646,1280000,6400000
10000,DIRECT,0,0.218112,0.229376,0.004,0.0052,0.0019,0.0023,0.2831,0.6003,1280000,5120000
10000,DIRECT,1,0.218112,0.22528,0.004,0.0042,0.0019,0.002,0.2798,0.4366,1280000,5120000
10000,DIRECT,2,0.218112,0.228352,0.0039,0.0046,0.0019,0.0022,0.2813,0.2909,1280000,5120000
65536,DEVICE_COPY,0,0.77824,0.804864,0.0046,0.0054,0.002,0.0023,1.852,1.9009,8388608,41943040
65536,DEVICE_COPY,1,0.770048,0.796672,0.0047,0.0061,0.002,0.0024,1.837,3.9761,8388608,41943040
65536,DEVICE_COPY,2,0.770048,0.799744,0.0047,0.0053,0.002,0.0022,1.8336,1.8528,8388608,41943040
65536,DIRECT,0,1.398784,1.417216,0.0045,0.0054,0.002,0.0027,1.8201,2.1538,8388608,33554432
65536,DIRECT,1,1.39776,1.426432,0.0044,0.0056,0.002,0.0027,1.8233,2.16,8388608,33554432
65536,DIRECT,2,1.399808,1.412096,0.0044,0.0055,0.002,0.0023,1.8172,2.1589,8388608,33554432
131072,DEVICE_COPY,0,1.572864,1.605632,0.0049,0.0057,0.0021,0.0027,3.6866,4.0233,16777216,83886080
131072,DEVICE_COPY,1,1.579008,1.6128,0.005,0.0059,0.0021,0.0024,3.6872,4.1583,16777216,83886080
131072,DEVICE_COPY,2,1.574912,1.610752,0.005,0.0058,0.002,0.0025,3.6943,4.0327,16777216,83886080
131072,DIRECT,0,2.760704,2.781184,0.0047,0.0055,0.0027,0.0033,3.8779,4.0385,16777216,67108864
131072,DIRECT,1,2.763776,5.392384,0.0046,0.0057,0.0027,0.003,3.8173,4.0658,16777216,67108864
131072,DIRECT,2,2.760704,5.39136,0.0046,0.0053,0.0027,0.0029,3.8263,4.0262,16777216,67108864
