packages,scene,cadence_ticks,compression_threshold,clients,logical_seconds,native_framed_bytes,relative_up_framed_bytes,ack_framed_bytes,retained_native_plus_gpu_framed_bytes,retained_ratio,hypothetical_authority_down_suppressed_framed_bytes,hypothetical_suppressed_ratio
10000,line_x,1,-1,1,3,2197460,669292,4193,2870945,1.306483,673485,0.306483
10000,line_x,1,-1,4,3,8789840,669292,4193,9463325,1.076621,7265865,0.826621
10000,line_x,1,256,1,3,2397460,86032,4253,2487745,1.037659,90285,0.037659
10000,line_x,1,256,4,3,9589840,86032,4253,9680125,1.009415,7282665,0.759415
10000,line_x,3,-1,1,3,2197460,223012,1393,2421865,1.102120,224405,0.102120
10000,line_x,3,-1,4,3,8789840,223012,1393,9014245,1.025530,6816785,0.775530
10000,line_x,3,256,1,3,2397460,28592,1413,2427465,1.012515,30005,0.012515
10000,line_x,3,256,4,3,9589840,28592,1413,9619845,1.003129,7222385,0.753129
10000,diagonal_xyz,1,-1,1,3,2197460,674092,4193,2875745,1.308668,678285,0.308668
10000,diagonal_xyz,1,-1,4,3,8789840,674092,4193,9468125,1.077167,7270665,0.827167
10000,diagonal_xyz,1,256,1,3,2397460,87292,4253,2489005,1.038184,91545,0.038184
10000,diagonal_xyz,1,256,4,3,9589840,87292,4253,9681385,1.009546,7283925,0.759546
10000,diagonal_xyz,3,-1,1,3,2197460,224612,1393,2423465,1.102848,226005,0.102848
10000,diagonal_xyz,3,-1,4,3,8789840,224612,1393,9015845,1.025712,6818385,0.775712
10000,diagonal_xyz,3,256,1,3,2397460,29012,1413,2427885,1.012691,30425,0.012691
10000,diagonal_xyz,3,256,4,3,9589840,29012,1413,9620265,1.003173,7222805,0.753173
10000,dispersed_xyz,1,-1,1,3,2197460,674092,4193,2875745,1.308668,678285,0.308668
10000,dispersed_xyz,1,-1,4,3,8789840,674092,4193,9468125,1.077167,7270665,0.827167
10000,dispersed_xyz,1,256,1,3,2397460,87292,4253,2489005,1.038184,91545,0.038184
10000,dispersed_xyz,1,256,4,3,9589840,87292,4253,9681385,1.009546,7283925,0.759546
10000,dispersed_xyz,3,-1,1,3,2197460,224612,1393,2423465,1.102848,226005,0.102848
10000,dispersed_xyz,3,-1,4,3,8789840,224612,1393,9015845,1.025712,6818385,0.775712
10000,dispersed_xyz,3,256,1,3,2397460,29012,1413,2427885,1.012691,30425,0.012691
10000,dispersed_xyz,3,256,4,3,9589840,29012,1413,9620265,1.003173,7222805,0.753173
10000,divergent_xyz,1,-1,1,3,2197460,3754456,4193,5956109,2.710452,3758649,1.710452
10000,divergent_xyz,1,-1,4,3,8789840,3754456,4193,12548489,1.427613,10351029,1.177613
10000,divergent_xyz,1,256,1,3,2397460,2986225,4253,5387938,2.247353,2990478,1.247353
10000,divergent_xyz,1,256,4,3,9589840,2986225,4253,12580318,1.311838,10182858,1.061838
10000,divergent_xyz,3,-1,1,3,2197460,1362172,1393,3561025,1.620519,1363565,0.620519
10000,divergent_xyz,3,-1,4,3,8789840,1362172,1393,10153405,1.155130,7955945,0.905130
10000,divergent_xyz,3,256,1,3,2397460,1131269,1413,3530142,1.472451,1132682,0.472451
10000,divergent_xyz,3,256,4,3,9589840,1131269,1413,10722522,1.118113,8325062,0.868113
65536,line_x,1,-1,1,3,15398440,4383052,4259,19785751,1.284919,4387311,0.284919
65536,line_x,1,-1,4,3,61593760,4383052,4259,65981071,1.071230,50582631,0.821230
65536,line_x,1,256,1,3,16709160,558412,4319,17271891,1.033678,562731,0.033678
65536,line_x,1,256,4,3,66836640,558412,4319,67399371,1.008419,50690211,0.758419
65536,line_x,3,-1,1,3,15398440,1460932,1419,16860791,1.094967,1462351,0.094967
65536,line_x,3,-1,4,3,61593760,1460932,1419,63056111,1.023742,47657671,0.773742
65536,line_x,3,256,1,3,16709160,186052,1439,16896651,1.011221,187491,0.011221
65536,line_x,3,256,4,3,66836640,186052,1439,67024131,1.002805,50314971,0.752805
65536,diagonal_xyz,1,-1,1,3,15398440,4413772,4259,19816471,1.286914,4418031,0.286914
65536,diagonal_xyz,1,-1,4,3,61593760,4413772,4259,66011791,1.071729,50613351,0.821729
65536,diagonal_xyz,1,256,1,3,16709160,566092,4319,17279571,1.034138,570411,0.034138
65536,diagonal_xyz,1,256,4,3,66836640,566092,4319,67407051,1.008534,50697891,0.758534
65536,diagonal_xyz,3,-1,1,3,15398440,1471172,1419,16871031,1.095632,1472591,0.095632
65536,diagonal_xyz,3,-1,4,3,61593760,1471172,1419,63066351,1.023908,47667911,0.773908
65536,diagonal_xyz,3,256,1,3,16709160,188612,1439,16899211,1.011374,190051,0.011374
65536,diagonal_xyz,3,256,4,3,66836640,188612,1439,67026691,1.002844,50317531,0.752844
65536,dispersed_xyz,1,-1,1,3,15398440,4413772,4259,19816471,1.286914,4418031,0.286914
65536,dispersed_xyz,1,-1,4,3,61593760,4413772,4259,66011791,1.071729,50613351,0.821729
65536,dispersed_xyz,1,256,1,3,16709160,566092,4319,17279571,1.034138,570411,0.034138
65536,dispersed_xyz,1,256,4,3,66836640,566092,4319,67407051,1.008534,50697891,0.758534
65536,dispersed_xyz,3,-1,1,3,15398440,1471172,1419,16871031,1.095632,1472591,0.095632
65536,dispersed_xyz,3,-1,4,3,61593760,1471172,1419,63066351,1.023908,47667911,0.773908
65536,dispersed_xyz,3,256,1,3,16709160,188612,1439,16899211,1.011374,190051,0.011374
65536,dispersed_xyz,3,256,4,3,66836640,188612,1439,67026691,1.002844,50317531,0.752844
65536,divergent_xyz,1,-1,1,3,15398440,24543712,4259,39946411,2.594186,24547971,1.594186
65536,divergent_xyz,1,-1,4,3,61593760,24543712,4259,86141731,1.398546,70743291,1.148546
65536,divergent_xyz,1,256,1,3,16709160,19520727,4319,36234206,2.168523,19525046,1.168523
65536,divergent_xyz,1,256,4,3,66836640,19520727,4319,86361686,1.292131,69652526,1.042131
65536,divergent_xyz,3,-1,1,3,15398440,8916984,1419,24316843,1.579176,8918403,0.579176
65536,divergent_xyz,3,-1,4,3,61593760,8916984,1419,70512163,1.144794,55113723,0.894794
65536,divergent_xyz,3,256,1,3,16709160,7402802,1439,24113401,1.443125,7404241,0.443125
65536,divergent_xyz,3,256,4,3,66836640,7402802,1439,74240881,1.110781,57531721,0.860781
131072,line_x,1,-1,1,3,31127080,8768332,4259,39899671,1.281831,8772591,0.281831
131072,line_x,1,-1,4,3,124508320,8768332,4259,133280911,1.070458,102153831,0.820458
131072,line_x,1,256,1,3,33748520,1119052,4319,34871891,1.033287,1123371,0.033287
131072,line_x,1,256,4,3,134994080,1119052,4319,136117451,1.008322,102368931,0.758322
131072,line_x,3,-1,1,3,31127080,2922692,1419,34051191,1.093941,2924111,0.093941
131072,line_x,3,-1,4,3,124508320,2922692,1419,127432431,1.023485,96305351,0.773485
131072,line_x,3,256,1,3,33748520,372932,1439,34122891,1.011093,374371,0.011093
131072,line_x,3,256,4,3,134994080,372932,1439,135368451,1.002773,101619931,0.752773
131072,diagonal_xyz,1,-1,1,3,31127080,8829772,4259,39961111,1.283805,8834031,0.283805
131072,diagonal_xyz,1,-1,4,3,124508320,8829772,4259,133342351,1.070951,102215271,0.820951
131072,diagonal_xyz,1,256,1,3,33748520,1134412,4319,34887251,1.033742,1138731,0.033742
131072,diagonal_xyz,1,256,4,3,134994080,1134412,4319,136132811,1.008435,102384291,0.758435
131072,diagonal_xyz,3,-1,1,3,31127080,2943172,1419,34071671,1.094599,2944591,0.094599
131072,diagonal_xyz,3,-1,4,3,124508320,2943172,1419,127452911,1.023650,96325831,0.773650
131072,diagonal_xyz,3,256,1,3,33748520,378052,1439,34128011,1.011245,379491,0.011245
131072,diagonal_xyz,3,256,4,3,134994080,378052,1439,135373571,1.002811,101625051,0.752811
131072,dispersed_xyz,1,-1,1,3,31127080,8829772,4259,39961111,1.283805,8834031,0.283805
131072,dispersed_xyz,1,-1,4,3,124508320,8829772,4259,133342351,1.070951,102215271,0.820951
131072,dispersed_xyz,1,256,1,3,33748520,1134412,4319,34887251,1.033742,1138731,0.033742
131072,dispersed_xyz,1,256,4,3,134994080,1134412,4319,136132811,1.008435,102384291,0.758435
131072,dispersed_xyz,3,-1,1,3,31127080,2943172,1419,34071671,1.094599,2944591,0.094599
131072,dispersed_xyz,3,-1,4,3,124508320,2943172,1419,127452911,1.023650,96325831,0.773650
131072,dispersed_xyz,3,256,1,3,33748520,378052,1439,34128011,1.011245,379491,0.011245
131072,dispersed_xyz,3,256,4,3,134994080,378052,1439,135373571,1.002811,101625051,0.752811
131072,divergent_xyz,1,-1,1,3,31127080,49097380,4259,80228719,2.577457,49101639,1.577457
131072,divergent_xyz,1,-1,4,3,124508320,49097380,4259,173609959,1.394364,142482879,1.144364
131072,divergent_xyz,1,256,1,3,33748520,39045106,4319,72797945,2.157071,39049425,1.157071
131072,divergent_xyz,1,256,4,3,134994080,39045106,4319,174043505,1.289268,140294985,1.039268
131072,divergent_xyz,3,-1,1,3,31127080,17836316,1419,48964815,1.573062,17837735,0.573062
131072,divergent_xyz,3,-1,4,3,124508320,17836316,1419,142346055,1.143265,111218975,0.893265
131072,divergent_xyz,3,256,1,3,33748520,14807638,1439,48557597,1.438807,14809077,0.438807
131072,divergent_xyz,3,256,4,3,134994080,14807638,1439,149803157,1.109702,116054637,0.859702
