count,scenario,run,gpu_ms
10000,separated_free,1,0.17063253333333334
10000,separated_free,2,0.17408
10000,separated_free,3,0.1780736
10000,chain,1,0.008055466666666667
10000,chain,2,0.008021333333333333
10000,chain,3,0.008157866666666666
65536,separated_free,1,0.9365504
65536,separated_free,2,0.9825621333333333
65536,separated_free,3,0.9914026666666667
65536,chain,1,0.036932266666666665
65536,chain,2,0.03672746666666667
65536,chain,3,0.03682986666666667
131072,separated_free,1,1.6912725333333334
131072,separated_free,2,1.7525418666666666
131072,separated_free,3,1.7869141333333334
131072,chain,1,0.056968533333333335
131072,chain,2,0.057207466666666665
131072,chain,3,0.05700266666666667
