count,mode,run,gpu_p50_ms,gpu_p95_ms,cpu_submit_p50_ms,cpu_submit_p95_ms,instances
10000,legacy_group_reference,0,0.03072,0.031744,0.0029,0.003,15000
10000,legacy_group_reference,1,0.03072,0.031744,0.0031,0.0036,15000
10000,legacy_group_reference,2,0.03072,0.031744,0.0032,0.004,15000
10000,current_group,0,0.031744,0.037888,0.0041,0.0062,15000
10000,current_group,1,0.032768,0.037888,0.0037,0.0052,15000
10000,current_group,2,0.031744,0.037888,0.0036,0.0055,15000
10000,split_pass,0,0.023552,0.026624,0.0026,0.0038,15000
10000,split_pass,1,0.023552,0.026624,0.0026,0.0031,15000
10000,split_pass,2,0.023552,0.026624,0.0026,0.0027,15000
65536,legacy_group_reference,0,0.073728,0.078848,0.0033,0.0037,98304
65536,legacy_group_reference,1,0.073728,0.078848,0.0033,0.0036,98304
65536,legacy_group_reference,2,0.073728,0.078848,0.0032,0.0036,98304
65536,current_group,0,0.073728,0.078848,0.0033,0.0045,98304
65536,current_group,1,0.073728,0.078848,0.0033,0.0049,98304
65536,current_group,2,0.073728,0.078848,0.0034,0.0059,98304
65536,split_pass,0,0.096256,0.099328,0.0025,0.0028,98304
65536,split_pass,1,0.096256,0.099328,0.0025,0.0027,98304
65536,split_pass,2,0.096256,0.099328,0.0028,0.0048,98304
131072,legacy_group_reference,0,0.282624,0.28672,0.0029,0.0035,196608
131072,legacy_group_reference,1,0.282624,0.287744,0.0029,0.0045,196608
131072,legacy_group_reference,2,0.283648,0.288768,0.0031,0.0046,196608
131072,current_group,0,0.284672,0.287744,0.003,0.0035,196608
131072,current_group,1,0.284672,0.287744,0.003,0.0037,196608
131072,current_group,2,0.284672,0.287744,0.0029,0.0035,196608
131072,split_pass,0,0.181248,0.181248,0.0026,0.003,196608
131072,split_pass,1,0.181248,0.181248,0.0026,0.0038,196608
131072,split_pass,2,0.180224,0.181248,0.0025,0.0043,196608
