packages,scene,sources,run,gpu_force_p50_ms,gpu_force_p95_ms,cpu_upload_submit_p50_ms,cpu_upload_submit_p95_ms,worker_bake_p50_ms,worker_bake_p95_ms,upload_bytes_per_step
10000,wind,1,0,0.008192,0.009216,0.0134,0.0403,0.0125,0.0224,96
10000,wind,1,1,0.008192,0.01024,0.0119,0.0359,0.0068,0.0283,96
10000,wind,1,2,0.008192,0.008192,0.0079,0.0251,0.0055,0.0098,96
10000,entities_wind,4096,0,0.038912,0.048128,0.0304,0.034,1.8389,2.0376,524256
10000,entities_wind,4096,1,0.038912,0.039936,0.029,0.0337,1.3292,1.3996,524256
10000,entities_wind,4096,2,0.038912,0.039936,0.0288,0.0334,1.3377,1.4907,524256
10000,overlapping_wind,64,0,0.14336,0.145408,0.007,0.0087,0.0106,0.0136,8160
10000,overlapping_wind,64,1,0.141312,0.144384,0.0071,0.0091,0.0109,0.0168,8160
10000,overlapping_wind,64,2,0.14336,0.181248,0.007,0.0092,0.0108,0.0196,8160
10000,framed_wind,1,0,0.008192,0.009216,0.0071,0.0078,0.0043,0.011,160
10000,framed_wind,1,1,0.008192,0.009216,0.0074,0.0103,0.0036,0.0104,160
10000,framed_wind,1,2,0.009216,0.011264,0.0071,0.0103,0.0034,0.0049,160
10000,framed_overlapping_wind,64,0,0.192512,0.196608,0.0074,0.018,0.016,0.0366,12256
10000,framed_overlapping_wind,64,1,0.193536,0.19456,0.007,0.0088,0.015,0.0197,12256
10000,framed_overlapping_wind,64,2,0.192512,0.19456,0.0069,0.0082,0.0148,0.0206,12256
65536,wind,1,0,0.014336,0.01536,0.0062,0.0078,0.0025,0.0035,96
65536,wind,1,1,0.01536,0.01536,0.0062,0.0075,0.0025,0.0035,96
65536,wind,1,2,0.014336,0.01536,0.0063,0.0073,0.0025,0.0029,96
65536,entities_wind,4096,0,0.098304,0.111616,0.0276,0.0304,1.2982,1.367,524256
65536,entities_wind,4096,1,0.098304,0.100352,0.0294,0.0406,1.4284,1.7705,524256
65536,entities_wind,4096,2,0.098304,0.100352,0.0275,0.0299,1.3195,1.4363,524256
65536,overlapping_wind,64,0,0.190464,0.2304,0.0064,0.0079,0.0081,0.0125,8160
65536,overlapping_wind,64,1,0.190464,0.193536,0.0062,0.0078,0.0101,0.016,8160
65536,overlapping_wind,64,2,0.18944,0.192512,0.0064,0.0081,0.0122,0.0166,8160
65536,framed_wind,1,0,0.016384,0.018432,0.0063,0.0085,0.0025,0.0036,160
65536,framed_wind,1,1,0.016384,0.016384,0.0063,0.0076,0.0026,0.0039,160
65536,framed_wind,1,2,0.016384,0.016384,0.0061,0.0069,0.0026,0.0269,160
65536,framed_overlapping_wind,64,0,0.258048,0.26112,0.0075,0.0088,0.0166,0.0248,12256
65536,framed_overlapping_wind,64,1,0.259072,0.262144,0.0072,0.0108,0.0159,0.0243,12256
65536,framed_overlapping_wind,64,2,0.258048,0.26112,0.0072,0.0121,0.015,0.0199,12256
131072,wind,1,0,0.022528,0.023552,0.0062,0.0084,0.0024,0.0034,96
131072,wind,1,1,0.022528,0.023552,0.0061,0.0063,0.0024,0.0026,96
131072,wind,1,2,0.022528,0.023552,0.0061,0.0081,0.0024,0.0034,96
131072,entities_wind,4096,0,0.09216,0.101376,0.0298,0.0341,1.3876,1.6432,524256
131072,entities_wind,4096,1,0.09216,0.103424,0.0299,0.0339,1.4165,1.5346,524256
131072,entities_wind,4096,2,0.09216,0.1024,0.0282,0.031,1.3491,1.5132,524256
131072,overlapping_wind,64,0,0.234496,0.273408,0.0064,0.0083,0.0082,0.0118,8160
131072,overlapping_wind,64,1,0.23552,0.238592,0.0063,0.0082,0.0082,0.0131,8160
131072,overlapping_wind,64,2,0.23552,0.237568,0.0062,0.0077,0.0096,0.0111,8160
131072,framed_wind,1,0,0.022528,0.023552,0.0062,0.0067,0.0026,0.0027,160
131072,framed_wind,1,1,0.022528,0.023552,0.0064,0.0088,0.0026,0.0039,160
131072,framed_wind,1,2,0.022528,0.024576,0.0064,0.0089,0.0027,0.0036,160
131072,framed_overlapping_wind,64,0,0.3328,0.335872,0.007,0.0089,0.0122,0.0183,12256
131072,framed_overlapping_wind,64,1,0.331776,0.342016,0.0072,0.0093,0.016,0.0224,12256
131072,framed_overlapping_wind,64,2,0.314368,0.319488,0.0074,0.0098,0.0168,0.0241,12256
