count,structures,run,sample,gpu_ms,cpu_submit_ms,pose_capture_ms
10000,0,1,0,1.042432,0.0138,3.0E-4
10000,0,1,1,1.062912,0.0145,3.0E-4
10000,0,1,2,1.065984,0.0158,3.0E-4
10000,0,1,3,1.242112,0.0143,3.0E-4
10000,0,1,4,1.05984,0.0144,3.0E-4
10000,0,1,5,1.037312,0.016,3.0E-4
10000,0,1,6,1.036288,0.0138,3.0E-4
10000,0,1,7,1.03936,0.0167,3.0E-4
10000,0,1,8,1.03936,0.0147,2.0E-4
10000,0,1,9,1.068032,0.021,3.0E-4
10000,0,1,10,1.052672,0.0153,3.0E-4
10000,0,1,11,1.03936,0.0156,3.0E-4
10000,0,1,12,1.047552,0.0131,3.0E-4
10000,0,1,13,1.04448,0.0131,2.0E-4
10000,0,1,14,1.07008,0.0161,3.0E-4
10000,0,1,15,2.151424,0.013,2.0E-4
10000,0,1,16,1.056768,0.0249,4.0E-4
10000,0,1,17,1.052672,0.0128,3.0E-4
10000,0,1,18,1.053696,0.0151,3.0E-4
10000,0,1,19,1.045504,0.0129,2.0E-4
10000,0,1,20,1.056768,0.0158,2.0E-4
10000,0,1,21,1.074176,0.0136,3.0E-4
10000,0,1,22,1.0752,0.013,3.0E-4
10000,0,1,23,1.079296,0.0162,3.0E-4
10000,0,1,24,1.078272,0.0127,2.0E-4
10000,0,1,25,1.078272,0.0144,3.0E-4
10000,0,1,26,1.079296,0.0127,2.0E-4
10000,0,1,27,1.076224,0.0163,8.0E-4
10000,0,1,28,1.078272,0.0126,2.0E-4
10000,0,1,29,1.063936,0.0131,3.0E-4
10000,0,2,0,1.037312,0.0244,7.0E-4
10000,0,2,1,1.060864,0.0142,2.0E-4
10000,0,2,2,1.061888,0.0159,3.0E-4
10000,0,2,3,1.056768,0.0201,2.0E-4
10000,0,2,4,1.052672,0.02,3.0E-4
10000,0,2,5,1.040384,0.0156,3.0E-4
10000,0,2,6,1.038336,0.0159,3.0E-4
10000,0,2,7,1.040384,0.0133,3.0E-4
10000,0,2,8,1.041408,0.0138,3.0E-4
10000,0,2,9,1.07008,0.0161,3.0E-4
10000,0,2,10,1.051648,0.014,3.0E-4
10000,0,2,11,1.047552,0.0149,2.0E-4
10000,0,2,12,1.046528,0.0134,3.0E-4
10000,0,2,13,1.045504,0.0153,3.0E-4
10000,0,2,14,1.072128,0.0132,2.0E-4
10000,0,2,15,1.056768,0.0143,3.0E-4
10000,0,2,16,1.056768,0.0138,3.0E-4
10000,0,2,17,1.0496,0.0128,3.0E-4
10000,0,2,18,1.052672,0.0143,3.0E-4
10000,0,2,19,1.048576,0.0124,2.0E-4
10000,0,2,20,1.060864,0.0236,4.0E-4
10000,0,2,21,1.07008,0.0139,3.0E-4
10000,0,2,22,1.068032,0.0159,3.0E-4
10000,0,2,23,1.076224,0.0134,3.0E-4
10000,0,2,24,1.077248,0.0127,3.0E-4
10000,0,2,25,1.0752,0.0132,2.0E-4
10000,0,2,26,1.067008,0.0129,3.0E-4
10000,0,2,27,1.081344,0.0158,3.0E-4
10000,0,2,28,1.071104,0.0126,3.0E-4
10000,0,2,29,1.068032,0.014,2.0E-4
10000,0,3,0,1.03936,0.0155,3.0E-4
10000,0,3,1,1.063936,0.0157,3.0E-4
10000,0,3,2,1.063936,0.0137,3.0E-4
10000,0,3,3,1.06496,0.0134,3.0E-4
10000,0,3,4,1.051648,0.0164,3.0E-4
10000,0,3,5,1.032192,0.0125,2.0E-4
10000,0,3,6,1.035264,0.0157,2.0E-4
10000,0,3,7,1.038336,0.0134,3.0E-4
10000,0,3,8,1.042432,0.0156,3.0E-4
10000,0,3,9,1.07008,0.0134,3.0E-4
10000,0,3,10,1.037312,0.0155,3.0E-4
10000,0,3,11,1.048576,0.0127,3.0E-4
10000,0,3,12,1.046528,0.0127,2.0E-4
10000,0,3,13,1.046528,0.0143,3.0E-4
10000,0,3,14,1.068032,0.0134,3.0E-4
10000,0,3,15,1.058816,0.0155,2.0E-4
10000,0,3,16,1.056768,0.0122,3.0E-4
10000,0,3,17,1.238016,0.0159,3.0E-4
10000,0,3,18,1.045504,0.0135,3.0E-4
10000,0,3,19,1.046528,0.0133,3.0E-4
10000,0,3,20,1.051648,0.0127,2.0E-4
10000,0,3,21,1.072128,0.0132,2.0E-4
10000,0,3,22,1.068032,0.0149,3.0E-4
10000,0,3,23,1.078272,0.0131,3.0E-4
10000,0,3,24,1.079296,0.0223,4.0E-4
10000,0,3,25,1.076224,0.014,3.0E-4
10000,0,3,26,1.073152,0.0143,3.0E-4
10000,0,3,27,1.077248,0.0123,3.0E-4
10000,0,3,28,1.073152,0.0136,3.0E-4
10000,0,3,29,1.065984,0.0124,3.0E-4
10000,1,1,0,0.592896,0.0208,0.0017
10000,1,1,1,0.585728,0.0244,0.0018
10000,1,1,2,0.587776,0.0226,0.0017
10000,1,1,3,0.586752,0.026,0.0017
10000,1,1,4,0.572416,0.0212,0.0036
10000,1,1,5,0.569344,0.022,0.0018
10000,1,1,6,0.569344,0.0222,0.0018
10000,1,1,7,0.56832,0.021,0.0016
10000,1,1,8,0.572416,0.0215,0.0017
10000,1,1,9,0.565248,0.0196,0.0017
10000,1,1,10,0.56832,0.0201,0.0017
10000,1,1,11,0.566272,0.0209,0.0017
10000,1,1,12,0.575488,0.0219,0.0018
10000,1,1,13,0.576512,0.0215,0.0018
10000,1,1,14,0.582656,0.022,0.0017
10000,1,1,15,0.576512,0.0213,0.0017
10000,1,1,16,0.576512,0.0197,0.0018
10000,1,1,17,0.579584,0.0242,0.0018
10000,1,1,18,0.575488,0.0218,0.0017
10000,1,1,19,0.580608,0.0215,0.0017
10000,1,1,20,0.577536,0.0216,0.0017
10000,1,1,21,0.567296,0.0216,0.0017
10000,1,1,22,0.5632,0.0199,0.0017
10000,1,1,23,0.570368,0.0195,0.0017
10000,1,1,24,0.582656,0.0185,0.0016
10000,1,1,25,0.575488,0.0215,0.0017
10000,1,1,26,0.57856,0.0213,0.0016
10000,1,1,27,0.579584,0.0225,0.0018
10000,1,1,28,0.572416,0.022,0.0017
10000,1,1,29,0.582656,0.0199,0.0018
10000,1,2,0,0.582656,0.0249,0.0022
10000,1,2,1,0.579584,0.0199,0.0018
10000,1,2,2,0.580608,0.0237,0.0018
10000,1,2,3,0.582656,0.0342,0.0016
10000,1,2,4,0.576512,0.0314,0.0017
10000,1,2,5,0.572416,0.0212,0.0017
10000,1,2,6,0.57856,0.0188,0.0017
10000,1,2,7,0.57344,0.0183,0.0017
10000,1,2,8,0.579584,0.0213,0.0016
10000,1,2,9,0.572416,0.0225,0.0025
10000,1,2,10,0.570368,0.0232,0.0017
10000,1,2,11,0.571392,0.0202,0.0017
10000,1,2,12,0.580608,0.0185,0.0016
10000,1,2,13,0.58368,0.0178,0.0016
10000,1,2,14,0.574464,0.0185,0.0035
10000,1,2,15,0.579584,0.0985,0.0017
10000,1,2,16,0.579584,0.0221,0.0017
10000,1,2,17,0.586752,0.0215,0.0017
10000,1,2,18,0.579584,0.0204,0.0017
10000,1,2,19,0.581632,0.0207,0.0017
10000,1,2,20,0.572416,0.019,0.0017
10000,1,2,21,0.559104,0.0317,0.0018
10000,1,2,22,0.562176,0.0232,0.0017
10000,1,2,23,0.565248,0.0213,0.0017
10000,1,2,24,0.576512,0.0216,0.0017
10000,1,2,25,0.57344,0.0177,0.0016
10000,1,2,26,0.57856,0.019,0.0016
10000,1,2,27,0.580608,0.0264,0.0018
10000,1,2,28,0.575488,0.0228,0.0017
10000,1,2,29,0.570368,0.0207,0.0017
10000,1,3,0,0.589824,0.025,0.0018
10000,1,3,1,0.580608,0.0206,0.0016
10000,1,3,2,0.590848,0.0192,0.0017
10000,1,3,3,0.58368,0.0195,0.0018
10000,1,3,4,0.575488,0.0192,0.0017
10000,1,3,5,0.567296,0.0225,0.0017
10000,1,3,6,0.574464,0.0213,0.0017
10000,1,3,7,0.56832,0.0216,0.0017
10000,1,3,8,0.57856,0.0182,0.0016
10000,1,3,9,0.571392,0.018,0.0016
10000,1,3,10,0.566272,0.0191,0.0018
10000,1,3,11,0.567296,0.0206,0.0017
10000,1,3,12,0.574464,0.0219,0.0017
10000,1,3,13,0.770048,0.0211,0.0018
10000,1,3,14,0.57344,0.0234,0.0017
10000,1,3,15,0.574464,0.0204,0.0017
10000,1,3,16,0.574464,0.019,0.0017
10000,1,3,17,0.58368,0.0178,0.0016
10000,1,3,18,0.582656,0.0185,0.0016
10000,1,3,19,0.586752,0.0206,0.0017
10000,1,3,20,0.581632,0.0214,0.0017
10000,1,3,21,0.56832,0.0203,0.0017
10000,1,3,22,0.567296,0.0212,0.0015
10000,1,3,23,0.56832,0.0181,0.0016
10000,1,3,24,0.58368,0.0231,0.0025
10000,1,3,25,0.574464,0.021,0.0017
10000,1,3,26,0.57856,0.0214,0.0018
10000,1,3,27,0.580608,0.0194,0.0015
10000,1,3,28,0.576512,0.0206,0.0016
10000,1,3,29,0.576512,0.0179,0.0015
10000,16,1,0,1.928192,0.09,0.0066
10000,16,1,1,1.577984,0.087,0.0052
10000,16,1,2,1.718272,0.1272,0.004
10000,16,1,3,1.705984,0.0864,0.0035
10000,16,1,4,1.646592,0.0964,0.0035
10000,16,1,5,1.718272,0.2809,0.0097
10000,16,1,6,1.696768,0.1747,0.0067
10000,16,1,7,1.66912,0.0992,0.0039
10000,16,1,8,1.659904,0.0824,0.0034
10000,16,1,9,1.629184,0.0883,0.0037
10000,16,1,10,1.641472,0.0866,0.0036
10000,16,1,11,1.610752,0.0881,0.0048
10000,16,1,12,1.652736,0.0856,0.0056
10000,16,1,13,1.64352,0.0823,0.0058
10000,16,1,14,1.666048,0.0826,0.0073
10000,16,1,15,1.662976,0.1069,0.0045
10000,16,1,16,1.69472,0.1007,0.0049
10000,16,1,17,1.629184,0.0868,0.0046
10000,16,1,18,1.83296,0.1721,0.0046
10000,16,1,19,1.672192,0.087,0.0078
10000,16,1,20,1.678336,0.0827,0.0048
10000,16,1,21,1.660928,0.0768,0.0046
10000,16,1,22,1.651712,0.0785,0.0045
10000,16,1,23,1.681408,0.077,0.0047
10000,16,1,24,1.67424,0.085,0.0034
10000,16,1,25,1.71008,0.0804,0.0036
10000,16,1,26,1.681408,0.136,0.0034
10000,16,1,27,1.668096,0.0795,0.0035
10000,16,1,28,1.649664,0.0775,0.0035
10000,16,1,29,1.634304,0.0808,0.0045
10000,16,2,0,1.702912,0.0851,0.0044
10000,16,2,1,1.692672,0.0815,0.0048
10000,16,2,2,1.672192,0.079,0.0048
10000,16,2,3,1.642496,0.0796,0.0045
10000,16,2,4,1.660928,0.1482,0.0035
10000,16,2,5,1.640448,0.0843,0.0035
10000,16,2,6,1.634304,0.0836,0.0035
10000,16,2,7,1.796096,0.0788,0.0034
10000,16,2,8,1.622016,0.0819,0.0058
10000,16,2,9,3.811328,0.0912,0.0046
10000,16,2,10,1.728512,0.0811,0.0046
10000,16,2,11,1.685504,0.0833,0.0055
10000,16,2,12,1.68448,0.1277,0.0047
10000,16,2,13,1.75104,0.0812,0.0043
10000,16,2,14,1.630208,0.1132,0.0034
10000,16,2,15,1.635328,0.0955,0.0034
10000,16,2,16,1.614848,0.0691,0.0053
10000,16,2,17,1.626112,0.1218,0.0068
10000,16,2,18,1.63328,0.1229,0.0065
10000,16,2,19,1.64352,0.1022,0.0059
10000,16,2,20,1.624064,0.1227,0.0076
10000,16,2,21,1.603584,0.1867,0.0076
10000,16,2,22,1.8176,0.1115,0.0038
10000,16,2,23,1.60768,0.1118,0.004
10000,16,2,24,1.680384,0.1625,0.0064
10000,16,2,25,1.734656,0.1643,0.0061
10000,16,2,26,1.7152,0.0975,0.006
10000,16,2,27,1.71008,0.0825,0.0047
10000,16,2,28,1.703936,0.0731,0.0045
10000,16,2,29,1.70496,0.0712,0.0044
10000,16,3,0,1.75104,0.0761,0.0036
10000,16,3,1,1.661952,0.0709,0.0035
10000,16,3,2,1.661952,0.0687,0.0035
10000,16,3,3,1.635328,0.0702,0.0034
10000,16,3,4,1.624064,0.0675,0.0055
10000,16,3,5,1.683456,0.0692,0.0034
10000,16,3,6,1.61792,0.0703,0.0035
10000,16,3,7,1.652736,0.0771,0.0034
10000,16,3,8,1.647616,0.0703,0.0035
10000,16,3,9,1.594368,0.0718,0.0046
10000,16,3,10,2.006016,0.0877,0.0062
10000,16,3,11,1.603584,0.0702,0.0046
10000,16,3,12,1.678336,0.0771,0.0046
10000,16,3,13,1.711104,0.0713,0.0034
10000,16,3,14,1.6896,0.0681,0.0033
10000,16,3,15,1.698816,0.0665,0.0033
10000,16,3,16,1.6896,0.0708,0.0035
10000,16,3,17,1.698816,0.0667,0.0054
10000,16,3,18,1.627136,0.0688,0.0074
10000,16,3,19,1.62304,0.0677,0.0046
10000,16,3,20,1.630208,0.0668,0.0045
10000,16,3,21,1.636352,0.0655,0.0043
10000,16,3,22,1.593344,0.0665,0.0033
10000,16,3,23,2.408448,0.0678,0.0059
10000,16,3,24,1.651712,0.0656,0.0034
10000,16,3,25,1.65376,0.0657,0.0033
10000,16,3,26,1.645568,0.0639,0.0045
10000,16,3,27,1.61792,0.0905,0.0045
10000,16,3,28,1.77152,0.0819,0.0043
10000,16,3,29,1.606656,0.0641,0.0043
65536,0,1,0,2.740224,0.0195,4.0E-4
65536,0,1,1,2.864128,0.0192,5.0E-4
65536,0,1,2,2.94912,0.0167,3.0E-4
65536,0,1,3,2.962432,0.0178,4.0E-4
65536,0,1,4,2.957312,0.0225,4.0E-4
65536,0,1,5,2.967552,0.0148,4.0E-4
65536,0,1,6,3.273728,0.0866,3.0E-4
65536,0,1,7,2.971648,0.0152,3.0E-4
65536,0,1,8,2.982912,0.0153,4.0E-4
65536,0,1,9,2.998272,0.0231,4.0E-4
65536,0,1,10,2.9696,0.0157,4.0E-4
65536,0,1,11,3.001344,0.0177,4.0E-4
65536,0,1,12,2.973696,0.0207,5.0E-4
65536,0,1,13,2.982912,0.0176,4.0E-4
65536,0,1,14,2.976768,0.0156,3.0E-4
65536,0,1,15,2.960384,0.0195,5.0E-4
65536,0,1,16,3.23072,0.0181,4.0E-4
65536,0,1,17,2.985984,0.0185,3.0E-4
65536,0,1,18,2.96448,0.0149,3.0E-4
65536,0,1,19,2.98496,0.0131,3.0E-4
65536,0,1,20,2.975744,0.0199,5.0E-4
65536,0,1,21,2.957312,0.0127,4.0E-4
65536,0,1,22,2.965504,0.0209,5.0E-4
65536,0,1,23,2.993152,0.0123,5.0E-4
65536,0,1,24,2.982912,0.0175,5.0E-4
65536,0,1,25,2.972672,0.0207,5.0E-4
65536,0,1,26,2.977792,0.0129,3.0E-4
65536,0,1,27,3.260416,0.0158,3.0E-4
65536,0,1,28,2.97472,0.0128,4.0E-4
65536,0,1,29,3.002368,0.0149,3.0E-4
65536,0,2,0,2.756608,0.0167,3.0E-4
65536,0,2,1,2.868224,0.0181,5.0E-4
65536,0,2,2,2.944,0.0151,3.0E-4
65536,0,2,3,2.955264,0.0135,3.0E-4
65536,0,2,4,2.94912,0.0203,5.0E-4
65536,0,2,5,2.9696,0.0129,3.0E-4
65536,0,2,6,2.953216,0.0205,4.0E-4
65536,0,2,7,3.265536,0.0178,4.0E-4
65536,0,2,8,2.991104,0.0153,3.0E-4
65536,0,2,9,3.0208,0.0178,5.0E-4
65536,0,2,10,3.018752,0.0186,5.0E-4
65536,0,2,11,2.983936,0.0147,4.0E-4
65536,0,2,12,3.002368,0.0124,4.0E-4
65536,0,2,13,2.977792,0.0136,3.0E-4
65536,0,2,14,2.967552,0.0127,3.0E-4
65536,0,2,15,2.97984,0.0148,3.0E-4
65536,0,2,16,2.97984,0.0175,5.0E-4
65536,0,2,17,3.163136,0.0121,4.0E-4
65536,0,2,18,2.983936,0.015,3.0E-4
65536,0,2,19,2.993152,0.0127,3.0E-4
65536,0,2,20,2.994176,0.0223,4.0E-4
65536,0,2,21,2.977792,0.0128,4.0E-4
65536,0,2,22,2.96448,0.0207,4.0E-4
65536,0,2,23,2.97984,0.0181,5.0E-4
65536,0,2,24,2.96448,0.0149,3.0E-4
65536,0,2,25,2.966528,0.017,4.0E-4
65536,0,2,26,2.956288,0.0177,4.0E-4
65536,0,2,27,2.988032,0.0145,3.0E-4
65536,0,2,28,3.255296,0.0133,3.0E-4
65536,0,2,29,2.992128,0.0147,4.0E-4
65536,0,3,0,2.745344,0.0154,5.0E-4
65536,0,3,1,2.885632,0.0191,5.0E-4
65536,0,3,2,2.958336,0.0118,3.0E-4
65536,0,3,3,2.953216,0.0153,4.0E-4
65536,0,3,4,2.952192,0.0129,3.0E-4
65536,0,3,5,2.967552,0.0124,3.0E-4
65536,0,3,6,2.960384,0.0146,4.0E-4
65536,0,3,7,2.956288,0.0127,3.0E-4
65536,0,3,8,2.980864,0.0206,4.0E-4
65536,0,3,9,3.019776,0.013,3.0E-4
65536,0,3,10,2.996224,0.0231,5.0E-4
65536,0,3,11,2.991104,0.0129,3.0E-4
65536,0,3,12,2.98496,0.0129,3.0E-4
65536,0,3,13,2.976768,0.0195,5.0E-4
65536,0,3,14,2.977792,0.0142,3.0E-4
65536,0,3,15,2.9696,0.0214,5.0E-4
65536,0,3,16,2.97984,0.0133,3.0E-4
65536,0,3,17,2.97984,0.0151,3.0E-4
65536,0,3,18,3.23072,0.018,5.0E-4
65536,0,3,19,2.993152,0.0157,4.0E-4
65536,0,3,20,2.991104,0.0134,3.0E-4
65536,0,3,21,2.9696,0.0172,4.0E-4
65536,0,3,22,2.960384,0.0215,5.0E-4
65536,0,3,23,2.976768,0.0133,4.0E-4
65536,0,3,24,2.982912,0.0208,5.0E-4
65536,0,3,25,2.968576,0.0164,4.0E-4
65536,0,3,26,2.97472,0.0155,5.0E-4
65536,0,3,27,2.966528,0.0127,3.0E-4
65536,0,3,28,2.967552,0.0131,3.0E-4
65536,0,3,29,3.167232,0.0201,4.0E-4
65536,1,1,0,2.158592,0.0206,0.0018
65536,1,1,1,2.197504,0.0209,0.0024
65536,1,1,2,2.190336,0.02,0.0017
65536,1,1,3,2.19136,0.027,0.0025
65536,1,1,4,2.190336,0.0156,0.0018
65536,1,1,5,2.195456,0.0211,0.0023
65536,1,1,6,2.189312,0.0158,0.0017
65536,1,1,7,2.18624,0.0215,0.0025
65536,1,1,8,2.208768,0.0252,0.0024
65536,1,1,9,2.19136,0.0195,0.0018
65536,1,1,10,2.377728,0.0166,0.0016
65536,1,1,11,2.214912,0.0195,0.0017
65536,1,1,12,2.210816,0.0182,0.0017
65536,1,1,13,2.210816,0.0158,0.0017
65536,1,1,14,2.217984,0.025,0.0024
65536,1,1,15,2.212864,0.0172,0.0017
65536,1,1,16,2.187264,0.0176,0.0017
65536,1,1,17,2.16064,0.0178,0.0017
65536,1,1,18,2.19648,0.0158,0.0017
65536,1,1,19,2.189312,0.0175,0.0017
65536,1,1,20,2.184192,0.0294,0.0024
65536,1,1,21,2.174976,0.024,0.0024
65536,1,1,22,2.195456,0.0246,0.0024
65536,1,1,23,2.158592,0.0277,0.0017
65536,1,1,24,2.352128,0.016,0.0017
65536,1,1,25,2.190336,0.0154,0.0017
65536,1,1,26,2.188288,0.0177,0.0017
65536,1,1,27,2.21184,0.0202,0.0017
65536,1,1,28,2.178048,0.0168,0.0017
65536,1,1,29,2.19648,0.0177,0.0017
65536,1,2,0,2.16064,0.023,0.0018
65536,1,2,1,2.199552,0.0191,0.0017
65536,1,2,2,2.189312,0.0237,0.0022
65536,1,2,3,2.194432,0.0283,0.0022
65536,1,2,4,2.200576,0.0275,0.0025
65536,1,2,5,2.183168,0.0176,0.0017
65536,1,2,6,2.183168,0.016,0.0017
65536,1,2,7,2.371584,0.025,0.0024
65536,1,2,8,2.20672,0.0184,0.0017
65536,1,2,9,2.204672,0.0154,0.0017
65536,1,2,10,2.2016,0.0183,0.0018
65536,1,2,11,2.19648,0.018,0.0017
65536,1,2,12,2.20672,0.027,0.0024
65536,1,2,13,2.200576,0.0155,0.0017
65536,1,2,14,2.208768,0.0154,0.0016
65536,1,2,15,2.210816,0.0331,0.0017
65536,1,2,16,2.209792,0.0404,0.0017
65536,1,2,17,2.192384,0.021,0.0017
65536,1,2,18,2.202624,0.0183,0.0017
65536,1,2,19,2.180096,0.0229,0.0022
65536,1,2,20,2.185216,0.0158,0.0017
65536,1,2,21,2.357248,0.0153,0.0017
65536,1,2,22,2.188288,0.0179,0.0017
65536,1,2,23,2.18624,0.0248,0.0023
65536,1,2,24,2.180096,0.018,0.0017
65536,1,2,25,2.209792,0.0205,0.0023
65536,1,2,26,2.204672,0.0243,0.0024
65536,1,2,27,2.209792,0.0213,0.0024
65536,1,2,28,2.187264,0.0145,0.0015
65536,1,2,29,2.192384,0.0175,0.0017
65536,1,3,0,2.180096,0.0216,0.0017
65536,1,3,1,2.202624,0.0185,0.0017
65536,1,3,2,2.2016,0.0221,0.0024
65536,1,3,3,2.174976,0.0232,0.0031
65536,1,3,4,2.19648,0.0235,0.0016
65536,1,3,5,2.204672,0.0152,0.0017
65536,1,3,6,2.199552,0.0155,0.0024
65536,1,3,7,2.208768,0.0173,0.0017
65536,1,3,8,2.221056,0.0244,0.0024
65536,1,3,9,2.207744,0.0158,0.0017
65536,1,3,10,2.19648,0.0244,0.0048
65536,1,3,11,2.209792,0.0187,0.0017
65536,1,3,12,2.197504,0.0186,0.0017
65536,1,3,13,2.193408,0.0158,0.0018
65536,1,3,14,2.21696,0.0244,0.0023
65536,1,3,15,2.192384,0.0272,0.0024
65536,1,3,16,2.184192,0.0159,0.0017
65536,1,3,17,2.18112,0.022,0.0024
65536,1,3,18,2.209792,0.0203,0.0016
65536,1,3,19,2.387968,0.0181,0.0017
65536,1,3,20,2.230272,0.016,0.0017
65536,1,3,21,2.213888,0.0157,0.0034
65536,1,3,22,2.210816,0.0181,0.0017
65536,1,3,23,2.190336,0.0217,0.0024
65536,1,3,24,2.189312,0.0156,0.0017
65536,1,3,25,2.183168,0.0172,0.0016
65536,1,3,26,2.176,0.0273,0.0024
65536,1,3,27,2.193408,0.0141,0.0015
65536,1,3,28,2.194432,0.0226,0.0025
65536,1,3,29,2.194432,0.0241,0.0024
65536,16,1,0,3.646464,0.0812,0.0032
65536,16,1,1,3.728384,0.0643,0.0032
65536,16,1,2,3.712,0.0665,0.0032
65536,16,1,3,3.867648,0.0652,0.0045
65536,16,1,4,3.802112,0.0648,0.0032
65536,16,1,5,3.744768,0.0687,0.0058
65536,16,1,6,3.723264,0.0819,0.0059
65536,16,1,7,3.705856,0.0658,0.0042
65536,16,1,8,3.721216,0.0806,0.0089
65536,16,1,9,3.653632,0.0772,0.0058
65536,16,1,10,3.623936,0.0849,0.0061
65536,16,1,11,3.738624,0.0666,0.0035
65536,16,1,12,3.853312,0.0676,0.0033
65536,16,1,13,3.743744,0.0741,0.0039
65536,16,1,14,3.784704,0.0741,0.0171
65536,16,1,15,3.741696,0.0683,0.0318
65536,16,1,16,3.659776,0.0645,0.0156
65536,16,1,17,3.64544,0.064,0.0044
65536,16,1,18,3.675136,0.0701,0.0045
65536,16,1,19,3.685376,0.1322,0.005
65536,16,1,20,3.841024,0.1728,0.0137
65536,16,1,21,3.762176,0.1243,0.0085
65536,16,1,22,3.723264,0.1363,0.0075
65536,16,1,23,3.662848,0.1652,0.0037
65536,16,1,24,3.59424,0.1358,0.0051
65536,16,1,25,5.671936,0.0828,0.0034
65536,16,1,26,3.695616,0.0782,0.0035
65536,16,1,27,3.664896,0.0685,0.0062
65536,16,1,28,3.835904,0.0692,0.0044
65536,16,1,29,3.73248,0.0705,0.0046
65536,16,2,0,3.674112,0.115,0.0072
65536,16,2,1,3.734528,0.1311,0.0073
65536,16,2,2,3.7376,0.1342,0.0096
65536,16,2,3,3.664896,0.0942,0.0066
65536,16,2,4,3.692544,0.1185,0.0038
65536,16,2,5,3.708928,0.1076,0.0041
65536,16,2,6,3.823616,0.1596,0.0056
65536,16,2,7,3.729408,0.1242,0.0097
65536,16,2,8,3.741696,0.0865,0.0057
65536,16,2,9,3.731456,0.0859,0.0041
65536,16,2,10,3.712,0.0822,0.0056
65536,16,2,11,3.729408,0.1005,0.0091
65536,16,2,12,3.73248,0.1733,0.0079
65536,16,2,13,3.641344,0.2241,0.0079
65536,16,2,14,3.846144,0.1077,0.0084
65536,16,2,15,3.779584,0.0946,0.0063
65536,16,2,16,3.743744,0.0938,0.0044
65536,16,2,17,3.736576,0.2358,0.0062
65536,16,2,18,3.703808,0.1234,0.0069
65536,16,2,19,3.709952,0.1046,0.0048
65536,16,2,20,3.656704,0.0848,0.0066
65536,16,2,21,3.59936,0.0845,0.006
65536,16,2,22,4.076544,0.08,0.0076
65536,16,2,23,3.622912,0.0825,0.0055
65536,16,2,24,3.664896,0.0771,0.0051
65536,16,2,25,3.74784,0.1138,0.0053
65536,16,2,26,3.720192,0.0833,0.0052
65536,16,2,27,3.690496,0.0756,0.0049
65536,16,2,28,3.63008,0.0799,0.0049
65536,16,2,29,3.69152,0.0723,0.0048
65536,16,3,0,3.810304,0.0773,0.0039
65536,16,3,1,3.662848,0.0838,0.0041
65536,16,3,2,3.734528,0.1631,0.0074
65536,16,3,3,3.785728,0.1247,0.0067
65536,16,3,4,3.694592,0.0866,0.0038
65536,16,3,5,3.704832,0.0828,0.0075
65536,16,3,6,3.66592,0.0747,0.0048
65536,16,3,7,3.663872,0.0727,0.0048
65536,16,3,8,3.705856,0.0712,0.0047
65536,16,3,9,3.888128,0.0722,0.0048
65536,16,3,10,3.784704,0.0712,0.0077
65536,16,3,11,3.677184,0.0716,0.0035
65536,16,3,12,3.693568,0.0768,0.011
65536,16,3,13,3.707904,0.0728,0.0051
65536,16,3,14,3.677184,0.1417,0.005
65536,16,3,15,3.649536,0.0846,0.0051
65536,16,3,16,3.705856,0.0699,0.0035
65536,16,3,17,3.830784,0.0672,0.0043
65536,16,3,18,3.699712,0.0718,0.0063
65536,16,3,19,3.734528,0.0799,0.0046
65536,16,3,20,3.785728,0.0712,0.0048
65536,16,3,21,3.702784,0.0656,0.0044
65536,16,3,22,3.603456,0.068,0.0044
65536,16,3,23,3.642368,0.0677,0.0034
65536,16,3,24,3.668992,0.0767,0.0102
65536,16,3,25,3.649536,0.0673,0.0035
65536,16,3,26,3.885056,0.0787,0.0034
65536,16,3,27,3.75296,0.0752,0.0034
65536,16,3,28,3.687424,0.0775,0.0051
65536,16,3,29,3.643392,0.0698,0.0044
131072,0,1,0,5.066752,0.033,0.0012
131072,0,1,1,5.199872,0.0127,3.0E-4
131072,0,1,2,5.431296,0.0192,5.0E-4
131072,0,1,3,5.208064,0.0176,4.0E-4
131072,0,1,4,5.211136,0.0383,4.0E-4
131072,0,1,5,5.206016,0.023,5.0E-4
131072,0,1,6,5.199872,0.0165,5.0E-4
131072,0,1,7,5.203968,0.0574,5.0E-4
131072,0,1,8,5.306368,0.0589,4.0E-4
131072,0,1,9,5.526528,0.0218,3.0E-4
131072,0,1,10,5.40672,0.0139,3.0E-4
131072,0,1,11,5.39648,0.0139,4.0E-4
131072,0,1,12,5.397504,0.0133,4.0E-4
131072,0,1,13,5.363712,0.0133,3.0E-4
131072,0,1,14,5.339136,0.018,4.0E-4
131072,0,1,15,5.538816,0.0578,4.0E-4
131072,0,1,16,5.428224,0.0435,5.0E-4
131072,0,1,17,5.407744,0.0213,6.0E-4
131072,0,1,18,5.435392,0.0322,0.0011
131072,0,1,19,5.41184,0.023,8.0E-4
131072,0,1,20,5.553152,0.0125,4.0E-4
131072,0,1,21,5.36576,0.0126,3.0E-4
131072,0,1,22,5.385216,0.0127,3.0E-4
131072,0,1,23,5.389312,0.0131,3.0E-4
131072,0,1,24,5.395456,0.0118,3.0E-4
131072,0,1,25,5.378048,0.0118,3.0E-4
131072,0,1,26,5.562368,0.0163,5.0E-4
131072,0,1,27,5.380096,0.0114,3.0E-4
131072,0,1,28,5.332992,0.0164,4.0E-4
131072,0,1,29,5.342208,0.0116,4.0E-4
131072,0,2,0,5.052416,0.0191,3.0E-4
131072,0,2,1,5.178368,0.0114,3.0E-4
131072,0,2,2,5.528576,0.0115,4.0E-4
131072,0,2,3,5.257216,0.0112,3.0E-4
131072,0,2,4,5.228544,0.0123,3.0E-4
131072,0,2,5,5.200896,0.0115,3.0E-4
131072,0,2,6,5.21216,0.0114,4.0E-4
131072,0,2,7,5.313536,0.0159,4.0E-4
131072,0,2,8,5.586944,0.0389,4.0E-4
131072,0,2,9,5.37088,0.0118,3.0E-4
131072,0,2,10,5.364736,0.0115,3.0E-4
131072,0,2,11,5.331968,0.0165,4.0E-4
131072,0,2,12,5.357568,0.0119,4.0E-4
131072,0,2,13,5.331968,0.0344,4.0E-4
131072,0,2,14,5.512192,0.0389,5.0E-4
131072,0,2,15,5.36576,0.0161,4.0E-4
131072,0,2,16,5.371904,0.0162,4.0E-4
131072,0,2,17,5.395456,0.0163,5.0E-4
131072,0,2,18,5.37088,0.0113,3.0E-4
131072,0,2,19,5.356544,0.0112,3.0E-4
131072,0,2,20,5.605376,0.0115,3.0E-4
131072,0,2,21,5.385216,0.0122,3.0E-4
131072,0,2,22,5.377024,0.016,5.0E-4
131072,0,2,23,5.385216,0.0156,5.0E-4
131072,0,2,24,5.436416,0.0161,5.0E-4
131072,0,2,25,5.399552,0.0178,7.0E-4
131072,0,2,26,5.636096,0.0163,4.0E-4
131072,0,2,27,5.429248,0.0112,3.0E-4
131072,0,2,28,5.443584,0.0113,4.0E-4
131072,0,2,29,5.578752,0.0116,4.0E-4
131072,0,3,0,5.061632,0.0214,4.0E-4
131072,0,3,1,5.39136,0.0162,5.0E-4
131072,0,3,2,5.198848,0.0117,4.0E-4
131072,0,3,3,5.21216,0.0116,3.0E-4
131072,0,3,4,5.218304,0.0152,5.0E-4
131072,0,3,5,5.289984,0.0109,4.0E-4
131072,0,3,6,5.285888,0.0113,3.0E-4
131072,0,3,7,5.583872,0.0158,5.0E-4
131072,0,3,8,5.310464,0.018,4.0E-4
131072,0,3,9,5.326848,0.0192,3.0E-4
131072,0,3,10,5.328896,0.0316,4.0E-4
131072,0,3,11,5.31968,0.0347,5.0E-4
131072,0,3,12,5.341184,0.0112,3.0E-4
131072,0,3,13,5.634048,0.0112,3.0E-4
131072,0,3,14,5.384192,0.0157,5.0E-4
131072,0,3,15,5.364736,0.0126,4.0E-4
131072,0,3,16,5.371904,0.0113,3.0E-4
131072,0,3,17,5.393408,0.0112,3.0E-4
131072,0,3,18,5.373952,0.0113,3.0E-4
131072,0,3,19,5.63712,0.0112,3.0E-4
131072,0,3,20,5.34528,0.0161,4.0E-4
131072,0,3,21,5.338112,0.0112,3.0E-4
131072,0,3,22,5.348352,0.0158,5.0E-4
131072,0,3,23,5.399552,0.0153,5.0E-4
131072,0,3,24,5.409792,0.0112,3.0E-4
131072,0,3,25,5.627904,0.0155,5.0E-4
131072,0,3,26,5.362688,0.011,3.0E-4
131072,0,3,27,5.357568,0.011,4.0E-4
131072,0,3,28,5.352448,0.0113,4.0E-4
131072,0,3,29,5.339136,0.0157,5.0E-4
131072,1,1,0,4.585472,0.0223,0.0019
131072,1,1,1,4.601856,0.0206,0.0046
131072,1,1,2,4.544512,0.0151,0.0035
131072,1,1,3,4.56192,0.0201,0.0024
131072,1,1,4,4.816896,0.0149,0.0017
131072,1,1,5,4.568064,0.0142,0.0017
131072,1,1,6,4.615168,0.0151,0.0016
131072,1,1,7,4.688896,0.0169,0.0016
131072,1,1,8,5.373952,0.0164,0.002
131072,1,1,9,4.609024,0.016,0.0018
131072,1,1,10,4.6336,0.015,0.0017
131072,1,1,11,4.859904,0.0145,0.0017
131072,1,1,12,4.851712,0.0152,0.0018
131072,1,1,13,4.604928,0.0153,0.0017
131072,1,1,14,4.603904,0.0151,0.0016
131072,1,1,15,4.581376,0.016,0.0016
131072,1,1,16,4.850688,0.0176,0.0016
131072,1,1,17,4.636672,0.015,0.0017
131072,1,1,18,4.880384,0.0156,0.0017
131072,1,1,19,4.64896,0.0144,0.0017
131072,1,1,20,4.818944,0.0154,0.0017
131072,1,1,21,4.636672,0.0148,0.0017
131072,1,1,22,4.599808,0.0208,0.0024
131072,1,1,23,4.606976,0.023,0.0024
131072,1,1,24,4.886528,0.023,0.0024
131072,1,1,25,4.622336,0.0149,0.0017
131072,1,1,26,4.584448,0.0145,0.0017
131072,1,1,27,4.6336,0.0163,0.0031
131072,1,1,28,4.647936,0.0203,0.0024
131072,1,1,29,4.877312,0.0199,0.0023
131072,1,2,0,4.733952,0.0328,0.0023
131072,1,2,1,4.600832,0.019,0.0025
131072,1,2,2,4.851712,0.0159,0.0016
131072,1,2,3,4.667392,0.0154,0.0017
131072,1,2,4,4.699136,0.0207,0.0024
131072,1,2,5,4.596736,0.021,0.0024
131072,1,2,6,4.743168,0.015,0.0017
131072,1,2,7,4.824064,0.0154,0.0017
131072,1,2,8,4.642816,0.015,0.0017
131072,1,2,9,4.637696,0.0201,0.0023
131072,1,2,10,4.626432,0.0203,0.0024
131072,1,2,11,4.65408,0.0202,0.0023
131072,1,2,12,4.604928,0.0146,0.0018
131072,1,2,13,4.600832,0.0145,0.0017
131072,1,2,14,4.8128,0.0201,0.0023
131072,1,2,15,4.86912,0.0147,0.0017
131072,1,2,16,4.61312,0.0145,0.0017
131072,1,2,17,4.604928,0.0159,0.0019
131072,1,2,18,4.59776,0.0152,0.0016
131072,1,2,19,4.77184,0.0147,0.0016
131072,1,2,20,4.609024,0.0189,0.0017
131072,1,2,21,4.825088,0.0284,0.0023
131072,1,2,22,4.608,0.0144,0.0016
131072,1,2,23,4.80768,0.0142,0.0017
131072,1,2,24,4.631552,0.0149,0.0016
131072,1,2,25,4.586496,0.0143,0.0017
131072,1,2,26,4.60288,0.0203,0.0024
131072,1,2,27,4.554752,0.0147,0.0016
131072,1,2,28,4.86912,0.0201,0.0024
131072,1,2,29,4.593664,0.0152,0.0016
131072,1,3,0,4.584448,0.0255,0.0026
131072,1,3,1,4.816896,0.0156,0.0016
131072,1,3,2,4.594688,0.0162,0.0017
131072,1,3,3,4.59776,0.02,0.0023
131072,1,3,4,4.808704,0.0204,0.0023
131072,1,3,5,4.7872,0.0205,0.0024
131072,1,3,6,4.600832,0.0147,0.0017
131072,1,3,7,4.564992,0.0199,0.0024
131072,1,3,8,4.568064,0.0205,0.0024
131072,1,3,9,4.558848,0.0149,0.0017
131072,1,3,10,4.859904,0.0149,0.0018
131072,1,3,11,4.875264,0.017,0.0019
131072,1,3,12,4.625408,0.0154,0.0017
131072,1,3,13,4.615168,0.016,0.0018
131072,1,3,14,4.8128,0.0163,0.0016
131072,1,3,15,4.58752,0.0153,0.0017
131072,1,3,16,4.605952,0.0155,0.0017
131072,1,3,17,4.627456,0.0157,0.0017
131072,1,3,18,5.087232,0.0209,0.0024
131072,1,3,19,4.656128,0.0149,0.0017
131072,1,3,20,4.631552,0.0144,0.0017
131072,1,3,21,4.624384,0.0143,0.0016
131072,1,3,22,4.601856,0.0262,0.0024
131072,1,3,23,4.865024,0.0154,0.0017
131072,1,3,24,4.795392,0.0148,0.0016
131072,1,3,25,4.621312,0.0144,0.0017
131072,1,3,26,4.584448,0.0203,0.0024
131072,1,3,27,4.868096,0.0139,0.0017
131072,1,3,28,4.622336,0.0156,0.0018
131072,1,3,29,4.632576,0.0202,0.0025
131072,16,1,0,6.554624,0.0763,0.0034
131072,16,1,1,6.710272,0.0784,0.0045
131072,16,1,2,6.506496,0.0618,0.0032
131072,16,1,3,6.562816,0.0621,0.0032
131072,16,1,4,6.689792,0.0604,0.0031
131072,16,1,5,6.660096,0.0582,0.0035
131072,16,1,6,6.7584,0.0631,0.0047
131072,16,1,7,6.647808,0.0599,0.0032
131072,16,1,8,6.617088,0.06,0.0033
131072,16,1,9,6.608896,0.0786,0.0046
131072,16,1,10,6.64064,0.06,0.0035
131072,16,1,11,6.803456,0.0606,0.0032
131072,16,1,12,6.595584,0.0603,0.0031
131072,16,1,13,6.585344,0.0617,0.0032
131072,16,1,14,6.606848,0.0585,0.0032
131072,16,1,15,6.577152,0.0587,0.0031
131072,16,1,16,6.89152,0.0707,0.0185
131072,16,1,17,6.664192,0.0719,0.0282
131072,16,1,18,6.628352,0.0681,0.004
131072,16,1,19,6.624256,0.063,0.0034
131072,16,1,20,6.60992,0.0615,0.0035
131072,16,1,21,6.779904,0.0604,0.0035
131072,16,1,22,6.631424,0.0636,0.0031
131072,16,1,23,6.633472,0.0693,0.0031
131072,16,1,24,6.637568,0.0627,0.0031
131072,16,1,25,6.62528,0.0776,0.0047
131072,16,1,26,6.852608,0.0856,0.0283
131072,16,1,27,6.62016,0.0678,0.0046
131072,16,1,28,6.571008,0.0808,0.0036
131072,16,1,29,6.593536,0.078,0.0041
131072,16,2,0,6.710272,0.0948,0.0036
131072,16,2,1,6.746112,0.0948,0.0067
131072,16,2,2,6.59968,0.0922,0.0054
131072,16,2,3,6.516736,0.0875,0.0044
131072,16,2,4,6.53824,0.1404,0.0045
131072,16,2,5,6.739968,0.1877,0.0337
131072,16,2,6,6.592512,0.1505,0.0258
131072,16,2,7,6.66112,0.1103,0.0037
131072,16,2,8,6.578176,0.0888,0.0032
131072,16,2,9,6.612992,0.0906,0.0037
131072,16,2,10,6.902784,0.0747,0.0027
131072,16,2,11,6.595584,0.0988,0.0027
131072,16,2,12,6.675456,0.0864,0.0027
131072,16,2,13,6.612992,0.0826,0.0023
131072,16,2,14,6.858752,0.0644,0.0022
131072,16,2,15,6.616064,0.0705,0.0037
131072,16,2,16,6.721536,0.0661,0.0027
131072,16,2,17,6.62016,0.0749,0.0028
131072,16,2,18,6.628352,0.0631,0.0022
131072,16,2,19,6.798336,0.0637,0.0026
131072,16,2,20,6.611968,0.1101,0.0022
131072,16,2,21,6.638592,0.0843,0.0028
131072,16,2,22,6.596608,0.0656,0.0028
131072,16,2,23,6.577152,0.0641,0.0023
131072,16,2,24,6.813696,0.0716,0.0029
131072,16,2,25,6.595584,0.0695,0.0027
131072,16,2,26,6.63552,0.0672,0.0024
131072,16,2,27,7.025664,0.0936,0.0033
131072,16,2,28,6.61504,0.1446,0.0038
131072,16,2,29,6.836224,0.1005,0.0028
131072,16,3,0,6.520832,0.1304,0.0033
131072,16,3,1,6.479872,0.0636,0.0023
131072,16,3,2,6.516736,0.065,0.0024
131072,16,3,3,6.624256,0.066,0.0024
131072,16,3,4,6.555648,0.0663,0.0028
131072,16,3,5,6.550528,0.0637,0.0136
131072,16,3,6,6.474752,0.0634,0.0026
131072,16,3,7,6.62528,0.0685,0.0031
131072,16,3,8,6.811648,0.0658,0.0031
131072,16,3,9,6.654976,0.0857,0.0039
131072,16,3,10,6.57408,0.0672,0.003
131072,16,3,11,6.623232,0.1117,0.0034
131072,16,3,12,6.606848,0.0907,0.0028
131072,16,3,13,6.775808,0.0723,0.0027
131072,16,3,14,6.556672,0.0768,0.003
131072,16,3,15,6.575104,0.0972,0.003
131072,16,3,16,6.587392,0.0839,0.0027
131072,16,3,17,6.585344,0.0962,0.0038
131072,16,3,18,6.767616,0.0881,0.0038
131072,16,3,19,6.638592,0.0681,0.0028
131072,16,3,20,6.60992,0.0665,0.0029
131072,16,3,21,6.632448,0.1953,0.0076
131072,16,3,22,6.535168,0.1106,0.0051
131072,16,3,23,6.769664,0.0782,0.0029
131072,16,3,24,6.578176,0.0742,0.003
131072,16,3,25,6.614016,0.081,0.0036
131072,16,3,26,6.605824,0.0732,0.0032
131072,16,3,27,6.58944,0.0908,0.0055
131072,16,3,28,6.769664,0.084,0.0034
131072,16,3,29,8.29952,0.0862,0.0037
