count,scenario,index,run,gpu_p50_ms,gpu_p95_ms,cpu_submit_p50_ms,cpu_submit_p95_ms,index_extra_required_bytes,penetrating_pairs,all_pair_overlap_max,terrain_penetration_max,fallbacks,moving,quality_pass
10000,aligned_still,linked,1,1.005568,1.043456,0.0029,0.0075,0,0,0.0,0.0,0,0,1
10000,aligned_still,exact_ranges,1,1.127424,1.159168,0.0056,0.0096,343172,0,0.0,0.0,0,0,1
10000,aligned_still,exact_ranges,2,1.125376,1.155072,0.0055,0.0095,343172,0,0.0,0.0,0,0,1
10000,aligned_still,linked,2,1.005568,1.030144,0.0034,0.0056,0,0,0.0,0.0,0,0,1
10000,aligned_still,linked,3,1.006592,1.041408,0.0039,0.0068,0,0,0.0,0.0,0,0,1
10000,aligned_still,exact_ranges,3,1.130496,1.181696,0.0054,0.0077,343172,0,0.0,0.0,0,0,1
10000,staggered_still,linked,1,1.011712,1.052672,0.0033,0.0081,0,0,0.0,0.0,0,0,1
10000,staggered_still,exact_ranges,1,1.125376,1.171456,0.0054,0.0075,343172,0,0.0,0.0,0,0,1
10000,staggered_still,exact_ranges,2,1.1264,1.156096,0.0055,0.0077,343172,0,0.0,0.0,0,0,1
10000,staggered_still,linked,2,1.009664,1.072128,0.0017,0.0056,0,0,0.0,0.0,0,0,1
10000,staggered_still,linked,3,1.007616,1.041408,0.0028,0.0083,0,0,0.0,0.0,0,0,1
10000,staggered_still,exact_ranges,3,1.124352,1.158144,0.0055,0.0101,343172,0,0.0,0.0,0,0,1
10000,staggered_driven,linked,1,1.094656,1.135616,0.0032,0.0058,0,0,0.0,0.0,0,9952,1
10000,staggered_driven,exact_ranges,1,1.215488,1.404928,0.0056,0.0092,343172,0,0.0,0.0,0,9952,1
10000,staggered_driven,exact_ranges,2,1.214464,1.391616,0.0053,0.0077,343172,0,0.0,0.0,0,9952,1
10000,staggered_driven,linked,2,1.094656,1.139712,0.0033,0.0057,0,0,0.0,0.0,0,9952,1
10000,staggered_driven,linked,3,1.093632,1.267712,0.0038,0.0065,0,0,0.0,0.0,0,9952,1
10000,staggered_driven,exact_ranges,3,1.212416,1.24416,0.0054,0.0076,343172,0,0.0,0.0,0,9952,1
65536,aligned_still,linked,1,3.135488,3.331072,0.0037,0.0054,0,0,0.0,0.0,0,0,1
65536,aligned_still,exact_ranges,1,3.879936,4.072448,0.0056,0.0075,1576996,0,0.0,0.0,0,0,1
65536,aligned_still,exact_ranges,2,3.883008,4.06528,0.0055,0.008,1576996,0,0.0,0.0,0,0,1
65536,aligned_still,linked,2,3.142656,3.378176,0.0035,0.0085,0,0,0.0,0.0,0,0,1
65536,aligned_still,linked,3,3.135488,3.360768,0.0035,0.0055,0,0,0.0,0.0,0,0,1
65536,aligned_still,exact_ranges,3,3.88608,4.077568,0.0056,0.008,1576996,0,0.0,0.0,0,0,1
65536,staggered_still,linked,1,3.127296,3.3792,0.0044,0.0082,0,0,0.0,0.0,0,0,1
65536,staggered_still,exact_ranges,1,3.954688,4.120576,0.0056,0.0105,1576996,0,0.0,0.0,0,0,1
65536,staggered_still,exact_ranges,2,3.93728,4.122624,0.0054,0.0075,1576996,0,0.0,0.0,0,0,1
65536,staggered_still,linked,2,3.12832,3.3792,0.0036,0.006,0,0,0.0,0.0,0,0,1
65536,staggered_still,linked,3,3.131392,3.38432,0.0038,0.0085,0,0,0.0,0.0,0,0,1
65536,staggered_still,exact_ranges,3,3.93728,4.18816,0.0059,0.0079,1576996,0,0.0,0.0,0,0,1
65536,staggered_driven,linked,1,3.216384,3.468288,0.0039,0.0058,0,0,0.0,0.0,0,65488,1
65536,staggered_driven,exact_ranges,1,4.01408,4.314112,0.0058,0.0117,1576996,0,0.0,0.0,0,65488,1
65536,staggered_driven,exact_ranges,2,4.041728,4.238336,0.0058,0.0092,1576996,0,0.0,0.0,0,65488,1
65536,staggered_driven,linked,2,3.217408,3.44064,0.0038,0.0062,0,0,0.0,0.0,0,65488,1
65536,staggered_driven,linked,3,3.24608,3.509248,0.0039,0.0083,0,0,0.0,0.0,0,65488,1
65536,staggered_driven,exact_ranges,3,4.041728,4.240384,0.0058,0.0081,1576996,0,0.0,0.0,0,65488,1
131072,aligned_still,linked,1,5.465088,5.726208,0.0036,0.0077,0,0,0.0,0.0,0,0,1
131072,aligned_still,exact_ranges,1,7.922688,8.061952,0.0055,0.008,3153988,0,0.0,0.0,0,0,1
131072,aligned_still,exact_ranges,2,7.888896,8.18688,0.0055,0.0081,3153988,0,0.0,0.0,0,0,1
131072,aligned_still,linked,2,5.48864,5.762048,0.0035,0.0063,0,0,0.0,0.0,0,0,1
131072,aligned_still,linked,3,5.56032,5.788672,0.0035,0.0059,0,0,0.0,0.0,0,0,1
131072,aligned_still,exact_ranges,3,7.831552,8.008704,0.0056,0.0098,3153988,0,0.0,0.0,0,0,1
131072,staggered_still,linked,1,5.622784,5.889024,0.0036,0.0059,0,0,0.0,0.0,0,0,1
131072,staggered_still,exact_ranges,1,7.967744,8.141824,0.0054,0.0081,3153988,0,0.0,0.0,0,0,1
131072,staggered_still,exact_ranges,2,7.94112,8.165376,0.0056,0.0082,3153988,0,0.0,0.0,0,0,1
131072,staggered_still,linked,2,5.625856,5.895168,0.0036,0.006,0,0,0.0,0.0,0,0,1
131072,staggered_still,linked,3,5.614592,5.897216,0.0036,0.0075,0,0,0.0,0.0,0,0,1
131072,staggered_still,exact_ranges,3,7.903232,8.111104,0.0056,0.0081,3153988,0,0.0,0.0,0,0,1
131072,staggered_driven,linked,1,5.786624,5.997568,0.0039,0.0107,0,0,0.0,0.0,0,131024,1
131072,staggered_driven,exact_ranges,1,8.061952,8.237056,0.0059,0.0084,3153988,0,0.0,0.0,0,131024,1
131072,staggered_driven,exact_ranges,2,8.05376,8.199168,0.0057,0.0084,3153988,0,0.0,0.0,0,131024,1
131072,staggered_driven,linked,2,5.77024,6.030336,0.0038,0.0068,0,0,0.0,0.0,0,131024,1
131072,staggered_driven,linked,3,5.699584,5.981184,0.0039,0.0065,0,0,0.0,0.0,0,131024,1
131072,staggered_driven,exact_ranges,3,8.071168,8.30976,0.0058,0.0077,3153988,0,0.0,0.0,0,131024,1
