packages,changed,repeat,samples,accept_p50_ms,accept_p95_ms,downstream_p50_ms,downstream_p95_ms,total_p95_ms,allocated_bytes_per_wave,wire_bytes_per_wave,batches_per_wave,initial_bytes,initial_cpu_ms
10000,0,1,256,0.0,1.0E-4,0.0,1.0E-4,1.0E-4,0.0,0.0,0.0,842144,94.0738
10000,0,2,256,0.0,1.0E-4,0.0,1.0E-4,1.0E-4,0.0,0.0,0.0,842144,23.4037
10000,0,3,256,0.0,1.0E-4,0.0,1.0E-4,1.0E-4,0.0,0.0,0.0,842144,10.0077
10000,100,1,256,0.0108,0.0138,0.0192,0.0225,0.0343,72798.5625,1133.0,1.0,842144,10.4212
10000,100,2,256,0.0103,0.0147,0.0169,0.022,0.0335,72798.5625,1134.0,1.0,842144,6.5548
10000,100,3,256,0.0101,0.012,0.0171,0.0193,0.031100000000000003,72798.5625,1133.52734375,1.0,842144,5.1272
10000,10000,1,32,1.1908,1.3117,1.7839,2.0387,3.2568,7169715.75,112429.0,79.0,842144,6.0723
10000,10000,2,32,1.1875,1.621,1.698,2.3073,3.6994,7169715.75,112429.0,79.0,842144,5.8089
10000,10000,3,32,1.1864,1.4721,1.7138,2.0138,3.2085999999999997,7169715.75,112429.0,79.0,842144,5.0164
65536,0,1,256,0.0,1.0E-4,0.0,1.0E-4,1.0E-4,0.0,0.0,0.0,5668866,37.6738
65536,0,2,256,0.0,1.0E-4,0.0,1.0E-4,1.0E-4,0.0,0.0,0.0,5668866,37.049
65536,0,3,256,2.0E-4,3.0E-4,2.0E-4,3.0E-4,6.0E-4,0.0,0.0,0.0,5668866,51.9151
65536,655,1,256,0.1336,0.1633,0.1498,0.172,0.33440000000000003,471772.5,7391.0,6.0,5668866,82.5235
65536,655,2,256,0.3732,2.1269,0.3537,2.3065,4.4147,471746.25,7391.0,6.0,5668866,38.2656
65536,655,3,256,0.1501,0.2223,0.1558,0.2321,0.4586,471765.9375,7391.0,6.0,5668866,118.3427
65536,65536,1,32,11.0061,32.1093,23.3853,54.0072,74.5307,4.70809855E7,736096.0,512.0,5668866,38.7423
65536,65536,2,32,9.2398,16.4242,17.2206,27.6695,38.9003,4.7081038E7,736144.0,512.0,5668866,92.1679
65536,65536,3,32,9.7126,18.8584,17.4274,22.6221,39.8401,4.708164175E7,736176.0,512.0,5668866,42.7188
131072,0,1,256,0.0,1.0E-4,0.0,1.0E-4,1.0E-4,0.0,0.0,0.0,11387394,78.2667
131072,0,2,256,0.0,1.0E-4,0.0,1.0E-4,1.0E-4,0.0,0.0,0.0,11387394,234.5463
131072,0,3,256,0.0,1.0E-4,0.0,1.0E-4,1.0E-4,0.0,0.0,0.0,11387394,97.5648
131072,1310,1,256,0.3607,0.4082,0.2796,0.3601,0.7237,942363.46875,14750.0,11.0,11387394,123.8923
131072,1310,2,256,0.3614,0.4038,0.2819,0.2973,0.6877,942389.71875,14750.0,11.0,11387394,76.0787
131072,1310,3,256,0.36,0.3867,0.2836,0.3178,0.6995,942399.5625,14750.0,11.0,11387394,78.2726
131072,131072,1,32,17.8985,28.2079,38.2125,52.2423,73.367,9.418090175E7,1472772.0,1024.0,11387394,74.0721
131072,131072,2,32,17.8213,21.4948,37.7172,53.9489,71.5744,9.418027175E7,1472772.0,1024.0,11387394,71.5289
131072,131072,3,32,18.4859,22.0538,37.679,56.3018,76.5762,9.41816105E7,1472804.0,1024.0,11387394,79.4448
