backend,solver,count,scenario,hz,iterations,run,step_wall_p50_ms,step_wall_p95_ms,submit_cpu_p50_ms,submit_cpu_p95_ms,drive_wall_p50_ms,drive_wall_p95_ms,fetch_p50_ms,fetch_p95_ms,validation_readback_ms,gpu_heap_bytes,contacts,patches,overlap_max,ground_max,penetrating_pairs,moving,nonfinite,angular_error,quality_pass
physx_gpu,tgs,10000,staggered_driven,20,4,1,3.6972,3.9371,0.0028,0.0202,0.0768,0.0882,3.6137,3.8469,0.7124,402653184,207001,66232,0.273929,0.440579,16813,10000,0,0,0
physx_gpu,tgs,10000,staggered_driven,20,4,2,3.5119,3.6894,0.0027,0.0198,0.075,0.0875,3.4349,3.6108,0.6486,402653184,207001,66232,0.273929,0.440579,16813,10000,0,0,0
physx_gpu,tgs,10000,staggered_driven,20,4,3,3.5454,3.6519,0.0028,0.0202,0.0753,0.0855,3.4609,3.5693,0.726,402653184,207001,66232,0.273929,0.440579,16813,10000,0,0,0
physx_gpu,tgs,10000,staggered_driven,30,4,1,3.542,3.6607,0.0029,0.0204,0.0743,0.0849,3.462,3.5698,0.6537,402653184,207001,66232,0.070106,0.183414,14068,10000,0,0,0
physx_gpu,tgs,10000,staggered_driven,30,4,2,3.53,3.6638,0.0028,0.0201,0.0749,0.0936,3.4462,3.5779,0.6896,402653184,207001,66232,0.070106,0.183414,14068,10000,0,0,0
physx_gpu,tgs,10000,staggered_driven,30,4,3,3.5249,3.6558,0.0028,0.0201,0.0752,0.085,3.4423,3.5591,0.7118,402653184,207001,66232,0.070106,0.183414,14068,10000,0,0,0
physx_gpu,tgs,10000,staggered_driven,60,4,1,3.4549,3.5513,0.003,0.0204,0.0754,0.0889,3.3713,3.4731,0.6172,402653184,207002,66232,0.00412059,0.000196934,8430,10000,0,0,0
physx_gpu,tgs,10000,staggered_driven,60,4,2,3.453,3.5415,0.0029,0.0203,0.0759,0.0849,3.3684,3.4603,0.6842,402653184,207002,66232,0.00412059,0.000196934,8430,10000,0,0,0
physx_gpu,tgs,10000,staggered_driven,60,4,3,3.4668,3.5275,0.0031,0.0207,0.076,0.0883,3.3827,3.435,0.6773,402653184,207002,66232,0.00412059,0.000196934,8430,10000,0,0,0
physx_gpu,tgs,131072,staggered_driven,20,4,1,119.266,126.332,0.0051,0.0073,0.1574,0.1784,119.105,126.17,5.8501,5852436640,5180971,1303282,0.997562,0.677268,777244,131072,0,0,0
physx_gpu,tgs,131072,staggered_driven,20,4,2,121.534,135.501,0.0057,0.0299,0.1632,0.2236,121.375,135.327,6.1069,5852436640,5180971,1303282,0.997562,0.677268,777244,131072,0,0,0
physx_gpu,tgs,131072,staggered_driven,20,4,3,123.014,131.331,0.0051,0.0097,0.1576,0.2086,122.864,131.131,5.8974,5852436640,5180971,1303282,0.997562,0.677268,777244,131072,0,0,0
physx_gpu,tgs,131072,staggered_driven,30,4,1,92.9128,101.297,0.0052,0.0103,0.1607,0.2168,92.7438,101.069,5.4872,3580076544,3302588,1016159,0.995521,0.520329,511524,131072,0,0,0
physx_gpu,tgs,131072,staggered_driven,30,4,2,92.0474,102.481,0.0054,0.0093,0.1624,0.2016,91.8861,102.312,5.7876,3580076544,3302588,1016159,0.995521,0.520329,511524,131072,0,0,0
physx_gpu,tgs,131072,staggered_driven,30,4,3,91.9064,102.535,0.0052,0.0103,0.1599,0.2047,91.7477,102.377,5.5742,3580076544,3302588,1016159,0.995521,0.520329,511524,131072,0,0,0
physx_gpu,tgs,131072,staggered_driven,60,4,1,51.5861,55.5919,0.006,0.0299,0.1645,0.2215,51.4162,55.4304,5.9452,3580076544,3302589,1016159,0.449005,0.139611,353727,131072,0,0,0
physx_gpu,tgs,131072,staggered_driven,60,4,2,50.8742,55.9257,0.0051,0.0097,0.157,0.2037,50.7197,55.7638,5.7381,3580076544,3302589,1016159,0.449005,0.139611,353727,131072,0,0,0
physx_gpu,tgs,131072,staggered_driven,60,4,3,50.8871,54.7506,0.005,0.0102,0.1578,0.2131,50.7264,54.5884,5.5754,3580076544,3302589,1016159,0.449005,0.139611,353727,131072,0,0,0
physx_gpu,tgs,65536,staggered_driven,20,4,1,35.5585,37.333,0.0051,0.029,0.1047,0.1412,35.4537,37.228,2.8861,2141683712,1627228,502063,0.996864,0.721464,230632,65536,0,0,0
physx_gpu,tgs,65536,staggered_driven,20,4,2,34.5058,37.4957,0.0046,0.0055,0.1027,0.1254,34.3989,37.3682,2.9549,2141683712,1627228,502063,0.996864,0.721464,230632,65536,0,0,0
physx_gpu,tgs,65536,staggered_driven,20,4,3,34.4227,37.29,0.0047,0.0056,0.1016,0.1124,34.3132,37.1787,2.9145,2141683712,1627228,502063,0.996864,0.721464,230632,65536,0,0,0
physx_gpu,tgs,65536,staggered_driven,30,4,1,27.177,30.616,0.0046,0.0263,0.1053,0.1476,27.0705,30.4482,3.076,2256214016,1627228,502063,0.773928,0.802974,151974,65536,0,0,0
physx_gpu,tgs,65536,staggered_driven,30,4,2,27.1671,29.1048,0.0046,0.0051,0.1037,0.1185,27.0627,28.9913,2.8103,2256214016,1627228,502063,0.773928,0.802974,151974,65536,0,0,0
physx_gpu,tgs,65536,staggered_driven,30,4,3,27.2614,28.7478,0.0046,0.0051,0.1025,0.1171,27.1525,28.638,2.915,2256214016,1627228,502063,0.773928,0.802974,151974,65536,0,0,0
physx_gpu,tgs,65536,staggered_driven,60,4,1,22.4122,23.0348,0.004,0.0046,0.0994,0.1185,22.3133,22.9306,2.7857,2256214016,1627229,502063,0.135665,0.00196886,156809,65536,0,0,0
physx_gpu,tgs,65536,staggered_driven,60,4,2,22.4793,22.8759,0.0038,0.0049,0.0986,0.1198,22.3595,22.7428,2.7896,2256214016,1627229,502063,0.135665,0.00196886,156809,65536,0,0,0
physx_gpu,tgs,65536,staggered_driven,60,4,3,22.3756,23.053,0.004,0.0048,0.0984,0.1232,22.2786,22.9476,2.7543,2256214016,1627229,502063,0.135665,0.00196886,156809,65536,0,0,0
physx_gpu,tgs,10000,staggered_driven,60,16,1,5.5066,6.349,0.0031,0.0253,0.076,0.0885,5.4251,6.2409,0.6785,402653184,207066,66232,0.000317812,2.00272e-05,729,10000,0,0,1
physx_gpu,tgs,10000,staggered_driven,60,16,2,5.5299,5.964,0.0031,0.0209,0.0761,0.0894,5.4425,5.8852,0.6731,402653184,207066,66232,0.000317812,2.00272e-05,729,10000,0,0,1
physx_gpu,tgs,10000,staggered_driven,60,16,3,5.5256,6.3824,0.003,0.004,0.0782,0.0862,5.4446,6.3099,0.6887,402653184,207066,66232,0.000317812,2.00272e-05,729,10000,0,0,1
physx_gpu,tgs,10000,staggered_driven,60,64,1,14.6767,15.3374,0.0029,0.004,0.0783,0.0962,14.599,15.2287,1.09,402653184,207015,66232,3.3617e-05,3.45707e-06,0,9985,0,0,1
physx_gpu,tgs,10000,staggered_driven,60,64,2,14.5252,15.0654,0.0033,0.0061,0.0796,0.1055,14.445,14.9701,0.7359,402653184,207015,66232,3.3617e-05,3.45707e-06,0,9985,0,0,1
physx_gpu,tgs,10000,staggered_driven,60,64,3,14.4437,15.0534,0.003,0.021,0.0776,0.0956,14.3298,14.9696,0.7027,402653184,207015,66232,3.3617e-05,3.45707e-06,0,9985,0,0,1
physx_gpu,tgs,131072,staggered_driven,60,16,1,99.2913,101.032,0.0049,0.009,0.1551,0.2011,99.1371,100.87,5.4797,5052683008,3302593,1016159,0.0388508,0.000307322,293889,131072,0,0,0
physx_gpu,tgs,131072,staggered_driven,60,16,2,99.5262,101.583,0.0053,0.0123,0.1636,0.2085,99.3173,101.434,5.5784,5052683008,3302593,1016159,0.0388508,0.000307322,293889,131072,0,0,0
physx_gpu,tgs,131072,staggered_driven,60,16,3,99.3774,101.157,0.0051,0.0098,0.1559,0.2158,99.2254,101.003,5.4387,5052683008,3302593,1016159,0.0388508,0.000307322,293889,131072,0,0,0
physx_gpu,tgs,131072,staggered_driven,60,64,1,314.535,318.11,0.0054,0.01,0.1643,0.2088,314.332,317.947,5.7246,3580076544,3302590,1016159,0.0784702,3.03984e-05,109354,131072,0,0,0
physx_gpu,tgs,131072,staggered_driven,60,64,2,314.616,318.674,0.0056,0.0309,0.1667,0.209,314.424,318.464,5.4328,3580076544,3302590,1016159,0.0784702,3.03984e-05,109354,131072,0,0,0
physx_gpu,tgs,131072,staggered_driven,60,64,3,314.527,318.569,0.0053,0.0102,0.1599,0.2215,314.36,318.405,5.5899,3580076544,3302590,1016159,0.0784702,3.03984e-05,109354,131072,0,0,0
physx_cpu,tgs,10000,staggered_driven,20,4,1,12.7651,13.8687,0.0055,0.0062,0.9193,1.062,11.8256,12.8813,2.6387,0,0,0,0.027878,0.00177872,14838,10000,0,0,0
physx_cpu,tgs,10000,staggered_driven,20,4,2,14.1765,15.1846,0.0066,0.0073,1.1023,1.2394,13.0669,13.9725,3.0554,0,0,0,0.027878,0.00177872,14838,10000,0,0,0
physx_cpu,tgs,10000,staggered_driven,20,4,3,12.698,13.1875,0.0055,0.006,0.9248,1.0105,11.7798,12.2576,2.7204,0,0,0,0.027878,0.00177872,14838,10000,0,0,0
physx_cpu,tgs,131072,staggered_driven,20,4,1,292.935,309.225,0.0089,0.011,9.5944,10.0822,282.981,298.997,40.7619,0,0,0,0.990608,167.035,374476,131072,0,0,0
physx_cpu,tgs,131072,staggered_driven,20,4,2,294.823,309.341,0.0085,0.0111,9.6219,10.5245,285.242,299.448,39.9907,0,0,0,0.990608,167.035,374476,131072,0,0,0
physx_cpu,tgs,131072,staggered_driven,20,4,3,293.204,307.312,0.0083,0.0114,9.6623,10.7391,283.453,297.89,39.5579,0,0,0,0.990608,167.035,374476,131072,0,0,0
physx_cpu,tgs,65536,staggered_driven,20,4,1,124.558,135.513,0.007,0.0102,4.9837,5.6014,119.525,130.186,19.865,0,0,0,0.744483,0.871185,190057,65536,0,0,0
physx_cpu,tgs,65536,staggered_driven,20,4,2,123.734,132.083,0.0067,0.0101,5.0262,5.8869,118.709,126.592,21.2358,0,0,0,0.744483,0.871185,190057,65536,0,0,0
physx_cpu,tgs,65536,staggered_driven,20,4,3,123.927,129.099,0.0073,0.0097,5.0273,5.6322,118.986,124.093,22.014,0,0,0,0.744483,0.871185,190057,65536,0,0,0
